Company Name,First Name,Last Name,Mailing Address,Mailing City,Mailing State,Mailing Zip,Address Status,Buyer Type,Purchases (Lookback),Foreclosure Auction Buys,Properties Sold (Lookback),Last Purchase Date,Cities Bought In,Recent Purchases,Tags,Source
ZCA HOMES LLC,,,1990 N CALIFORNIA BLVD 46,WALNUT CREEK,CA,94596,Verified,Investor,16,0,17,2026-08-21,CASTRO VALLEY; FREMONT; NEWARK; OAKLAND,Doc 2026107948 | Doc 2026107243 | Doc 2026105741,Alameda cash buyer list; Repeat buyer; Flipper (resold a property),Alameda County Clerk-Recorder deeds + Assessor parcel roll
TH EAST RANCH DUBLIN LLC,,,3001 BISHOP DR 100,SAN RAMON,CA,94583,Verified,Investor,15,0,145,2026-07-31,DUBLIN,"Doc 2026099005 | 1639 SAVANNA LN, DUBLIN | Doc 2026011628",Alameda cash buyer list; Repeat buyer; Flipper (resold a property),Alameda County Clerk-Recorder deeds + Assessor parcel roll
LS ALAMEDA MARINA LLC,,,3130 CROW CANYON PL 325,SAN RAMON,CA,94583,Verified,Investor,13,0,32,2026-08-10,ALAMEDA,Doc 2026102645 | Doc 2026088893 | Doc 2026074538,Alameda cash buyer list; Repeat buyer; Flipper (resold a property),Alameda County Clerk-Recorder deeds + Assessor parcel roll
SAT CAPITAL GROUP LLC,,,621 CAMBRIAN DR,CAMPBELL,CA,95008,Verified,Investor,11,0,11,2026-09-24,FREMONT; PLEASANTON,Doc 2026121128 | Doc 2026118269 | Doc 2026088521,Alameda cash buyer list; Repeat buyer; Flipper (resold a property),Alameda County Clerk-Recorder deeds + Assessor parcel roll
POINT GREEN HOME SOLUTIONS LLC,,,164 ROBLES WAY 287,VALLEJO,CA,94591,Verified,Investor,11,0,8,2026-09-08,BERKELEY; OAKLAND; UNION CITY,"Doc 2026114388 | Doc 2026113604 | 2517 79TH AVE, OAKLAND",Alameda cash buyer list; Repeat buyer; Flipper (resold a property),Alameda County Clerk-Recorder deeds + Assessor parcel roll
REVIVE NORCAL LLC,,,,,,,Not on county roll (resold),Investor,11,0,11,2026-09-09,DUBLIN,Doc 2026115032 | Doc 2026108006 | Doc 2026091304,Alameda cash buyer list; Repeat buyer; Flipper (resold a property),Alameda County Clerk-Recorder deeds + Assessor parcel roll
BALBOA LLC,,,,,,,Pending county update,Investor,11,1,0,2026-07-14,,Doc 2026091026 | Doc 2026086656 | Doc 2026086657,Alameda cash buyer list; Repeat buyer; Foreclosure auction buyer,Alameda County Clerk-Recorder deeds + Assessor parcel roll
FASTNET ROCK LLC,,,17760 SWEETBRIAR PL,CASTRO VALLEY,CA,94546,Verified,Investor,10,0,0,2026-09-17,CASTRO VALLEY; SAN LEANDRO; SAN LORENZO,"REDWOOD RD, CASTRO VALLEY | Doc 2026091778 | 4748 PROCTOR RD, CASTRO VALLEY",Alameda cash buyer list; Repeat buyer,Alameda County Clerk-Recorder deeds + Assessor parcel roll
STONECREST ACQUISITIONS LLC,,,4675 STEVEN CREEK BLVD 235,SANTA CLARA,CA,95051,Verified,Investor,10,0,5,2026-08-21,UNION CITY,Doc 2026108057 | Doc 2026090967 | Doc 2026090968,Alameda cash buyer list; Repeat buyer; Flipper (resold a property),Alameda County Clerk-Recorder deeds + Assessor parcel roll
SYCAMORE PROPERTY GROUP LLC,,,3060 GRIFFON ST E,DANVILLE,CA,94506,Verified,Investor,9,0,2,2026-09-09,OAKLAND,Doc 2026115038 | Doc 2026105541 | Doc 2026089775,Alameda cash buyer list; Repeat buyer; Flipper (resold a property),Alameda County Clerk-Recorder deeds + Assessor parcel roll
COKO LLC,,,,,,,Pending county update,Investor,9,0,10,2026-09-02,,Doc 2026112787 | Doc 2026105846 | Doc 2026084301,Alameda cash buyer list; Repeat buyer; Flipper (resold a property),Alameda County Clerk-Recorder deeds + Assessor parcel roll
ANSON CAUSEWAY BAY FINANCIAL LLC,,,662 DOUGLAS DR,SAN LEANDRO,CA,94577,Verified,Investor,8,0,7,2026-09-17,ASHLAND; PLEASANTON; SAN LORENZO,Doc 2026118270 | Doc 2026088522 | Doc 2026082137,Alameda cash buyer list; Repeat buyer; Flipper (resold a property),Alameda County Clerk-Recorder deeds + Assessor parcel roll
BAY AREA EXECUTIVE RE & DEVELOPMENT GROUP INC,,,450 ROSE AVE,PLEASANTON,CA,94566,Verified,Investor,8,0,7,2026-09-17,FREMONT; PLEASANTON; SAN LEANDRO; UNION CITY,Doc 2026118614 | Doc 2026101858 | Doc 2026071934,Alameda cash buyer list; Repeat buyer; Flipper (resold a property),Alameda County Clerk-Recorder deeds + Assessor parcel roll
EVERBLOOM INVESTMENTS LLC,,,274 REDWOOD SHORES PKWY 616,REDWOOD CITY,CA,94065,Verified,Investor,8,0,5,2026-09-14,HAYWARD; OAKLAND,"Doc 2026116552 | Doc 2026077297 | 508 CLARA ST, OAKLAND",Alameda cash buyer list; Repeat buyer; Flipper (resold a property),Alameda County Clerk-Recorder deeds + Assessor parcel roll
SUNDAY ESTATE LLC,,,4737 HILLSIDE DR,CASTRO VALLEY,CA,94546,Verified,Investor,7,0,7,2026-09-28,BERKELEY; CASTRO VALLEY,Doc 2026122330 | Doc 2026104950 | Doc 2026085449,Alameda cash buyer list; Repeat buyer; Flipper (resold a property),Alameda County Clerk-Recorder deeds + Assessor parcel roll
ATFARES LLC,,,484 LAKE PARK 457,FREMONT,CA,94610,Verified,Investor,7,0,5,2026-09-17,OAKLAND,Doc 2026118235 | Doc 2026104951 | Doc 2026090042,Alameda cash buyer list; Repeat buyer; Flipper (resold a property),Alameda County Clerk-Recorder deeds + Assessor parcel roll
IZAANYA LLC,,,2426 KOBIO ST,LIVERMORE,CA,94550,Verified,Investor,7,0,4,2026-09-04,OAKLAND,"6627 COLTON BLVD, OAKLAND | Doc 2026098109 | Doc 2026074030",Alameda cash buyer list; Repeat buyer; Flipper (resold a property),Alameda County Clerk-Recorder deeds + Assessor parcel roll
LANDSEA HOMES CALIFORNIA LLC,,,3130 CROW CANYON PL 325,SAN RAMON,CA,94583,Verified,Investor,7,0,10,2026-09-02,DUBLIN,Doc 2026112585 | Doc 2026112593 | Doc 2026100448,Alameda cash buyer list; Repeat buyer; Flipper (resold a property),Alameda County Clerk-Recorder deeds + Assessor parcel roll
SWIDAL LLC,,,37010 DUSTERBERRY WAY 143,FREMONT,CA,94536,Verified,Investor,6,0,2,2026-09-16,HAYWARD; UNION CITY,Doc 2026117766 | Doc 2026112192 | Doc 2026093350,Alameda cash buyer list; Repeat buyer; Flipper (resold a property),Alameda County Clerk-Recorder deeds + Assessor parcel roll
THREEZ INVESTMENTS INC,,,2382 CASTILLEJO WAY,FREMONT,CA,94539,Verified,Investor,6,0,4,2026-09-16,FREMONT; NEWARK; OAKLAND,"Doc 2026118069 | Doc 2026072733 | 8093 DEL MONTE AVE, NEWARK",Alameda cash buyer list; Repeat buyer; Flipper (resold a property),Alameda County Clerk-Recorder deeds + Assessor parcel roll
FOREVERHOME PROPERTIES LLC,,,2150 PORTOLA AVE D 11,LIVERMORE,CA,94551,Verified,Investor,6,0,5,2026-08-27,DUBLIN; LIVERMORE,Doc 2026110183 | Doc 2026107018 | Doc 2026080019,Alameda cash buyer list; Repeat buyer; Flipper (resold a property),Alameda County Clerk-Recorder deeds + Assessor parcel roll
ARCH ST LLC,,,35828 ASHTON PL,FREMONT,CA,94536,Verified,Investor,6,0,4,2026-08-25,ALAMEDA; FREMONT; OAKLAND; PLEASANTON,"Doc 2026109099 | Doc 2026097384 | 141 RISHELL DR, OAKLAND",Alameda cash buyer list; Repeat buyer; Flipper (resold a property),Alameda County Clerk-Recorder deeds + Assessor parcel roll
ON POINT INVESTMENTS LLC,,,781 W TENNYSON RD,HAYWARD,CA,94544,Verified,Investor,6,0,7,2026-05-29,HAYWARD; OAKLAND,"Doc 2026071069 | 26095 UNDERWOOD AVE, HAYWARD | Doc 2026011538",Alameda cash buyer list; Repeat buyer; Flipper (resold a property),Alameda County Clerk-Recorder deeds + Assessor parcel roll
1450 WARD STREET LLC,,,,,,,Pending county update,Investor,6,0,0,2026-09-14,BERKELEY,"Doc 2026116543 | 1450 WARD ST, BERKELEY | Doc 2026116597",Alameda cash buyer list; Repeat buyer,Alameda County Clerk-Recorder deeds + Assessor parcel roll
VISIONARY DEVELOPMENT LLC,,,,,,,Pending county update,Investor,6,0,6,2026-09-08,,Doc 2026114673 | Doc 2026080321 | Doc 2026074621,Alameda cash buyer list; Repeat buyer; Flipper (resold a property),Alameda County Clerk-Recorder deeds + Assessor parcel roll
MAYA HOLDINGS LLC,,,2606 SANDERLING WAY,PLEASANTON,CA,94566,Verified,Investor,5,0,3,2026-09-21,CASTRO VALLEY; LIVERMORE,"856 ADAMS AVE, LIVERMORE | Doc 2026081473 | Doc 2026081082",Alameda cash buyer list; Repeat buyer; Flipper (resold a property),Alameda County Clerk-Recorder deeds + Assessor parcel roll
MR & JC INVESTMENTS LLC,,,32145 ALVARADO NILES RD 207,UNION CITY,CA,94587,Verified,Investor,5,0,5,2026-09-14,ALAMEDA; NEWARK; UNION CITY,"Doc 2026116696 | 32419 WOODLAND DR, UNION CITY | 22 GARDEN RD, ALAMEDA",Alameda cash buyer list; Repeat buyer; Flipper (resold a property),Alameda County Clerk-Recorder deeds + Assessor parcel roll
AV HOMES LLC,,,849 E STANLEY BLVD 273,LIVERMORE,CA,94550,Verified,Investor,5,0,5,2026-09-03,LIVERMORE; PLEASANTON,"3559 GLACIER CT S, PLEASANTON | Doc 2026091873 | 1926 NEPTUNE RD, LIVERMORE",Alameda cash buyer list; Repeat buyer; Flipper (resold a property),Alameda County Clerk-Recorder deeds + Assessor parcel roll
GORDON INTERNATIONAL TOUR & TRAVEL LLC,,,29248 ALBATROSS RD,HAYWARD,CA,94545,Verified,Investor,5,0,4,2026-09-02,CASTRO VALLEY; SAN LORENZO,"Doc 2026113004 | Doc 2026083137 | 2843 JENNIFER DR, CASTRO VALLEY",Alameda cash buyer list; Repeat buyer; Flipper (resold a property),Alameda County Clerk-Recorder deeds + Assessor parcel roll
HUMAN INVESTMENT FUND LLC,,,P O BOX 216,NEVADA CITY,CA,95959,Verified,Investor,5,0,1,2026-07-01,OAKLAND,Doc 2026085775 | Doc 2026085942 | Doc 2026081385,Alameda cash buyer list; Repeat buyer; Flipper (resold a property),Alameda County Clerk-Recorder deeds + Assessor parcel roll
VALUES INC,,,4844 TELEGRAPH AVE,OAKLAND,CA,94609,Verified,Investor,5,0,0,2026-04-03,BERKELEY,"1898 ALCATRAZ AVE, BERKELEY | 2415 CARLETON ST, BERKELEY | Doc 2026044139",Alameda cash buyer list; Repeat buyer,Alameda County Clerk-Recorder deeds + Assessor parcel roll
WH1 LLC,,,2015 MANHATTAN BEACH BLVD 100,REDONDO BEACH,CA,90278,Verified,Investor,5,0,6,2026-03-10,FREMONT; HAYWARD,"Doc 2026032442 | Doc 2026031033 | 3531 LA MESA DR, HAYWARD",Alameda cash buyer list; Repeat buyer; Flipper (resold a property),Alameda County Clerk-Recorder deeds + Assessor parcel roll
JL CAPITAL LLC,,,2740 SAND HILL RD 100,MENLO PARK,CA,94025,Verified,Investor,5,0,0,2026-02-27,OAKLAND,"1430 8TH AVE, OAKLAND | 1430 8TH AVE, OAKLAND | 1430 8TH AVE, OAKLAND",Alameda cash buyer list; Repeat buyer,Alameda County Clerk-Recorder deeds + Assessor parcel roll
VHO RESIDENTIAL LLC,,,,,,,Pending county update,Investor,5,0,6,2026-06-25,OAKLAND,Doc 2026083136 | Doc 2026069911 | Doc 2026055978,Alameda cash buyer list; Repeat buyer; Flipper (resold a property),Alameda County Clerk-Recorder deeds + Assessor parcel roll
CORNERSTONE BRIDGEPOINT LLC,,,151 CALLAN AVE 200,SAN LEANDRO,CA,94577,Verified,Investor,4,0,3,2026-09-24,NEWARK; PLEASANTON; SAN LEANDRO,"6125 BRITTANY AVE, NEWARK | 140 CASTRO ST, SAN LEANDRO | 5740 BELLEZA DR, PLEASANTON",Alameda cash buyer list; Repeat buyer; Flipper (resold a property),Alameda County Clerk-Recorder deeds + Assessor parcel roll
MNS CAPITAL GROWTH LLC,,,39370 CIVIC CENTER DR C,FREMONT,WI,94538,Verified,Investor,4,0,4,2026-09-04,HAYWARD; OAKLAND; SAN LEANDRO,"6627 COLTON BLVD, OAKLAND | 644 CHEVY CHASE WAY, HAYWARD | 2356 MARINEVIEW DR, SAN LEANDRO",Alameda cash buyer list; Repeat buyer; Flipper (resold a property),Alameda County Clerk-Recorder deeds + Assessor parcel roll
SPS PROPERTIES LLC,,,41857 CHADBOURNE DR,FREMONT,CA,94539,Verified,Investor,4,0,3,2026-08-11,CASTRO VALLEY; OAKLAND; UNION CITY,"Doc 2026103322 | 152 AURORA PLZ, UNION CITY | 2185 TRAFALGAR PL, OAKLAND",Alameda cash buyer list; Repeat buyer; Flipper (resold a property),Alameda County Clerk-Recorder deeds + Assessor parcel roll
KISMET REAL ESTATE LLC,,,39370 CIVIC CENTER DR,FREMONT,CA,94538,Verified,Investor,4,0,3,2026-08-04,FREMONT; LIVERMORE; UNION CITY,"Doc 2026100714 | 4161 SUNFLOWER CT, UNION CITY | 38343 CANYON HEIGHTS DR, FREMONT",Alameda cash buyer list; Repeat buyer; Flipper (resold a property),Alameda County Clerk-Recorder deeds + Assessor parcel roll
OPF VAF 26 LP,,,1103 SEMINARY AVE,OAKLAND,CA,94621,Verified,Investor,4,0,0,2026-07-16,OAKLAND,Doc 2026092275 | Doc 2026092581 | Doc 2026074747,Alameda cash buyer list; Repeat buyer,Alameda County Clerk-Recorder deeds + Assessor parcel roll
ANABI REAL ESTATE DEVELOPMENT LLC,,,1450 N BENSON AVE A,UPLAND,CA,91786,Verified,Investor,4,0,0,2026-05-11,DUBLIN; PLEASANTON,"3192 SANTA RITA RD, PLEASANTON | 6400 DUBLIN BLVD, DUBLIN | 5251 HOPYARD RD, PLEASANTON",Alameda cash buyer list; Repeat buyer,Alameda County Clerk-Recorder deeds + Assessor parcel roll
HOLLYHOCK SJA HOLDINGS LLC,,,561 4TH ST,OAKLAND,CA,94607,Verified,Investor,4,0,0,2026-04-15,ALAMEDA; OAKLAND,"4610 MALAT ST, OAKLAND | 300 JEFFERSON ST, OAKLAND | 561 4TH ST, OAKLAND",Alameda cash buyer list; Repeat buyer,Alameda County Clerk-Recorder deeds + Assessor parcel roll
CARFAM LLC,,,PO BOX 3661,HAYWARD,CA,94540,Verified,Investor,4,0,3,2025-12-31,CASTRO VALLEY; HAYWARD; OAKLAND,"2635 19TH AVE, OAKLAND | 1467 CLAY ST, HAYWARD | 2652 MIRAMAR AVE, CASTRO VALLEY",Alameda cash buyer list; Repeat buyer; Flipper (resold a property),Alameda County Clerk-Recorder deeds + Assessor parcel roll
WEST WINTON LLC,,,,,,,Pending county update,Investor,4,0,0,2026-09-22,HAYWARD,"1730 W WINTON AVE, HAYWARD | 1730 W WINTON AVE, HAYWARD | 1730 W WINTON AVE, HAYWARD",Alameda cash buyer list; Repeat buyer,Alameda County Clerk-Recorder deeds + Assessor parcel roll
IROZI CAPITAL LLC,,,,,,,Pending county update,Investor,4,0,2,2026-09-16,NEWARK,"8220 JUNIPER AVE, NEWARK | Doc 2026105906 | Doc 2026082062",Alameda cash buyer list; Repeat buyer; Flipper (resold a property),Alameda County Clerk-Recorder deeds + Assessor parcel roll
B9 SEQUOIA TORRANCE OWNER LP,,,,,,,Pending county update,Investor,4,0,2,2026-07-14,,Doc 2026091014 | Doc 2026091028 | Doc 2026091036,Alameda cash buyer list; Repeat buyer; Flipper (resold a property),Alameda County Clerk-Recorder deeds + Assessor parcel roll
FIDAK CAPITAL INVESTMENTS LLC,,,,,,,Pending county update,Investor,4,0,0,2026-06-29,,Doc 2026084825 | Doc 2026080687 | Doc 2026073204,Alameda cash buyer list; Repeat buyer,Alameda County Clerk-Recorder deeds + Assessor parcel roll
EQUITY TRACK INC,,,,,,,Pending county update,Investor,4,0,6,2026-04-28,,Doc 2026055126 | Doc 2026025685 | Doc 2026003956,Alameda cash buyer list; Repeat buyer; Flipper (resold a property),Alameda County Clerk-Recorder deeds + Assessor parcel roll
ASSET LEASE ACQUISITIONS LLC,,,PO BOX 1603,UNION CITY,CA,94587,Verified,Investor,3,0,0,2026-09-25,OAKLAND,"Doc 2026121701 | Doc 2026121705 | 7619 HAWLEY ST, OAKLAND",Alameda cash buyer list; Repeat buyer,Alameda County Clerk-Recorder deeds + Assessor parcel roll
REDWOOD CAPITAL HOMES LLC,,,705 GOLD LAKE DR 250,FOLSOM,CA,95630,Verified,Investor,3,0,2,2026-09-17,OAKLAND,"Doc 2026118593 | 2444 108TH AVE, OAKLAND | Doc 2025151112",Alameda cash buyer list; Repeat buyer; Flipper (resold a property),Alameda County Clerk-Recorder deeds + Assessor parcel roll
E & E DWELLING LLC,,,3082 BUENA VISTA WAY,BERKELEY,CA,94708,Verified,Investor,3,0,1,2026-09-01,ALBANY,"Doc 2026112098 | 1507 MARIN AVE, ALBANY | Doc 2025156912",Alameda cash buyer list; Repeat buyer; Flipper (resold a property),Alameda County Clerk-Recorder deeds + Assessor parcel roll
MILLENNIUM LIVING SPACE LLC,,,2171 HILLVIEW DR,WALNUT CREEK,CA,94596,Verified,Investor,3,0,2,2026-08-31,BERKELEY,"Doc 2026111889 | 2800 PRINCE ST, BERKELEY | 1623 10TH ST, BERKELEY",Alameda cash buyer list; Repeat buyer; Flipper (resold a property),Alameda County Clerk-Recorder deeds + Assessor parcel roll
NEATLY HOME LLC,,,P O BOX 2327,PLEASANTON HILL,OR,94523,Verified,Investor,3,0,2,2026-08-10,OAKLAND,"Doc 2026103013 | Doc 2026078428 | 661 BROOKWOOD PL, OAKLAND",Alameda cash buyer list; Repeat buyer; Flipper (resold a property),Alameda County Clerk-Recorder deeds + Assessor parcel roll
REVIVE OFFERS LLC,,,80 TECHNOLOGY DR 210,IRVINE,CA,92618,Verified,Investor,3,0,1,2026-08-07,BERKELEY,"Doc 2026102355 | 1633 HARMON ST, BERKELEY | 1936 HASTE ST, BERKELEY",Alameda cash buyer list; Repeat buyer; Flipper (resold a property),Alameda County Clerk-Recorder deeds + Assessor parcel roll
PALMY INVESTMENT LLC,,,41857 CHADBOURNE DR,FREMONT,CA,94539,Verified,Investor,3,0,2,2026-07-28,OAKLAND,"Doc 2026097186 | Doc 2025137737 | 35 RANDWICK AVE, OAKLAND",Alameda cash buyer list; Repeat buyer; Flipper (resold a property),Alameda County Clerk-Recorder deeds + Assessor parcel roll
MAIETTI PROPERTIES LLC,,,1336 SUMMIT RD,BERKELEY,CA,94708,Verified,Investor,3,0,0,2026-07-28,BERKELEY,"Doc 2026097382 | Doc 2026075102 | 2927 NEWBURY ST, BERKELEY",Alameda cash buyer list; Repeat buyer,Alameda County Clerk-Recorder deeds + Assessor parcel roll
NEIGHBOR TO NEIGHBOR HOMES LLC,,,2015 MANHATTAN BEACH BLVD 100,REDONDO BEACH,CA,90278,Verified,Investor,3,3,6,2026-07-22,HAYWARD,"Doc 2026094545 | 27962 ORMOND AVE, HAYWARD | 22836 HIGH ST, HAYWARD",Alameda cash buyer list; Repeat buyer; Foreclosure auction buyer; Flipper (resold a property),Alameda County Clerk-Recorder deeds + Assessor parcel roll
111 FINANCIAL GROUP INC,,,3400 STEVENSON BLVD L12,FREMONT,CA,94538,Verified,Investor,3,0,3,2026-07-13,UNION CITY,"Doc 2026090810 | 3568 CATTAIL CT, UNION CITY | Doc 2025139066",Alameda cash buyer list; Repeat buyer; Flipper (resold a property),Alameda County Clerk-Recorder deeds + Assessor parcel roll
NAMC HOLDINGS LLC,,,14491 ACACIA ST,SAN LEANDRO,CA,94579,Verified,Investor,3,0,0,2026-06-09,ALBANY; OAKLAND,"Doc 2026075405 | WILDING LN, OAKLAND | 1038 CORNELL AVE, ALBANY",Alameda cash buyer list; Repeat buyer,Alameda County Clerk-Recorder deeds + Assessor parcel roll
SAIAADYA LLC,,,36830 RIVERIA DR,FREMONT,CA,94536,Verified,Investor,3,0,2,2026-06-05,LIVERMORE,"Doc 2026074652 | 1149 GENEVA ST, LIVERMORE | Doc 2025153194",Alameda cash buyer list; Repeat buyer; Flipper (resold a property),Alameda County Clerk-Recorder deeds + Assessor parcel roll
SZTC LLC,,,6155 VIEW CREST DR,OAKLAND,CA,94619,Verified,Investor,3,0,0,2026-05-29,HAYWARD; SAN LORENZO,"17390 HESPERIAN BLVD, SAN LORENZO | 19425 HATHAWAY AVE, SAN LORENZO | 936 ROSE ST, HAYWARD",Alameda cash buyer list; Repeat buyer,Alameda County Clerk-Recorder deeds + Assessor parcel roll
STRATEGIC SOLUTIONS INC,,,12697 GRATON RD,SEBASTOPOL,CA,95472,Verified,Investor,3,3,0,2026-05-22,BERKELEY; OAKLAND,"7927 MACARTHUR BLVD, OAKLAND | 1444 9TH AVE, OAKLAND | 1511 RUSSELL ST, BERKELEY",Alameda cash buyer list; Repeat buyer; Foreclosure auction buyer,Alameda County Clerk-Recorder deeds + Assessor parcel roll
VALLEY HOMES SALES INC,,,3816 RUISDAEL DR,MODESTO,CA,95356,Verified,Investor,3,0,1,2026-05-15,FREMONT; PLEASANTON,"36969 MONTECITO DR, FREMONT | 42817 FONTAINEBLEAU PR LN, FREMONT | 2749 LARAMIE GATE CIR, PLEASANTON",Alameda cash buyer list; Repeat buyer; Flipper (resold a property),Alameda County Clerk-Recorder deeds + Assessor parcel roll
ESPL PROPERTIES LLC,,,68 PLEASANT KNOLL CT,ALAMO,CA,94507,Verified,Investor,3,0,0,2026-05-11,CHERRYLAND; SAN LEANDRO,"1027 BELLEAU ST, SAN LEANDRO | 2340 MARINA BLVD, SAN LEANDRO | 188 LAUREL AVE, CHERRYLAND",Alameda cash buyer list; Repeat buyer,Alameda County Clerk-Recorder deeds + Assessor parcel roll
CANTIXS LLC,,,3198 DANIELLE CT,LIVERMORE,CA,94550,Verified,Investor,3,0,0,2026-04-29,LIVERMORE,"849 DAKOTA CT, LIVERMORE | 4831 ZINNIA CT, LIVERMORE | 528 S S ST, LIVERMORE",Alameda cash buyer list; Repeat buyer,Alameda County Clerk-Recorder deeds + Assessor parcel roll
ALVERNAZ PARTNERS LLC,,,1777 N CALIFORNIA BLVD 305,WALNUT CREEK,CA,94596,Verified,Investor,3,0,1,2026-04-17,HAYWARD; OAKLAND,"9421 CASTLEWOOD ST, OAKLAND | 27891 ORMOND AVE, HAYWARD | Doc 2025123221",Alameda cash buyer list; Repeat buyer; Flipper (resold a property),Alameda County Clerk-Recorder deeds + Assessor parcel roll
AFFIRMATIVE LLC,,,2790 MOSSY OAK DR,DANVILLE,CA,94506,Verified,Investor,3,0,0,2026-04-17,DUBLIN; OAKLAND,"3275 DUBLIN BLVD 407, DUBLIN | 2911 CAPP ST, OAKLAND | 5921 HARMON AVE, OAKLAND",Alameda cash buyer list; Repeat buyer,Alameda County Clerk-Recorder deeds + Assessor parcel roll
JOJ INVESTMENT PROPERTIES LLC,,,578 MONTECITO BLVD,NAPA,CA,94559,Verified,Investor,3,0,1,2026-04-16,OAKLAND,"4231 HOWE ST, OAKLAND | 356 WARWICK AVE, OAKLAND | 275 MACARTHUR BLVD, OAKLAND",Alameda cash buyer list; Repeat buyer; Flipper (resold a property),Alameda County Clerk-Recorder deeds + Assessor parcel roll
SECURED INCOME FUND II LLC,,,4675 STEVENS CREEK BLVD 235,SANTA CLARA,CA,95051,Verified,Investor,3,3,0,2026-04-01,OAKLAND,"Doc 2026042560 | 5932 INTERNATIONAL BLVD, OAKLAND | 5926 INTERNATIONAL BLVD, OAKLAND",Alameda cash buyer list; Repeat buyer; Foreclosure auction buyer,Alameda County Clerk-Recorder deeds + Assessor parcel roll
BROADWAY & PIEDMONT LLC,,,3239 IMJIN RD,MARINA,CA,93933,Verified,Investor,3,0,0,2026-03-27,OAKLAND,"3359 BROADWAY, OAKLAND | 3326 PIEDMONT AVE, OAKLAND | Doc 2026038392",Alameda cash buyer list; Repeat buyer,Alameda County Clerk-Recorder deeds + Assessor parcel roll
URBANFRAME VENTURES LLC,,,1625 ARIZONA AVE,MILIPITAS,CA,95035,Verified,Investor,3,0,0,2026-03-24,OAKLAND,"2162 45TH AVE, OAKLAND | 5004 PIERPOINT AVE, OAKLAND | 3654 39TH AVE, OAKLAND",Alameda cash buyer list; Repeat buyer,Alameda County Clerk-Recorder deeds + Assessor parcel roll
MILESTONE FINANCIAL LLC,,,4962 EL CAMINO REAL 201,LOS ALTOS,CA,94022,Verified,Investor,3,2,3,2026-03-17,OAKLAND,"Doc 2026035303 | 7400 FRESNO ST, OAKLAND | 1040 105TH AVE, OAKLAND",Alameda cash buyer list; Repeat buyer; Foreclosure auction buyer; Flipper (resold a property),Alameda County Clerk-Recorder deeds + Assessor parcel roll
AMEEN HOUSING CO OPERATIVE CALIFORNIA INC,,,29288 CHANCE ST,HAYWARD,CA,94544,Verified,Investor,3,0,0,2025-12-16,FREMONT; HAYWARD,"29288 CHANCE ST, HAYWARD | Doc 2025149196 | 230 D ST, FREMONT",Alameda cash buyer list; Repeat buyer,Alameda County Clerk-Recorder deeds + Assessor parcel roll
MAHADEVA FAMILY LP,,,2219 DWIGHT WAY,BERKELEY,CA,94704,Verified,Investor,3,0,0,2025-12-12,OAKLAND,"Doc 2025159815 | 733 JEAN ST, OAKLAND | 6617 TELEGRAPH AVE, OAKLAND",Alameda cash buyer list; Repeat buyer,Alameda County Clerk-Recorder deeds + Assessor parcel roll
OAKLAND PHOENIX FUND 3 LP,,,1103 SEMINARY AVE,OAKLAND,CA,94621,Verified,Investor,3,0,0,2025-12-03,OAKLAND,"450 40TH ST, OAKLAND | 146 GRAND AVE, OAKLAND | 1502 ALICE ST, OAKLAND",Alameda cash buyer list; Repeat buyer,Alameda County Clerk-Recorder deeds + Assessor parcel roll
MOUNT VERNON WEALTH MANAGEMENT LLC,,,4013 MOUNT VERNON PL,DUBLIN,CA,94568,Verified,Investor,3,0,0,2025-10-17,HAYWARD; SAN LORENZO,"215 FLANDERS CT, SAN LORENZO | 25685 SPRING DR, HAYWARD | 214 FLANDERS CT, SAN LORENZO",Alameda cash buyer list; Repeat buyer,Alameda County Clerk-Recorder deeds + Assessor parcel roll
STOCKPILE PROPERTY VENTURES LLC,,,,,,,Pending county update,Investor,3,0,3,2026-09-28,,Doc 2026122354 | Doc 2026095040 | Doc 2026084922,Alameda cash buyer list; Repeat buyer; Flipper (resold a property),Alameda County Clerk-Recorder deeds + Assessor parcel roll
GOLDEN ROAD INC,,,,,,,Pending county update,Investor,3,0,0,2026-09-22,,Doc 2026120069 | Doc 2026111903 | Doc 2026076144,Alameda cash buyer list; Repeat buyer,Alameda County Clerk-Recorder deeds + Assessor parcel roll
SBR EMPIRE LLC,,,,,,,Pending county update,Investor,3,0,3,2026-09-14,,Doc 2026116887 | Doc 2026116891 | Doc 2026110906,Alameda cash buyer list; Repeat buyer; Flipper (resold a property),Alameda County Clerk-Recorder deeds + Assessor parcel roll
752 HOLMES STREET LLC,,,,,,,Pending county update,Investor,3,0,0,2026-07-16,,Doc 2026092290 | Doc 2026092291 | Doc 2026092292,Alameda cash buyer list; Repeat buyer,Alameda County Clerk-Recorder deeds + Assessor parcel roll
B W I R E D LLC,,,,,,,Pending county update,Investor,3,0,0,2026-07-10,,Doc 2026090008 | Doc 2026085934 | Doc 2026084499,Alameda cash buyer list; Repeat buyer,Alameda County Clerk-Recorder deeds + Assessor parcel roll
BOOM REAL ESTATE INVESTMENTS LLC,,,,,,,Pending county update,Investor,3,0,0,2026-06-05,,Doc 2026074246 | Doc 2026074247 | Doc 2026074250,Alameda cash buyer list; Repeat buyer,Alameda County Clerk-Recorder deeds + Assessor parcel roll
TEKU INVESTMENT LLC,,,,,,,Pending county update,Investor,3,0,1,2026-05-01,,Doc 2026056949 | Doc 2025140463 | Doc 2025140465,Alameda cash buyer list; Repeat buyer; Flipper (resold a property),Alameda County Clerk-Recorder deeds + Assessor parcel roll
NORTH POINT TRUST CO LLC TR,,,,,,,Pending county update,Investor,3,0,0,2026-02-04,,Doc 2026013528 | Doc 2026013529 | Doc 2026013530,Alameda cash buyer list; Repeat buyer,Alameda County Clerk-Recorder deeds + Assessor parcel roll
GUASCO PROPERTIES A LLC,,,,,,,Pending county update,Investor,3,0,0,2025-11-20,,Doc 2025146375 | Doc 2025146376 | Doc 2025146377,Alameda cash buyer list; Repeat buyer,Alameda County Clerk-Recorder deeds + Assessor parcel roll
RNXT HOME LLC,,,7201 DOVER CT,DUBLIN,CA,94568,Verified,Investor,2,0,1,2026-09-29,DUBLIN,"Doc 2026123310 | 7480 STAGECOACH RD, DUBLIN",Alameda cash buyer list; Repeat buyer; Flipper (resold a property),Alameda County Clerk-Recorder deeds + Assessor parcel roll
SA DEVELOPMENTS LLC,,,11238 STAUFFER LN,CUPERTINO,CA,95014,Verified,Investor,2,0,0,2026-09-23,FREMONT,"Doc 2026120567 | 47507 FORTNER ST, FREMONT",Alameda cash buyer list; Repeat buyer,Alameda County Clerk-Recorder deeds + Assessor parcel roll
SKYWELL LIVING INC,,,588 HARRINGTON AVE,LOS ALTOS,CA,94024,Verified,Investor,2,0,1,2026-09-17,SAN LORENZO,"Doc 2026118280 | 16011 VIA CONEJO, SAN LORENZO",Alameda cash buyer list; Repeat buyer; Flipper (resold a property),Alameda County Clerk-Recorder deeds + Assessor parcel roll
RJS STARTED LLC,,,P O BOX 2456,DUBLIN,CA,94568,Verified,Investor,2,0,0,2026-09-16,OAKLAND,"Doc 2026117750 | 160 9TH ST, OAKLAND",Alameda cash buyer list; Repeat buyer,Alameda County Clerk-Recorder deeds + Assessor parcel roll
PINNACLE EQUITY INVESTMENTS LLC,,,221 MAIN ST 580,LOS ALTOS,CA,94023,Verified,Investor,2,0,1,2026-09-16,FREMONT,"Doc 2026118037 | 40249 SAN SEBASTIAN PL, FREMONT",Alameda cash buyer list; Repeat buyer; Flipper (resold a property),Alameda County Clerk-Recorder deeds + Assessor parcel roll
BLUE BAY VENTURES LLC,,,3581 SUNSET DR,SAN BRUNO,CA,94066,Verified,Investor,2,0,3,2026-09-04,FREMONT,"Doc 2026114178 | 38042 MILLER PL, FREMONT",Alameda cash buyer list; Repeat buyer; Flipper (resold a property),Alameda County Clerk-Recorder deeds + Assessor parcel roll
WISLAB EMS CORPORATION,,,4211 STARBOARD DR,FREMONT,CA,94538,Verified,Investor,2,0,0,2026-09-04,FREMONT,"Doc 2026113862 | 4211 STARBOARD DR, FREMONT",Alameda cash buyer list; Repeat buyer,Alameda County Clerk-Recorder deeds + Assessor parcel roll
DGSG PROPERTIES LLC,,,550 GREENVILLE RD,LIVERMORE,CA,94550,Verified,Investor,2,0,0,2026-09-03,DUBLIN; LIVERMORE,"30 GREENVILLE RD, LIVERMORE | 6955 SIERRA CT, DUBLIN",Alameda cash buyer list; Repeat buyer,Alameda County Clerk-Recorder deeds + Assessor parcel roll
CAPITAL INVESTMENT LLC,,,543 STARBOARD DR,SAN MATEO,CA,94404,Verified,Investor,2,0,0,2026-09-03,FREMONT,"Doc 2026113254 | 42627 HAMILTON WAY, FREMONT",Alameda cash buyer list; Repeat buyer,Alameda County Clerk-Recorder deeds + Assessor parcel roll
GO GREEN LLC,,,5944 CLAREMONT AVE 2,OAKLAND,CA,94618,Verified,Investor,2,0,0,2026-08-26,OAKLAND,"Doc 2026109882 | 5944 CLAREMONT AVE, OAKLAND",Alameda cash buyer list; Repeat buyer,Alameda County Clerk-Recorder deeds + Assessor parcel roll
GIFT FUND V LLC,,,100 LA SALLE CIR B,SANTA FE,NM,87505,Verified,Investor,2,0,1,2026-08-25,HAYWARD,"Doc 2026109186 | 3595 OAKES DR, HAYWARD",Alameda cash buyer list; Repeat buyer; Flipper (resold a property),Alameda County Clerk-Recorder deeds + Assessor parcel roll
CRESTVIEW INVESTMENTS LLC,,,4675 STEVENS CREEK BLVD 235,SANTA CLARA,CA,95051,Verified,Investor,2,0,0,2026-08-19,SAN LEANDRO,"Doc 2026106891 | 1222 WAINWRIGHT AVE, SAN LEANDRO",Alameda cash buyer list; Repeat buyer,Alameda County Clerk-Recorder deeds + Assessor parcel roll
SC HOMES 321 LLC,,,2677 PILLSBURY CT,LIVERMORE,CA,94550,Verified,Investor,2,0,2,2026-08-18,LIVERMORE,"Doc 2026106476 | 5163 CHARLOTTE WAY, LIVERMORE",Alameda cash buyer list; Repeat buyer; Flipper (resold a property),Alameda County Clerk-Recorder deeds + Assessor parcel roll
WILLOWSHADE VENTURES LLC,,,2000 ALAMEDA DE LAS PULGA 154,SAN MATEO,CA,94403,Verified,Investor,2,0,0,2026-08-17,OAKLAND,"2871 E 7TH ST, OAKLAND | Doc 2026032169",Alameda cash buyer list; Repeat buyer,Alameda County Clerk-Recorder deeds + Assessor parcel roll
DUSTERBERRY HOUSING PARTNERS LLC,,,734 THE ALAMEDA,SAN JOSE,CA,95126,Verified,Investor,2,0,0,2026-07-29,FREMONT,"Doc 2026097922 | 37555 DUSTERBERRY WAY, FREMONT",Alameda cash buyer list; Repeat buyer,Alameda County Clerk-Recorder deeds + Assessor parcel roll
BAYCAL INVESTMENT LLC,,,160 J ST 2263,FREMONT,CA,94536,Verified,Investor,2,0,0,2026-07-24,FREMONT,"Doc 2026095650 | 35849 LINDA DR, FREMONT",Alameda cash buyer list; Repeat buyer,Alameda County Clerk-Recorder deeds + Assessor parcel roll
TRIPLEYE REALTY SPV I LLC,,,2785 LAHONTAN WAY,DUBLIN,CA,94568,Verified,Investor,2,0,0,2026-07-24,LIVERMORE,"Doc 2026095735 | 3866 SANTA CLARA WAY, LIVERMORE",Alameda cash buyer list; Repeat buyer,Alameda County Clerk-Recorder deeds + Assessor parcel roll
OAKLAND POOL BOYS 2 LLC,,,825 SAINT FRANCIS BLVD,DALY CITY,CA,94015,Verified,Investor,2,0,1,2026-07-24,OAKLAND,"Doc 2026096131 | 659 SANTA RAY AVE, OAKLAND",Alameda cash buyer list; Repeat buyer; Flipper (resold a property),Alameda County Clerk-Recorder deeds + Assessor parcel roll
UNIGEN CORPORATION,,,39730 EUREKA DR,NEWARK,CA,94560,Verified,Investor,2,0,1,2026-07-22,NEWARK,"Doc 2026094539 | 39843 CEDAR BLVD 219, NEWARK",Alameda cash buyer list; Repeat buyer; Flipper (resold a property),Alameda County Clerk-Recorder deeds + Assessor parcel roll
TDUS CORP,,,63 HENRY ST,SAN FRANCISCO,CA,94114,Verified,Investor,2,2,1,2026-07-21,OAKLAND,"Doc 2026094217 | 3409 WYMAN ST, OAKLAND",Alameda cash buyer list; Repeat buyer; Foreclosure auction buyer; Flipper (resold a property),Alameda County Clerk-Recorder deeds + Assessor parcel roll
LEAMINGTON LLC,,,750 107TH AVE,OAKLAND,CA,94603,Verified,Investor,2,0,0,2026-07-15,OAKLAND,"Doc 2026091790 | 1814 FRANKLIN ST, OAKLAND",Alameda cash buyer list; Repeat buyer,Alameda County Clerk-Recorder deeds + Assessor parcel roll
ADJS GROUP LLC,,,607 37TH AVE,SAN FRANCISCO,CA,94121,Verified,Investor,2,0,0,2026-07-14,OAKLAND,"Doc 2026090991 | 1029 105TH AVE, OAKLAND",Alameda cash buyer list; Repeat buyer,Alameda County Clerk-Recorder deeds + Assessor parcel roll
LEVELTEN LLC,,,40087 MISSION BLVD 337,FREMONT,CA,94539,Verified,Investor,2,0,2,2026-07-13,FREMONT,"Doc 2026090873 | 4011 LANA TER, FREMONT",Alameda cash buyer list; Repeat buyer; Flipper (resold a property),Alameda County Clerk-Recorder deeds + Assessor parcel roll
DILIGE DEUM LLC,,,3974 MOUNT RAINER CT,PLEASANTON,CA,94588,Verified,Investor,2,0,0,2026-07-13,PLEASANTON,"Doc 2026090880 | 3974 MOUNT RAINIER CT, PLEASANTON",Alameda cash buyer list; Repeat buyer,Alameda County Clerk-Recorder deeds + Assessor parcel roll
MAGNERGY INC,,,2485 26TH AVE,OAKLAND,CA,94601,Verified,Investor,2,0,1,2026-07-01,OAKLAND,"Doc 2026085692 | 2409 25TH AVE, OAKLAND",Alameda cash buyer list; Repeat buyer; Flipper (resold a property),Alameda County Clerk-Recorder deeds + Assessor parcel roll
CEDARCROSS PROPERTIES LLC,,,1290 BAROLO CT,PLEASANTON,CA,94566,Verified,Investor,2,0,0,2026-06-30,PLEASANTON,"Doc 2026084949 | 540 HAMILTON WAY, PLEASANTON",Alameda cash buyer list; Repeat buyer,Alameda County Clerk-Recorder deeds + Assessor parcel roll
NEXT DOOR NEIGHBOR HOMES LLC,,,2015 MANHATTAN BEACH BLVD 100,REDONDO BEACH,CA,90278,Verified,Investor,2,2,4,2026-06-29,SAN LEANDRO,"Doc 2026084296 | 15512 FARNSWORTH ST, SAN LEANDRO",Alameda cash buyer list; Repeat buyer; Foreclosure auction buyer; Flipper (resold a property),Alameda County Clerk-Recorder deeds + Assessor parcel roll
ONE GREENRIDGE CAPITAL INC,,,450 ROSE AVE,PLEASANTON,CA,94566,Verified,Investor,2,0,0,2026-06-26,HAYWARD,"Doc 2026083520 | 1487 FRY LN, HAYWARD",Alameda cash buyer list; Repeat buyer,Alameda County Clerk-Recorder deeds + Assessor parcel roll
KAUMANA HOLDINGS LLC,,,22063 CENTER ST,CASTRO VALLEY,CA,94546,Verified,Investor,2,0,0,2026-06-17,CASTRO VALLEY,"Doc 2026079716 | 3779 CASTRO VALLEY BLVD, CASTRO VALLEY",Alameda cash buyer list; Repeat buyer,Alameda County Clerk-Recorder deeds + Assessor parcel roll
DTP ENTERPRISE LLC,,,2947 PICKFORD WAY,HAYWARD,CA,94541,Verified,Investor,2,0,1,2026-06-12,HAYWARD,"Doc 2026077921 | 1090 CENTRAL BLVD, HAYWARD",Alameda cash buyer list; Repeat buyer; Flipper (resold a property),Alameda County Clerk-Recorder deeds + Assessor parcel roll
UPPER APPIAN WAY DEVELOPMENT LLC,,,501 NW GRAND BLVD,OKLAHOMA CITY,OK,73118,Verified,Investor,2,0,0,2026-06-09,FREMONT,"Doc 2026075464 | MISSION BLVD, FREMONT",Alameda cash buyer list; Repeat buyer,Alameda County Clerk-Recorder deeds + Assessor parcel roll
NILES CANYON DEVELOPMENT LLC,,,501 NW GRAND BLVD,OKLAHOMA CITY,OK,73118,Verified,Investor,2,0,0,2026-06-09,FREMONT,"Doc 2026075375 | DE LUCCHI TER, FREMONT",Alameda cash buyer list; Repeat buyer,Alameda County Clerk-Recorder deeds + Assessor parcel roll
ZARAG INVESTMENTS LLC,,,16829 PRESIDENT DR,SAN LEANDRO,CA,94578,Verified,Investor,2,0,0,2026-06-08,OAKLAND,"Doc 2026075064 | 5600 INTERNATIONAL BLVD, OAKLAND",Alameda cash buyer list; Repeat buyer,Alameda County Clerk-Recorder deeds + Assessor parcel roll
RIDGE LAND DEVELOPMENT LLC,,,501 NW GRAND BLVD,OKLAHOMA CITY,OK,73118,Verified,Investor,2,0,0,2026-06-08,UNION CITY,"PALOMARES RD, UNION CITY | PALOMARES RD, UNION CITY",Alameda cash buyer list; Repeat buyer,Alameda County Clerk-Recorder deeds + Assessor parcel roll
HORSETRAIL HOLDINGS LLC,,,3000F DANVILLE BLVD 155,ALAMO,CA,94507,Verified,Investor,2,0,0,2026-05-29,UNION CITY,"Doc 2026070645 | 30968 UNION CITY BLVD, UNION CITY",Alameda cash buyer list; Repeat buyer,Alameda County Clerk-Recorder deeds + Assessor parcel roll
STHAVARASAMPADA LLC,,,34855 WABASH RIVER PL,FREMONT,CA,94555,Verified,Investor,2,0,0,2026-05-26,FREMONT,"Doc 2026068300 | 35345 CABRAL DR, FREMONT",Alameda cash buyer list; Repeat buyer,Alameda County Clerk-Recorder deeds + Assessor parcel roll
4211 CENTRAL LLC,,,5424 SUNOL BLVD 10-2,PLEASANTON,CA,94566,Verified,Investor,2,0,0,2026-05-26,FREMONT,"Doc 2026068528 | 4211 CENTRAL AVE, FREMONT",Alameda cash buyer list; Repeat buyer,Alameda County Clerk-Recorder deeds + Assessor parcel roll
M 1 REAL ESTATE HOLDINGS LLC,,,696 SAN RAMON VALLEY BLVD 293,DANVILLE,CA,94526,Verified,Investor,2,0,1,2026-05-22,DUBLIN; LIVERMORE,"7890 FIREBRAND DR, DUBLIN | 1777 CORDOBA ST, LIVERMORE",Alameda cash buyer list; Repeat buyer; Flipper (resold a property),Alameda County Clerk-Recorder deeds + Assessor parcel roll
BICKLEY INVESTMENTS LLC,,,25524 DARIO TER,HAYWARD,CA,94541,Verified,Investor,2,0,1,2026-05-13,HAYWARD; OAKLAND,"31967 ALBANY ST, HAYWARD | 5765 MANILA AVE, OAKLAND",Alameda cash buyer list; Repeat buyer; Flipper (resold a property),Alameda County Clerk-Recorder deeds + Assessor parcel roll
HAMAARA OAKLAND LLC,,,16 SONAS PL,HAYWARD,CA,94542,Verified,Investor,2,0,0,2026-05-08,OAKLAND,"1525 LAKESIDE DR, OAKLAND | 1525 LAKESIDE DR, OAKLAND",Alameda cash buyer list; Repeat buyer,Alameda County Clerk-Recorder deeds + Assessor parcel roll
V4BUILD LLC,,,33340 SANDPIPER PL,FREMONT,CA,94555,Verified,Investor,2,0,1,2026-05-01,FREMONT; OAKLAND,"252 EUCLID AVE, OAKLAND | 4714 BALBOA WAY, FREMONT",Alameda cash buyer list; Repeat buyer; Flipper (resold a property),Alameda County Clerk-Recorder deeds + Assessor parcel roll
40525 ALBRAE LLC,,,6026 STEVENSON BLVD,FREMONT,CA,94528,Verified,Investor,2,0,0,2026-04-30,FREMONT,"Doc 2026056572 | 40525 ALBRAE ST, FREMONT",Alameda cash buyer list; Repeat buyer,Alameda County Clerk-Recorder deeds + Assessor parcel roll
CLY INVESTMENTS LLC,,,40 GARDEN RD,ALAMEDA,CA,94502,Verified,Investor,2,0,1,2026-04-23,BERKELEY,"1633 STANNAGE AVE, BERKELEY | Doc 2026039508",Alameda cash buyer list; Repeat buyer; Flipper (resold a property),Alameda County Clerk-Recorder deeds + Assessor parcel roll
RODRIGUEZZ LLC,,,19 CASTLE CT,BAYPOINT,CA,94565,Verified,Investor,2,0,0,2026-04-23,OAKLAND,"5915 SAN PABLO AVE, OAKLAND | 965 ARLINGTON AVE, OAKLAND",Alameda cash buyer list; Repeat buyer,Alameda County Clerk-Recorder deeds + Assessor parcel roll
BETHANY HOME 2201 LLC,,,3234 EAST AVE,LIVERMORE,CA,94550,Verified,Investor,2,0,0,2026-04-20,LIVERMORE,"3356 EAST AVE, LIVERMORE | 3322 EAST AVE, LIVERMORE",Alameda cash buyer list; Repeat buyer,Alameda County Clerk-Recorder deeds + Assessor parcel roll
MENA ESTATES LLC,,,249 W JACKSON ST,HAYWARD,CA,94544,Verified,Investor,2,0,4,2026-04-17,HAYWARD; UNION CITY,"32639 NOAH DR, UNION CITY | 25353 TARMAN AVE, HAYWARD",Alameda cash buyer list; Repeat buyer; Flipper (resold a property),Alameda County Clerk-Recorder deeds + Assessor parcel roll
RAMAN REALTY SERVICES LLC,,,40936 CASCADO PL,FREMONT,CA,94539,Verified,Investor,2,0,0,2026-04-17,BERKELEY,"845 BANCROFT WAY, BERKELEY | 855 BANCROFT WAY, BERKELEY",Alameda cash buyer list; Repeat buyer,Alameda County Clerk-Recorder deeds + Assessor parcel roll
3K INVESTMENTS INC,,,6005 WESTSIDE DR,SAN RAMON,CA,94583,Verified,Investor,2,0,0,2026-04-16,DUBLIN,"8091 VIA ZAPATA, DUBLIN | 7035 ALLEGHENY DR, DUBLIN",Alameda cash buyer list; Repeat buyer,Alameda County Clerk-Recorder deeds + Assessor parcel roll
WH4 LLC,,,2015 MANHATTAN BEACH BLVD 100,REDONDO BEACH,CA,90278,Verified,Investor,2,0,5,2026-04-14,FREMONT,"Doc 2026048452 | 1361 OCASO CAMINO, FREMONT",Alameda cash buyer list; Repeat buyer; Flipper (resold a property),Alameda County Clerk-Recorder deeds + Assessor parcel roll
RE REFINED LLC,,,5931 HILLVIEW AVE,SAN JOSE,CA,95123,Verified,Investor,2,0,2,2026-04-14,FREMONT,"39062 MOUNT VERNON AVE, FREMONT | Doc 2026048763",Alameda cash buyer list; Repeat buyer; Flipper (resold a property),Alameda County Clerk-Recorder deeds + Assessor parcel roll
OAK TREE PROPERTY GROUP LLC,,,1103 SEMINARY AVE,OAKLAND,CA,94621,Verified,Investor,2,0,0,2026-04-03,OAKLAND,"2451 SEMINARY AVE, OAKLAND | 3617 SAN LEANDRO ST, OAKLAND",Alameda cash buyer list; Repeat buyer,Alameda County Clerk-Recorder deeds + Assessor parcel roll
UNIQUE QUALITY INVESTMENTS LLC,,,5362 PROMONTORY WAY,ANTIOCH,CA,94531,Verified,Investor,2,0,0,2026-04-03,BERKELEY,"1236 ASHBY AVE, BERKELEY | 1238 ASHBY AVE, BERKELEY",Alameda cash buyer list; Repeat buyer,Alameda County Clerk-Recorder deeds + Assessor parcel roll
PROPERTIES 24 LLC,,,11104 SANTA ANA ST,LAMONT,CA,93241,Verified,Investor,2,0,1,2026-04-02,OAKLAND,"8336 NEY AVE, OAKLAND | 2134 62ND AVE, OAKLAND",Alameda cash buyer list; Repeat buyer; Flipper (resold a property),Alameda County Clerk-Recorder deeds + Assessor parcel roll
YKWON LLC,,,10 INDIAN WAY,ALAMO,CA,94507,Verified,Investor,2,0,0,2026-04-01,BERKELEY; HAYWARD,"1235 5TH ST, BERKELEY | 22351 MISSION BLVD, HAYWARD",Alameda cash buyer list; Repeat buyer,Alameda County Clerk-Recorder deeds + Assessor parcel roll
E & A 2025 INVESTMENTS LLC,,,103 LASATA CT,DANVILLE,CA,94526,Verified,Investor,2,0,4,2026-04-01,HAYWARD,"Doc 2026042565 | 22905 ALICE ST, HAYWARD",Alameda cash buyer list; Repeat buyer; Flipper (resold a property),Alameda County Clerk-Recorder deeds + Assessor parcel roll
SECOND CHANCE ORGANIZATION LLC,,,18201 VON KARMAN AVE 400,IRVINE,CA,92612,Verified,Investor,2,1,0,2026-03-27,OAKLAND,"Doc 2026039932 | 2805 LINDEN ST, OAKLAND",Alameda cash buyer list; Repeat buyer; Foreclosure auction buyer,Alameda County Clerk-Recorder deeds + Assessor parcel roll
S & L VENTURES LLC,,,2183 TULLY RD,SAN JOSE,CA,95122,Verified,Investor,2,0,1,2026-03-26,DUBLIN,"Doc 2026039403 | 7065 LANCASTER CT, DUBLIN",Alameda cash buyer list; Repeat buyer; Flipper (resold a property),Alameda County Clerk-Recorder deeds + Assessor parcel roll
SILICON VALLEY REAL ESTATE 2 LLC,,,571 PANCHITA WAY,LOS ALTOS,CA,94022,Verified,Investor,2,0,0,2026-03-23,EMERYVILLE,"8 COMMODORE DR C455, EMERYVILLE | 7 CAPTAIN DR C412, EMERYVILLE",Alameda cash buyer list; Repeat buyer,Alameda County Clerk-Recorder deeds + Assessor parcel roll
LAPIS BLUE LLC,,,2229 SAN FELIPE 1125,HOUSTON,TX,77019,Verified,Investor,2,0,0,2026-03-18,LIVERMORE,"3100 LAS POSITAS RD, LIVERMORE | 3400 LAS POSITAS RD, LIVERMORE",Alameda cash buyer list; Repeat buyer,Alameda County Clerk-Recorder deeds + Assessor parcel roll
JWEINAT INVESTMENTS & REAL ESTATE INC,,,5354 EGGERS DR,FREMONT,CA,94536,Verified,Investor,2,0,1,2026-03-17,FREMONT; NEWARK,"1757 HORNER WAY, FREMONT | 36593 LEONE ST, NEWARK",Alameda cash buyer list; Repeat buyer; Flipper (resold a property),Alameda County Clerk-Recorder deeds + Assessor parcel roll
TRIVALLEY REAL ESTATE GROUP INC,,,2054 BLUEROCK CT,CONCORD,CA,94521,Verified,Investor,2,0,0,2026-03-13,BERKELEY; FREMONT,"4294 DELAWARE DR, FREMONT | 1098 EUCLID AVE, BERKELEY",Alameda cash buyer list; Repeat buyer,Alameda County Clerk-Recorder deeds + Assessor parcel roll
MOBIVOLT HOLDINGS LLC,,,4435 1ST ST 439,LIVERMORE,CA,94551,Verified,Investor,2,0,0,2026-03-12,LIVERMORE,"4361 TECHNOLOGY DR I, LIVERMORE | 4355 TECHNOLOGY DR D, LIVERMORE",Alameda cash buyer list; Repeat buyer,Alameda County Clerk-Recorder deeds + Assessor parcel roll
VOONG BROTHERS REALTY LLC,,,1621 9TH AVE,OAKLAND,CA,94606,Verified,Investor,2,0,0,2026-03-06,OAKLAND,"2127 27TH AVE, OAKLAND | 4351 MOUNTAIN VIEW AVE, OAKLAND",Alameda cash buyer list; Repeat buyer,Alameda County Clerk-Recorder deeds + Assessor parcel roll
8255 61 SAN LEANDRO ST LLC,,,4750 WILLOW RD 225,PLEASANTON,CA,94588,Verified,Investor,2,0,0,2026-03-06,OAKLAND,"8261 SAN LEANDRO ST, OAKLAND | 8255 SAN LEANDRO ST, OAKLAND",Alameda cash buyer list; Repeat buyer,Alameda County Clerk-Recorder deeds + Assessor parcel roll
FUTURE ENDEAVORS LLC,,,PO BOX 104,NORTHBROOK,IL,60065,Verified,Investor,2,0,0,2026-03-04,NEWARK,"36004 SALISBURY DR, NEWARK | 36031 BETTENCOURT ST, NEWARK",Alameda cash buyer list; Repeat buyer,Alameda County Clerk-Recorder deeds + Assessor parcel roll
BAY TOPE INVESTMENT LLC,,,6959 TYNE CT,DUBLIN,CA,94568,Verified,Investor,2,0,1,2026-02-20,SAN LORENZO,"Doc 2026024407 | 1633 VIA AMIGOS, SAN LORENZO",Alameda cash buyer list; Repeat buyer; Flipper (resold a property),Alameda County Clerk-Recorder deeds + Assessor parcel roll
FREMONT LUXURY CONDOS LLC,,,1537 SILVER POND LN,SAN JOSE,CA,95138,Verified,Investor,2,0,0,2026-02-20,FREMONT,"Doc 2026024162 | 2511 PRUNE AVE, FREMONT",Alameda cash buyer list; Repeat buyer,Alameda County Clerk-Recorder deeds + Assessor parcel roll
MARION COTTAGE LLC,,,3709 WEST RD,LAFAYETTE,CA,94549,Verified,Investor,2,0,0,2026-02-19,OAKLAND,"9 HOME PL W, OAKLAND | 2819 PARK BLVD, OAKLAND",Alameda cash buyer list; Repeat buyer,Alameda County Clerk-Recorder deeds + Assessor parcel roll
MINDFUL BREATHING LLC,,,2080 LOUIS RD,PALO ALTO,CA,94303,Verified,Investor,2,0,0,2026-02-04,UNION CITY,"34837 STARLING DR 1, UNION CITY | 3816 SHINGLEWOOD CT 9, UNION CITY",Alameda cash buyer list; Repeat buyer,Alameda County Clerk-Recorder deeds + Assessor parcel roll
SAMSAN INVESTMENTS LLC,,,3512 LA MESA DR,HAYWARD,CA,94542,Verified,Investor,2,0,1,2026-02-03,BERKELEY,"3048 SHATTUCK AVE, BERKELEY | Doc 2025146878",Alameda cash buyer list; Repeat buyer; Flipper (resold a property),Alameda County Clerk-Recorder deeds + Assessor parcel roll
GONZO HOLDINGS LLC,,,542 MCGRAW AVE,LIVERMORE,CA,94551,Verified,Investor,2,0,0,2026-02-02,LIVERMORE,"406 PRESTON CT, LIVERMORE | 444 PRESTON CT, LIVERMORE",Alameda cash buyer list; Repeat buyer,Alameda County Clerk-Recorder deeds + Assessor parcel roll
2617 & 2619 SAN PABLO AVENUE LLC,,,99 MARCELA AVE,SAN FRANCISCO,CA,94116,Verified,Investor,2,0,0,2026-02-02,BERKELEY,"2619 SAN PABLO AVE, BERKELEY | 2617 SAN PABLO AVE, BERKELEY",Alameda cash buyer list; Repeat buyer,Alameda County Clerk-Recorder deeds + Assessor parcel roll
BERKELEY217 LLC,,,5490 WINDING CAPE WAY,MASON,OH,45040,Verified,Investor,2,0,0,2026-01-21,BERKELEY,"2747 SAN PABLO AVE 217, BERKELEY | 2747 SAN PABLO AVE 405, BERKELEY",Alameda cash buyer list; Repeat buyer,Alameda County Clerk-Recorder deeds + Assessor parcel roll
XINGYU PROPERTIES LLC,,,388 9TH ST 159,OAKLAND,CA,94607,Verified,Investor,2,0,0,2025-12-31,OAKLAND,"388 9TH ST 159, OAKLAND | 388 9TH ST 268, OAKLAND",Alameda cash buyer list; Repeat buyer,Alameda County Clerk-Recorder deeds + Assessor parcel roll
MJ4 VENTURES LLC,,,1290 BAROLO CT,PLEASANTON,CA,94566,Verified,Investor,2,0,0,2025-12-30,FREMONT; PLEASANTON,"3865 VINEYARD AVE, PLEASANTON | 34456 BRIDGEWATER PL, FREMONT",Alameda cash buyer list; Repeat buyer,Alameda County Clerk-Recorder deeds + Assessor parcel roll
SKI HIGH INVESTMENTS LLC,,,641 63RD ST,OAKLAND,CA,94609,Verified,Investor,2,0,1,2025-12-23,OAKLAND,"Doc 2025164064 | 641 63RD ST, OAKLAND",Alameda cash buyer list; Repeat buyer; Flipper (resold a property),Alameda County Clerk-Recorder deeds + Assessor parcel roll
SHD REALTY LLC,,,25429 PARKLANE DR,HAYWARD,CA,94544,Verified,Investor,2,0,2,2025-12-23,FREMONT,"4683 DE SILVA ST, FREMONT | 4688 WILDWOOD PARK CT, FREMONT",Alameda cash buyer list; Repeat buyer; Flipper (resold a property),Alameda County Clerk-Recorder deeds + Assessor parcel roll
SCC CALIFORNIA LLC,,,4015 E POST RD,LAS VEGAS,NV,89120,Verified,Investor,2,0,0,2025-12-22,LIVERMORE,"Doc 2025163605 | 1129 RIESLING CIR, LIVERMORE",Alameda cash buyer list; Repeat buyer,Alameda County Clerk-Recorder deeds + Assessor parcel roll
DSOUZA ENTERPRISES LLC,,,31265 LILY ST,UNION CITY,CA,94587,Verified,Investor,2,0,2,2025-12-08,BERKELEY; UNION CITY,"31265 LILY ST, UNION CITY | 1705 RUSSELL ST, BERKELEY",Alameda cash buyer list; Repeat buyer; Flipper (resold a property),Alameda County Clerk-Recorder deeds + Assessor parcel roll
GUASCO PROPERTIES B LLC,,,1011 BYRD LN,PLEASANTON,CA,94566,Verified,Investor,2,0,0,2025-11-20,PLEASANTON,"Doc 2025146372 | 3876 OLD SANTA RITA RD, PLEASANTON",Alameda cash buyer list; Repeat buyer,Alameda County Clerk-Recorder deeds + Assessor parcel roll
TAC GLOBAL LLC,,,23 LIVE OAK DR,SAN MATEO,CA,94403,Verified,Investor,2,0,0,2025-11-07,DUBLIN; LIVERMORE,"8492 VALENCIA ST, DUBLIN | 278 N K ST, LIVERMORE",Alameda cash buyer list; Repeat buyer,Alameda County Clerk-Recorder deeds + Assessor parcel roll
TRILION CAPITAL FUND LLC,,,12636 HIGH BLUFF DR 400,SAN DIEGO,CA,92130,Verified,Investor,2,2,0,2025-11-03,OAKLAND,"11067 APRICOT ST, OAKLAND | 11061 APRICOT ST, OAKLAND",Alameda cash buyer list; Repeat buyer; Foreclosure auction buyer,Alameda County Clerk-Recorder deeds + Assessor parcel roll
EMAN PROPERTIES LLC,,,4013 MOUNT VERNON PL,DUBLIN,CA,94568,Verified,Investor,2,0,0,2025-10-17,CASTRO VALLEY; HAYWARD,"27934 MANON AVE, HAYWARD | 16013 CAROLYN ST, CASTRO VALLEY",Alameda cash buyer list; Repeat buyer,Alameda County Clerk-Recorder deeds + Assessor parcel roll
STEPHEN ANTHONY MANAGEMENT LLC TR,,,7601 HOSPITAL DR 104A,SACRAMENTO,CA,95823,Verified,Investor,2,0,0,2025-10-14,LIVERMORE; PLEASANTON,"5587 SUNOL BLVD, PLEASANTON | 447 KALTHOFF CMN, LIVERMORE",Alameda cash buyer list; Repeat buyer,Alameda County Clerk-Recorder deeds + Assessor parcel roll
KONNECT COMMUNICATIONS LLC,,,2053 GRANT RD 324,LOS ALTOS,CA,94024,Verified,Investor,2,0,0,2025-10-14,BERKELEY,"1344 SUMMIT RD, BERKELEY | 962 ARLINGTON AVE, BERKELEY",Alameda cash buyer list; Repeat buyer,Alameda County Clerk-Recorder deeds + Assessor parcel roll
PARU STREET LLC,,,2601 BLANDING AVE C252,ALAMEDA,CA,94501,Verified,Investor,2,0,0,2025-10-09,ALAMEDA,"1303 PARU ST, ALAMEDA | 1319 PARU ST, ALAMEDA",Alameda cash buyer list; Repeat buyer,Alameda County Clerk-Recorder deeds + Assessor parcel roll
HOMEUPSELL LLC,,,,,,,Pending county update,Investor,2,0,1,2026-09-25,,Doc 2026121868 | Doc 2025160707,Alameda cash buyer list; Repeat buyer; Flipper (resold a property),Alameda County Clerk-Recorder deeds + Assessor parcel roll
DIMAGGIO PROPERTIES LLC,,,,,,,Pending county update,Investor,2,0,2,2026-09-24,,Doc 2026121310 | Doc 2026080240,Alameda cash buyer list; Repeat buyer; Flipper (resold a property),Alameda County Clerk-Recorder deeds + Assessor parcel roll
21668 KMRC LLC,,,,,,,Pending county update,Investor,2,0,0,2026-09-21,,Doc 2026119457 | Doc 2026117211,Alameda cash buyer list; Repeat buyer,Alameda County Clerk-Recorder deeds + Assessor parcel roll
TEMESCAL LIFE LLC,,,,,,,Pending county update,Investor,2,0,2,2026-09-18,,Doc 2026118744 | Doc 2026029565,Alameda cash buyer list; Repeat buyer; Flipper (resold a property),Alameda County Clerk-Recorder deeds + Assessor parcel roll
GOLDEN KEEPER LLC,,,,,,,Pending county update,Investor,2,0,0,2026-09-15,HAYWARD,"3808 AQUA VISTA CT, HAYWARD | Doc 2026115033",Alameda cash buyer list; Repeat buyer,Alameda County Clerk-Recorder deeds + Assessor parcel roll
AURA BUILDING CO LLC,,,,,,,Pending county update,Investor,2,0,0,2026-09-14,OAKLAND,"4035 HOWE ST, OAKLAND | Doc 2026106630",Alameda cash buyer list; Repeat buyer,Alameda County Clerk-Recorder deeds + Assessor parcel roll
KRISHTWO LLC,,,,,,,Pending county update,Investor,2,0,1,2026-09-11,,Doc 2026116445 | Doc 2026073361,Alameda cash buyer list; Repeat buyer; Flipper (resold a property),Alameda County Clerk-Recorder deeds + Assessor parcel roll
SENTER CENTER LLC,,,,,,,Pending county update,Investor,2,0,0,2026-09-11,,Doc 2026115849 | Doc 2026077443,Alameda cash buyer list; Repeat buyer,Alameda County Clerk-Recorder deeds + Assessor parcel roll
AMERICAN LIBERTY INVESTMENTS LP,,,,,,,Pending county update,Investor,2,0,0,2026-09-10,,Doc 2026115669 | Doc 2026115050,Alameda cash buyer list; Repeat buyer,Alameda County Clerk-Recorder deeds + Assessor parcel roll
THRIVE RIVERS GROUP LLC,,,,,,,Pending county update,Investor,2,0,1,2026-09-09,,Doc 2026114816 | Doc 2026020888,Alameda cash buyer list; Repeat buyer; Flipper (resold a property),Alameda County Clerk-Recorder deeds + Assessor parcel roll
ALEGRIA LLC,,,,,,,Pending county update,Investor,2,0,0,2026-09-03,,Doc 2026113326 | Doc 2026113327,Alameda cash buyer list; Repeat buyer,Alameda County Clerk-Recorder deeds + Assessor parcel roll
BAY RESIDENTIAL DEVELOPMENT LLC,,,,,,,Pending county update,Investor,2,0,1,2026-08-31,FREMONT,"Doc 2026111362 | 36341 MISSION BLVD, FREMONT",Alameda cash buyer list; Repeat buyer; Flipper (resold a property),Alameda County Clerk-Recorder deeds + Assessor parcel roll
MCCLURES COURTHOUSE LLC,,,,,,,Pending county update,Investor,2,0,0,2026-08-28,,Doc 2026111118 | Doc 2026111134,Alameda cash buyer list; Repeat buyer,Alameda County Clerk-Recorder deeds + Assessor parcel roll
MAXIMUS OAKLAND LLC,,,,,,,Pending county update,Investor,2,0,0,2026-08-27,,Doc 2026110089 | Doc 2026110090,Alameda cash buyer list; Repeat buyer,Alameda County Clerk-Recorder deeds + Assessor parcel roll
PLATINUM HOMES LLC,,,,,,,Pending county update,Investor,2,0,3,2026-08-26,,Doc 2026109557 | Doc 2026085225,Alameda cash buyer list; Repeat buyer; Flipper (resold a property),Alameda County Clerk-Recorder deeds + Assessor parcel roll
NOORSAN LLC,,,,,,,Pending county update,Investor,2,0,0,2026-08-21,,Doc 2026108083 | Doc 2026075358,Alameda cash buyer list; Repeat buyer,Alameda County Clerk-Recorder deeds + Assessor parcel roll
GOLDEN CAPITAL & INVESTMENTS LLC,,,,,,,Pending county update,Investor,2,0,0,2026-08-21,,Doc 2026108026 | Doc 2026084021,Alameda cash buyer list; Repeat buyer,Alameda County Clerk-Recorder deeds + Assessor parcel roll
BLV VI REO LLC,,,,,,,Pending county update,Investor,2,2,0,2026-08-19,,Doc 2026106680 | Doc 2026102072,Alameda cash buyer list; Repeat buyer; Foreclosure auction buyer,Alameda County Clerk-Recorder deeds + Assessor parcel roll
TUSCANY VIEW LLC,,,,,,,Pending county update,Investor,2,0,0,2026-08-14,,Doc 2026104865 | Doc 2026101451,Alameda cash buyer list; Repeat buyer,Alameda County Clerk-Recorder deeds + Assessor parcel roll
DVA CAPITOL LLC,,,,,,,Pending county update,Investor,2,0,0,2026-08-06,,Doc 2026101633 | Doc 2026092330,Alameda cash buyer list; Repeat buyer,Alameda County Clerk-Recorder deeds + Assessor parcel roll
2521 SAN PABLO LLC,,,,,,,Pending county update,Investor,2,0,0,2026-07-28,,Doc 2026097035 | Doc 2026083862,Alameda cash buyer list; Repeat buyer,Alameda County Clerk-Recorder deeds + Assessor parcel roll
CHERRY GRAHAM GARDEN LLC,,,,,,,Pending county update,Investor,2,0,0,2026-07-28,,Doc 2026097069 | Doc 2026097073,Alameda cash buyer list; Repeat buyer,Alameda County Clerk-Recorder deeds + Assessor parcel roll
EAST BAY OFFER HOUSE LLC,,,,,,,Pending county update,Investor,2,0,0,2026-07-27,CASTRO VALLEY,"20146 FOREST AVE, CASTRO VALLEY | Doc 2026088328",Alameda cash buyer list; Repeat buyer,Alameda County Clerk-Recorder deeds + Assessor parcel roll
GOODLIFE ROOTS LLC,,,,,,,Pending county update,Investor,2,0,1,2026-07-23,,Doc 2026095303 | Doc 2026027967,Alameda cash buyer list; Repeat buyer; Flipper (resold a property),Alameda County Clerk-Recorder deeds + Assessor parcel roll
HCP PROPERTIES INC,,,,,,,Pending county update,Investor,2,2,0,2026-07-22,,Doc 2026094668 | Doc 2026094670,Alameda cash buyer list; Repeat buyer; Foreclosure auction buyer,Alameda County Clerk-Recorder deeds + Assessor parcel roll
REINVEST NORCAL LLC,,,,,,,Pending county update,Investor,2,0,0,2026-07-16,,Doc 2026092099 | Doc 2026092100,Alameda cash buyer list; Repeat buyer,Alameda County Clerk-Recorder deeds + Assessor parcel roll
PRIME CASTRO LLC,,,,,,,Pending county update,Investor,2,0,0,2026-07-06,,Doc 2026086980 | Doc 2026086981,Alameda cash buyer list; Repeat buyer,Alameda County Clerk-Recorder deeds + Assessor parcel roll
FOOTHILL BOULEVARD HOLDING CO LLC,,,,,,,Pending county update,Investor,2,0,1,2026-07-02,,Doc 2026086828 | Doc 2026086830,Alameda cash buyer list; Repeat buyer; Flipper (resold a property),Alameda County Clerk-Recorder deeds + Assessor parcel roll
GT GROWTH FUND LLC,,,,,,,Pending county update,Investor,2,0,2,2026-06-26,,Doc 2026083346 | Doc 2025141571,Alameda cash buyer list; Repeat buyer; Flipper (resold a property),Alameda County Clerk-Recorder deeds + Assessor parcel roll
THORNTON AVENUE HOLDINGS LLC,,,,,,,Pending county update,Investor,2,0,0,2026-06-26,FREMONT,"Doc 2026083496 | THORNTON AVE, FREMONT",Alameda cash buyer list; Repeat buyer,Alameda County Clerk-Recorder deeds + Assessor parcel roll
WAVES RE HOLDINGS INC,,,,,,,Pending county update,Investor,2,0,0,2026-06-24,,Doc 2026082151 | Doc 2026082153,Alameda cash buyer list; Repeat buyer,Alameda County Clerk-Recorder deeds + Assessor parcel roll
NATIONAL RESIDENTIAL NOMINEE SERVICES INC,,,,,,,Pending county update,Investor,2,0,2,2026-06-22,,Doc 2026081004 | Doc 2026026869,Alameda cash buyer list; Repeat buyer; Flipper (resold a property),Alameda County Clerk-Recorder deeds + Assessor parcel roll
JHJ INVESTMENTS V LLC,,,,,,,Pending county update,Investor,2,0,0,2026-06-16,,Doc 2026079086 | Doc 2026079089,Alameda cash buyer list; Repeat buyer,Alameda County Clerk-Recorder deeds + Assessor parcel roll
INTERSECT COMMUNITIES LLC,,,,,,,Pending county update,Investor,2,0,2,2026-06-15,,Doc 2026078612 | Doc 2026063903,Alameda cash buyer list; Repeat buyer; Flipper (resold a property),Alameda County Clerk-Recorder deeds + Assessor parcel roll
NORTH EMPIRE LLC,,,,,,,Pending county update,Investor,2,0,1,2026-06-12,,Doc 2026077702 | Doc 2025138872,Alameda cash buyer list; Repeat buyer; Flipper (resold a property),Alameda County Clerk-Recorder deeds + Assessor parcel roll
MINERALS & FUELS INC,,,,,,,Pending county update,Investor,2,0,0,2026-06-09,,Doc 2026075306 | Doc 2026074635,Alameda cash buyer list; Repeat buyer,Alameda County Clerk-Recorder deeds + Assessor parcel roll
NIRVANAEDGE LLC,,,,,,,Pending county update,Investor,2,0,0,2026-06-05,,Doc 2026074232 | Doc 2026074236,Alameda cash buyer list; Repeat buyer,Alameda County Clerk-Recorder deeds + Assessor parcel roll
CLEAR WESTVIEW LP,,,,,,,Pending county update,Investor,2,0,1,2026-06-05,,Doc 2026074244 | Doc 2026074245,Alameda cash buyer list; Repeat buyer; Flipper (resold a property),Alameda County Clerk-Recorder deeds + Assessor parcel roll
WKT HOLDINGS LLC,,,,,,,Pending county update,Investor,2,0,2,2026-06-02,,Doc 2026072461 | Doc 2026065490,Alameda cash buyer list; Repeat buyer; Flipper (resold a property),Alameda County Clerk-Recorder deeds + Assessor parcel roll
ANNIES ACRES LLC,,,,,,,Pending county update,Investor,2,0,1,2026-05-26,,Doc 2026068792 | Doc 2026068796,Alameda cash buyer list; Repeat buyer; Flipper (resold a property),Alameda County Clerk-Recorder deeds + Assessor parcel roll
ANGELA ST AUTO LLC,,,,,,,Pending county update,Investor,2,0,0,2026-05-21,,Doc 2026066853 | Doc 2026066854,Alameda cash buyer list; Repeat buyer,Alameda County Clerk-Recorder deeds + Assessor parcel roll
ASDVH FAMILY LLC,,,,,,,Pending county update,Investor,2,0,0,2026-04-17,,Doc 2026050618 | Doc 2026050619,Alameda cash buyer list; Repeat buyer,Alameda County Clerk-Recorder deeds + Assessor parcel roll
NATIONAL EXCHANGE HOLDING LLC,,,,,,,Pending county update,Investor,2,0,2,2026-04-13,,Doc 2026048246 | Doc 2025148870,Alameda cash buyer list; Repeat buyer; Flipper (resold a property),Alameda County Clerk-Recorder deeds + Assessor parcel roll
COASTAL CAPITAL HOMES LLC,,,,,,,Pending county update,Investor,2,0,2,2026-02-19,,Doc 2026023350 | Doc 2025130459,Alameda cash buyer list; Repeat buyer; Flipper (resold a property),Alameda County Clerk-Recorder deeds + Assessor parcel roll
HAVEN & CO LLC,,,,,,,Pending county update,Investor,2,0,2,2026-01-28,,Doc 2026010610 | Doc 2026010615,Alameda cash buyer list; Repeat buyer; Flipper (resold a property),Alameda County Clerk-Recorder deeds + Assessor parcel roll
TIDE GROUP INVESTMENTS LLC,,,,,,,Pending county update,Investor,2,0,2,2025-12-22,,Doc 2025163705 | Doc 2025143738,Alameda cash buyer list; Repeat buyer; Flipper (resold a property),Alameda County Clerk-Recorder deeds + Assessor parcel roll
VERGARA MGMT LLC,,,,,,,Pending county update,Investor,2,0,2,2025-12-19,,Doc 2025162665 | Doc 2025160315,Alameda cash buyer list; Repeat buyer; Flipper (resold a property),Alameda County Clerk-Recorder deeds + Assessor parcel roll
COSTCO WHOLESALE CORPORATION,,,999 LAKE DR,ISSAQUAH,WA,98027,Verified,Investor,1,0,0,2026-06-11,SAN LEANDRO,"999 BEECHER ST, SAN LEANDRO",Alameda cash buyer list,Alameda County Clerk-Recorder deeds + Assessor parcel roll
INFINITY ESTATES INC,,,37600 CENTRAL CT 270,NEWARK,CA,94560,Verified,Investor,1,0,1,2026-06-05,FREMONT,"3768 CAPITOL AVE 400B, FREMONT",Alameda cash buyer list; Flipper (resold a property),Alameda County Clerk-Recorder deeds + Assessor parcel roll
MOO BERKELEY DEVELOPMENT 2466 LLC,,,3250 WILSHORE BLVD 1502,LOS ANGELES,CA,90010,Verified,Investor,1,0,0,2026-06-04,BERKELEY,"2466 VIRGINIA ST, BERKELEY",Alameda cash buyer list,Alameda County Clerk-Recorder deeds + Assessor parcel roll
RVISIONWORKS LLC,,,1279 LAS PALMAS DR,SANTA CLARA,CA,95051,Verified,Investor,1,0,1,2026-06-03,FREMONT,"587 CHARDONNAY DR, FREMONT",Alameda cash buyer list; Flipper (resold a property),Alameda County Clerk-Recorder deeds + Assessor parcel roll
TYROS PROPERTIES LLC,,,1250 MISSOURI ST 104,SAN FRANCISCO,CA,94107,Verified,Investor,1,0,0,2026-06-02,OAKLAND,"1763 16TH ST, OAKLAND",Alameda cash buyer list,Alameda County Clerk-Recorder deeds + Assessor parcel roll
KLONDIKE PROPERTIES LLC,,,1800 FOURTH ST,LIVERMORE,CA,94550,Verified,Investor,1,0,0,2026-06-01,LIVERMORE,"1816 4TH ST, LIVERMORE",Alameda cash buyer list,Alameda County Clerk-Recorder deeds + Assessor parcel roll
A & E21 LLC,,,ONE CALIFORNIA ST 1750,SAN FRANCISCO,CA,94111,Verified,Investor,1,0,0,2026-05-29,PIEDMONT,"GLEN ALPINE RD, PIEDMONT",Alameda cash buyer list,Alameda County Clerk-Recorder deeds + Assessor parcel roll
AC BARD III LLC,,,1769 HILLSIDALE AVE 2478,SAN JOSE,CA,95124,Verified,Investor,1,0,0,2026-05-29,BERKELEY,"3032 MABEL ST, BERKELEY",Alameda cash buyer list,Alameda County Clerk-Recorder deeds + Assessor parcel roll
CHINAR LLC,,,2391 WOOD HOLLOW DR,LIVERMORE,CA,94550,Verified,Investor,1,0,1,2026-05-29,HAYWARD ACRES,"22049 HATHAWAY AVE, HAYWARD ACRES",Alameda cash buyer list; Flipper (resold a property),Alameda County Clerk-Recorder deeds + Assessor parcel roll
ANGEL & FABIAN DEVELOPMENT LLC,,,727 AIRPORT BLVD,SOUTH SAN FRANCISCO,CA,94080,Verified,Investor,1,0,0,2026-05-29,HAYWARD,"744 BROADWAY ST, HAYWARD",Alameda cash buyer list,Alameda County Clerk-Recorder deeds + Assessor parcel roll
6257 VIRGO LLC,,,2302 VALDEZ ST 609,OAKLAND,CA,94612,Verified,Investor,1,0,0,2026-05-29,OAKLAND,"6257 VIRGO RD, OAKLAND",Alameda cash buyer list,Alameda County Clerk-Recorder deeds + Assessor parcel roll
WALNUT PROJECT LLC,,,1880 CENTURY PARK EAST 200,LOS ANGELES,CA,90067,Verified,Investor,1,0,0,2026-05-29,BERKELEY,"1414 WALNUT ST, BERKELEY",Alameda cash buyer list,Alameda County Clerk-Recorder deeds + Assessor parcel roll
1745 CEDAR LLC,,,100 BUSH ST 1725,SAN FRANCISCO,CA,94104,Verified,Investor,1,0,0,2026-05-29,BERKELEY,"1745 CEDAR ST, BERKELEY",Alameda cash buyer list,Alameda County Clerk-Recorder deeds + Assessor parcel roll
COUNTRY CLEAN COIN LAUNDRY LLC,,,5757 ADELINE ST B,OAKLAND,CA,94608,Verified,Investor,1,0,0,2026-05-29,OAKLAND,"3114 E 27TH ST, OAKLAND",Alameda cash buyer list,Alameda County Clerk-Recorder deeds + Assessor parcel roll
ALLICAR VENTURES LLC,,,4939 ELROD DR,CASTRO VALLEY,CA,94546,Verified,Investor,1,0,0,2026-05-29,DUBLIN,"11418 BETLEN DR, DUBLIN",Alameda cash buyer list,Alameda County Clerk-Recorder deeds + Assessor parcel roll
WVBRO COMMERCIAL LLC,,,3055 OSGOOD CT,FREMONT,CA,94539,Verified,Investor,1,0,0,2026-05-28,FREMONT,"3055 OSGOOD CT, FREMONT",Alameda cash buyer list,Alameda County Clerk-Recorder deeds + Assessor parcel roll
INTEGRITY 1 LLC,,,PO BOX 5592,CONCORD,CA,94524,Verified,Investor,1,0,0,2026-05-28,FREMONT,"3864 JAMESTOWN RD, FREMONT",Alameda cash buyer list,Alameda County Clerk-Recorder deeds + Assessor parcel roll
APOLLO WF INVESTMENTS LLC,,,5181 DEL SERRA CIR,LA PALMA,CA,90623,Verified,Investor,1,0,0,2026-05-27,ALBANY,"1231 BRIGHTON AVE, ALBANY",Alameda cash buyer list,Alameda County Clerk-Recorder deeds + Assessor parcel roll
ENDLESS GRACE LLC,,,6537 FOOTHILL BLVD,OAKLAND,CA,94605,Verified,Investor,1,0,0,2026-05-27,OAKLAND,"6537 FOOTHILL BLVD, OAKLAND",Alameda cash buyer list,Alameda County Clerk-Recorder deeds + Assessor parcel roll
FOURTH & WEB LLC,,,2481 HILGARD AVE,BERKELEY,CA,94709,Verified,Investor,1,0,0,2026-05-27,OAKLAND,"350 4TH ST, OAKLAND",Alameda cash buyer list,Alameda County Clerk-Recorder deeds + Assessor parcel roll
LASALLE LEGACY 1960 LLC,,,680 FAIRMOUNT AVE,OAKLAND,CA,94611,Verified,Investor,1,0,0,2026-05-27,OAKLAND,"6128 LA SALLE AVE, OAKLAND",Alameda cash buyer list,Alameda County Clerk-Recorder deeds + Assessor parcel roll
OMW HOMES LLC,,,2225 DERRY WAY,SOUTH SAN FRANCISCO,CA,94080,Verified,Investor,1,0,0,2026-05-27,OAKLAND,"3868 GREENWOOD AVE, OAKLAND",Alameda cash buyer list,Alameda County Clerk-Recorder deeds + Assessor parcel roll
PACIFIC DOLORES HOUSING DEVELOPMENT LLC,,,P O BOX 3975,HAYWARD,CA,94540,Verified,Investor,1,0,0,2026-05-27,LIVERMORE,"1054 DOLORES ST, LIVERMORE",Alameda cash buyer list,Alameda County Clerk-Recorder deeds + Assessor parcel roll
890 55TH STREET LLC,,,39 TIERRA VERDE CT,WALNUT CREEK,CA,94598,Verified,Investor,1,0,0,2026-05-27,OAKLAND,"890 55TH ST, OAKLAND",Alameda cash buyer list,Alameda County Clerk-Recorder deeds + Assessor parcel roll
EJBP REAL ESTATE LLC,,,5983 W QUAIL CREEK LN,HIGHLAND,UT,84003,Verified,Investor,1,0,0,2026-05-26,OAKLAND,"DWIGHT WAY, OAKLAND",Alameda cash buyer list,Alameda County Clerk-Recorder deeds + Assessor parcel roll
ORION REALTY HOLDINGS LLC,,,4268 EL NIDO RANCH RD,LAFAYETTE,CA,94549,Verified,Investor,1,0,0,2026-05-26,OAKLAND,"1212 MOUNTAIN BLVD, OAKLAND",Alameda cash buyer list,Alameda County Clerk-Recorder deeds + Assessor parcel roll
1221 GRAND LLC,,,127 SW KINGSTON AVE,PORTLAND,OR,97205,Verified,Investor,1,0,0,2026-05-22,PIEDMONT,"1221 GRAND AVE, PIEDMONT",Alameda cash buyer list,Alameda County Clerk-Recorder deeds + Assessor parcel roll
LRH PROPERTIES LLC,,,1243 CHANDLER CIR,SALT LAKE CITY,UT,84103,Verified,Investor,1,0,0,2026-05-22,OAKLAND,"558 58TH ST, OAKLAND",Alameda cash buyer list,Alameda County Clerk-Recorder deeds + Assessor parcel roll
O H BUILDERS INC,,,12933 YOSMITE BLVD,WATERFORD,CA,95386,Verified,Investor,1,0,1,2026-05-22,OAKLAND,"605 TYLER ST, OAKLAND",Alameda cash buyer list; Flipper (resold a property),Alameda County Clerk-Recorder deeds + Assessor parcel roll
310 FOREST STREET ASSOCIATES LP,,,PO BOX 64314,SUNNYVALE,CA,94088,Verified,Investor,1,0,0,2026-05-22,OAKLAND,"310 FOREST ST, OAKLAND",Alameda cash buyer list,Alameda County Clerk-Recorder deeds + Assessor parcel roll
NORTH & DANA STREET APARTMENTS LLC,,,PO BOX 64314,SUNNYVALE,CA,94088,Verified,Investor,1,0,0,2026-05-22,OAKLAND,"438 NORTH ST, OAKLAND",Alameda cash buyer list,Alameda County Clerk-Recorder deeds + Assessor parcel roll
QUAIL RUN ONE LLC,,,33635 QUAIL RIDGE RD,FREMONT,CA,94555,Verified,Investor,1,0,0,2026-05-22,FREMONT,"120 LICHEN CT, FREMONT",Alameda cash buyer list,Alameda County Clerk-Recorder deeds + Assessor parcel roll
GRAPEVINE VENTURES LLC,,,40087 MISSION BLVD 218,FREMONT,CA,94539,Verified,Investor,1,0,0,2026-05-22,FREMONT,"2981 GRAPEVINE TER, FREMONT",Alameda cash buyer list,Alameda County Clerk-Recorder deeds + Assessor parcel roll
QUANTUM RIDGE LLC,,,37112 ALEPPO DR,NEWARK,CA,94560,Verified,Investor,1,0,0,2026-05-22,OAKLAND,"7118 HALLIDAY AVE, OAKLAND",Alameda cash buyer list,Alameda County Clerk-Recorder deeds + Assessor parcel roll
REALTY INCOME US CORE PLUS 2 LP,,,11995 EL CAMINO REAL,SAN DIEGO,CA,92130,Verified,Investor,1,0,0,2026-05-22,SAN LEANDRO,"14470 CATALINA ST, SAN LEANDRO",Alameda cash buyer list,Alameda County Clerk-Recorder deeds + Assessor parcel roll
853 58TH STREET LLC,,,5627 TELEGRAPH AVE 106,OAKLAND,CA,94609,Verified,Investor,1,0,0,2026-05-22,OAKLAND,"853 58TH ST, OAKLAND",Alameda cash buyer list,Alameda County Clerk-Recorder deeds + Assessor parcel roll
JR SEARS PROPERTIES LLC,,,PO BOX 33429,RALEIGH,NC,27636,Verified,Investor,1,0,0,2026-05-21,PLEASANTON,"4669 COCHISE CT, PLEASANTON",Alameda cash buyer list,Alameda County Clerk-Recorder deeds + Assessor parcel roll
KITOV INVESTMENTS LLC,,,3372 DEER HOLLOW DR,DANVILLE,CA,94506,Verified,Investor,1,0,1,2026-05-21,SAN LEANDRO,"13556 BANCROFT AVE 3, SAN LEANDRO",Alameda cash buyer list; Flipper (resold a property),Alameda County Clerk-Recorder deeds + Assessor parcel roll
ECHO IMPACT FUND,,,2100 EMBARCADERO 205,OAKLAND,CA,94606,Verified,Investor,1,0,0,2026-05-21,OAKLAND,"1396 5TH ST, OAKLAND",Alameda cash buyer list,Alameda County Clerk-Recorder deeds + Assessor parcel roll
HIGH STREET DEVELOPMENT LP,,,4125 BLACKFORD AVE 200,SAN JOSE,CA,95117,Verified,Investor,1,0,0,2026-05-21,FREMONT,"40871 HIGH ST, FREMONT",Alameda cash buyer list,Alameda County Clerk-Recorder deeds + Assessor parcel roll
33401 CENTRAL AVENUE APG LLC,,,100 BAYVIEW PL 6000,NEWPORT BEACH,CA,92660,Verified,Investor,1,0,0,2026-05-21,UNION CITY,"33401 CENTRAL AVE, UNION CITY",Alameda cash buyer list,Alameda County Clerk-Recorder deeds + Assessor parcel roll
MAX VAL INC,,,4301 HAZELNUT DR,MODESTO,CA,95356,Verified,Investor,1,0,0,2026-05-20,ALAMEDA,"1546 EASTSHORE DR, ALAMEDA",Alameda cash buyer list,Alameda County Clerk-Recorder deeds + Assessor parcel roll
SILVER KEY CAPITAL HOLDING LLC,,,29064 CARAVAN LN,HAYWARD,CA,94545,Verified,Investor,1,0,0,2026-05-20,HAYWARD,"21087 CABOT BLVD 1, HAYWARD",Alameda cash buyer list,Alameda County Clerk-Recorder deeds + Assessor parcel roll
1729 EIGHTH ST LLC,,,55 TAMALPAIS RD,BERKELEY,CA,94708,Verified,Investor,1,0,0,2026-05-20,BERKELEY,"1729 8TH ST, BERKELEY",Alameda cash buyer list,Alameda County Clerk-Recorder deeds + Assessor parcel roll
LAMMARI LLC,,,400 FERNWOOD DR,SAN BRUNO,CA,94066,Verified,Investor,1,0,0,2026-05-20,OAKLAND,"149 11TH ST, OAKLAND",Alameda cash buyer list,Alameda County Clerk-Recorder deeds + Assessor parcel roll
ENNERDALE HAYWARD LLC,,,4695 MACARTHUR CT 780,NEWPORT BEACH,CA,92260,Verified,Investor,1,1,0,2026-05-20,HAYWARD,"24400 MISSION BLVD, HAYWARD",Alameda cash buyer list; Foreclosure auction buyer,Alameda County Clerk-Recorder deeds + Assessor parcel roll
FIVE SPROUTS LLC,,,1111 MARINA BLVD,SAN LEANDRO,CA,94577,Verified,Investor,1,0,0,2026-05-20,SAN LEANDRO,"467 MARINA BLVD, SAN LEANDRO",Alameda cash buyer list,Alameda County Clerk-Recorder deeds + Assessor parcel roll
BLUE POINT PROPERTIES LLC,,,2901 MACARTHUR BLVD 313,OAKLAND,CA,94602,Verified,Investor,1,0,2,2026-05-19,OAKLAND,"2901 MACARTHUR BLVD 313, OAKLAND",Alameda cash buyer list; Flipper (resold a property),Alameda County Clerk-Recorder deeds + Assessor parcel roll
PG DOVE HOLDINGS LLC,,,524 TIMBERWOOD AVE,THOUSAND OAKS,CA,91360,Verified,Investor,1,0,0,2026-05-19,FREMONT,"3086 KEMPER RD, FREMONT",Alameda cash buyer list,Alameda County Clerk-Recorder deeds + Assessor parcel roll
MANN FAMILY 7200 LLC,,,3450 QUAIL WALK CT,DANVILLE,CA,94506,Verified,Investor,1,1,0,2026-05-19,OAKLAND,"7200 INTERNATIONAL BLVD, OAKLAND",Alameda cash buyer list; Foreclosure auction buyer,Alameda County Clerk-Recorder deeds + Assessor parcel roll
SEACODE OPPORTUNITY ZONE FUND LLC,,,249 W JACKSON ST 260,HAYWARD,CA,94544,Verified,Investor,1,0,0,2026-05-18,BERKELEY,"3110 CALIFORNIA ST, BERKELEY",Alameda cash buyer list,Alameda County Clerk-Recorder deeds + Assessor parcel roll
LCC ENTERPRISE LLC,,,1083 DEVONSHIRE AVE,SAN LEANDRO,CA,94579,Verified,Investor,1,0,1,2026-05-18,SAN LEANDRO,"712 LEWELLING BLVD, SAN LEANDRO",Alameda cash buyer list; Flipper (resold a property),Alameda County Clerk-Recorder deeds + Assessor parcel roll
DOS PECES LLC,,,539 RAILROAD AVE,SOUTH SAN FRANCISCO,CA,94080,Verified,Investor,1,0,0,2026-05-18,SAN LORENZO,"15760 VIA REGIO, SAN LORENZO",Alameda cash buyer list,Alameda County Clerk-Recorder deeds + Assessor parcel roll
ANISHU LLC,,,1 HARKNESS CIR,HAYWARD,CA,94542,Verified,Investor,1,0,0,2026-05-15,UNION CITY,"30901 UNION CITY BLVD, UNION CITY",Alameda cash buyer list,Alameda County Clerk-Recorder deeds + Assessor parcel roll
PENCOM HQ1 LLC,,,595 EL CERRITO AVE,HILLSBOROUGH,CA,94010,Verified,Investor,1,0,0,2026-05-15,UNION CITY,"FABER ST, UNION CITY",Alameda cash buyer list,Alameda County Clerk-Recorder deeds + Assessor parcel roll
FRANKLIN SEVENTEENTH LLC,,,1630 SAN PABLO AVE,OAKLAND,CA,94612,Verified,Investor,1,0,0,2026-05-15,OAKLAND,"385 17TH ST, OAKLAND",Alameda cash buyer list,Alameda County Clerk-Recorder deeds + Assessor parcel roll
M GROUP 1 LLC,,,2744 RAYMOND AVE,LOS ANGELES,CA,90007,Verified,Investor,1,0,0,2026-05-15,OAKLAND,"2015 98TH AVE, OAKLAND",Alameda cash buyer list,Alameda County Clerk-Recorder deeds + Assessor parcel roll
GENNEXT PROPERTIES LLC,,,10050 N FOOTHILL BLVD 100,CUPERTINO,CA,95014,Verified,Investor,1,0,2,2026-05-14,OAKLAND,"2050 ASILOMAR DR, OAKLAND",Alameda cash buyer list; Flipper (resold a property),Alameda County Clerk-Recorder deeds + Assessor parcel roll
WSL & WYL LLC,,,47225 GALINDO DR,FREMONT,CA,94539,Verified,Investor,1,0,0,2026-05-14,FREMONT,"46703 CRAWFORD ST, FREMONT",Alameda cash buyer list,Alameda County Clerk-Recorder deeds + Assessor parcel roll
PM25 HOLDINGS LLC,,,4906 WINTERBROOK AVE,DUBLIN,CA,94568,Verified,Investor,1,0,0,2026-05-14,DUBLIN,"7832 GARDELLA DR, DUBLIN",Alameda cash buyer list,Alameda County Clerk-Recorder deeds + Assessor parcel roll
MONO GARDENS LLC,,,6571 JACKIE WAY,LAKE WORTH,FL,33467,Verified,Investor,1,0,0,2026-05-14,ASHLAND,"1571 MONO AVE, ASHLAND",Alameda cash buyer list,Alameda County Clerk-Recorder deeds + Assessor parcel roll
SRECD CA SAN LEANDRO 2851 LLC,,,1099 18TH ST 2900,DENVER,CO,80202,Verified,Investor,1,0,0,2026-05-13,SAN LEANDRO,"2851 ALVARADO ST, SAN LEANDRO",Alameda cash buyer list,Alameda County Clerk-Recorder deeds + Assessor parcel roll
151554 OAKLAND LLC,,,904 CORRIENTE POINT DR,REDWOOD CITY,CA,94065,Verified,Investor,1,0,1,2026-05-13,OAKLAND,"1515 54TH AVE, OAKLAND",Alameda cash buyer list; Flipper (resold a property),Alameda County Clerk-Recorder deeds + Assessor parcel roll
GENTE DE ACCIONAR LLC TR,,,3225 MCLEOD DR 777,LAS VEGAS,NV,89121,Verified,Investor,1,0,0,2026-05-13,OAKLAND,"1235 107TH AVE, OAKLAND",Alameda cash buyer list,Alameda County Clerk-Recorder deeds + Assessor parcel roll
FREMONT BRUNING STREET LLC,,,41068 FREMONT BLVD,FREMONT,CA,94538,Verified,Investor,1,0,0,2026-05-13,FREMONT,"39605 BRUNING ST, FREMONT",Alameda cash buyer list,Alameda County Clerk-Recorder deeds + Assessor parcel roll
CALIFORNIA UNITED LLC,,,5424 BUTANO PARK DR,FREMONT,CA,94538,Verified,Investor,1,0,0,2026-05-13,FREMONT,"37473 GLENMOOR DR, FREMONT",Alameda cash buyer list,Alameda County Clerk-Recorder deeds + Assessor parcel roll
ALAMEDA CONSTRUCTION PROJECT MANAGEMENT LLC,,,2056 BARNES WHARF LN,ALAMEDA,CA,94501,Verified,Investor,1,0,0,2026-05-11,OAKLAND,"GIRVIN DR, OAKLAND",Alameda cash buyer list,Alameda County Clerk-Recorder deeds + Assessor parcel roll
OAK CALIFORNIA LLC,,,3650 MT DIABLO BLVD 220,LAFAYETTE,CA,94549,Verified,Investor,1,1,0,2026-05-11,OAKLAND,"7700 EDGEWATER DR, OAKLAND",Alameda cash buyer list; Foreclosure auction buyer,Alameda County Clerk-Recorder deeds + Assessor parcel roll
MVR HOLDINGS LLC,,,1401 N BROADWAY 205,WALNUT CREEK,CA,94596,Verified,Investor,1,0,0,2026-05-11,SAN LEANDRO,"563 DURANT AVE, SAN LEANDRO",Alameda cash buyer list,Alameda County Clerk-Recorder deeds + Assessor parcel roll
XTRACARE MANAGEMENT LLC,,,625 PINE TER,SOUTH SAN FRANCISCO,CA,94080,Verified,Investor,1,0,0,2026-05-11,CHERRYLAND,"21447 OCEAN VIEW DR, CHERRYLAND",Alameda cash buyer list,Alameda County Clerk-Recorder deeds + Assessor parcel roll
BRIGHTPATH REALTY INC,,,34301 RUSSELL CT,FREMONT,CA,94555,Verified,Investor,1,0,1,2026-05-11,UNION CITY,"2636 RAINIER CT, UNION CITY",Alameda cash buyer list; Flipper (resold a property),Alameda County Clerk-Recorder deeds + Assessor parcel roll
LOTS LOVE CHILD CARE CENTER INC,,,2000 WASHINGTON AVE,SAN LEANDRO,CA,94577,Verified,Investor,1,0,0,2026-05-08,CASTRO VALLEY,"15890 FOOTHILL BLVD, CASTRO VALLEY",Alameda cash buyer list,Alameda County Clerk-Recorder deeds + Assessor parcel roll
RMERRILL HOLDING CO LLC,,,22853 OPTIMIST ST,HAYWARD,CA,94541,Verified,Investor,1,0,0,2026-05-08,CHERRYLAND,"1239 GROVE WAY, CHERRYLAND",Alameda cash buyer list,Alameda County Clerk-Recorder deeds + Assessor parcel roll
512 EAST 22ND STREET LLC,,,320 MONCADA WAY,SAN FRANCISCO,CA,94127,Verified,Investor,1,0,0,2026-05-07,OAKLAND,"512 E 22ND ST, OAKLAND",Alameda cash buyer list,Alameda County Clerk-Recorder deeds + Assessor parcel roll
ADRV LLC,,,1258 BASQUE DR,TRUCKEE,CA,96161,Verified,Investor,1,0,0,2026-05-07,OAKLAND,"465 40TH ST, OAKLAND",Alameda cash buyer list,Alameda County Clerk-Recorder deeds + Assessor parcel roll
MA INVESTMENT LLC,,,37229 ELM ST,NEWARK,CA,94560,Verified,Investor,1,0,1,2026-05-07,NEWARK,"36823 OLIVE ST, NEWARK",Alameda cash buyer list; Flipper (resold a property),Alameda County Clerk-Recorder deeds + Assessor parcel roll
HOWE AVE APEX LLC,,,5255 STEVENS CREEK BLVD 275,SANTA CLARA,CA,95051,Verified,Investor,1,0,0,2026-05-06,NEWARK,"5600 JOHN MUIR DR, NEWARK",Alameda cash buyer list,Alameda County Clerk-Recorder deeds + Assessor parcel roll
ARLINGTON INVESTMENT CO,,,1521 5TH ST,BERKELEY,CA,94710,Verified,Investor,1,0,0,2026-05-06,OAKLAND,"42 LINDA AVE, OAKLAND",Alameda cash buyer list,Alameda County Clerk-Recorder deeds + Assessor parcel roll
5332 LOCKSLEY LLC,,,91 SUNSET DR,STUYVESANT,NY,12173,Verified,Investor,1,0,0,2026-05-06,OAKLAND,"5332 LOCKSLEY AVE, OAKLAND",Alameda cash buyer list,Alameda County Clerk-Recorder deeds + Assessor parcel roll
SEINSEIN LLC,,,PO BOX 6101,FREMONT,CA,94538,Verified,Investor,1,0,0,2026-05-06,NEWARK,"37086 SYCAMORE ST, NEWARK",Alameda cash buyer list,Alameda County Clerk-Recorder deeds + Assessor parcel roll
JINGLETOWN LLC,,,135 PALM AVE,SAN CARLOS,CA,94070,Verified,Investor,1,0,0,2026-05-05,OAKLAND,"2811 E 10TH ST, OAKLAND",Alameda cash buyer list,Alameda County Clerk-Recorder deeds + Assessor parcel roll
VIRINA LLC,,,4619 ROSS GATE WAY,PLEASANTON,CA,94566,Verified,Investor,1,0,0,2026-05-05,PLEASANTON,"4619 ROSS GATE WAY, PLEASANTON",Alameda cash buyer list,Alameda County Clerk-Recorder deeds + Assessor parcel roll
LUX REALTY INVESTMENTS LLC,,,2108 NORTH ST NORT,SACRAMENTO,CA,95816,Verified,Investor,1,0,0,2026-05-05,LIVERMORE,"646 JOYCE ST, LIVERMORE",Alameda cash buyer list,Alameda County Clerk-Recorder deeds + Assessor parcel roll
PLASPROP LLC,,,1270B QUARRY LN,PLEASANTON,CA,94566,Verified,Investor,1,0,0,2026-05-05,PLEASANTON,"3930 VALLEY AVE, PLEASANTON",Alameda cash buyer list,Alameda County Clerk-Recorder deeds + Assessor parcel roll
BROADVIEW URBAN FUND ONE LLC,,,4031 OAKHILL RD,OAKLAND,CA,94605,Verified,Investor,1,0,0,2026-05-04,OAKLAND,"3865 MAYBELLE AVE, OAKLAND",Alameda cash buyer list,Alameda County Clerk-Recorder deeds + Assessor parcel roll
R & K PREMIER HOLDINGS LLC,,,614 SHADOW MIST CT,LIVERMORE,CA,94550,Verified,Investor,1,0,0,2026-05-04,SAN LEANDRO,"13894 CATALINA ST, SAN LEANDRO",Alameda cash buyer list,Alameda County Clerk-Recorder deeds + Assessor parcel roll
HERITAGE TY HOLDING LLC,,,2226 MACARTHUR BLVD 2734,OAKLAND,CA,94602,Verified,Investor,1,0,0,2026-05-01,OAKLAND,"5492 RUTH AVE, OAKLAND",Alameda cash buyer list,Alameda County Clerk-Recorder deeds + Assessor parcel roll
METROPOLIS OAKLAND WEST LLC,,,6507 BAYVIEW DR,OAKLAND,CA,94605,Verified,Investor,1,0,0,2026-05-01,OAKLAND,"6052 OLD QUARRY LOOP, OAKLAND",Alameda cash buyer list,Alameda County Clerk-Recorder deeds + Assessor parcel roll
FORTRESS ENTERPRISES LLC,,,12910 AUSTIN FOREST CIR,AUBURN,CA,95602,Verified,Investor,1,0,0,2026-05-01,HAYWARD,"596 GARIN AVE, HAYWARD",Alameda cash buyer list,Alameda County Clerk-Recorder deeds + Assessor parcel roll
2372 ELLSWORTH LLC,,,3886 VISTA POINT CT,SAN JOSE,CA,95148,Verified,Investor,1,0,0,2026-05-01,BERKELEY,"2372 ELLSWORTH ST, BERKELEY",Alameda cash buyer list,Alameda County Clerk-Recorder deeds + Assessor parcel roll
SUNOL ESTATES LLC,,,788 VINEYARD TER,PLEASANTON,CA,94566,Verified,Investor,1,0,0,2026-05-01,SUNOL,"11984 MAIN ST, SUNOL",Alameda cash buyer list,Alameda County Clerk-Recorder deeds + Assessor parcel roll
CORNERSTONE PRIVATE ASSET TRUST CO LLC TR,,,3023 BATEMAN ST,BERKELEY,CA,94705,Verified,Investor,1,0,0,2026-04-30,BERKELEY,"3019 BATEMAN ST, BERKELEY",Alameda cash buyer list,Alameda County Clerk-Recorder deeds + Assessor parcel roll
TERKE LLC,,,PO BOX 3661,HAYWARD,CA,94540,Verified,Investor,1,0,1,2026-04-30,HAYWARD ACRES,"21371 GARDEN AVE, HAYWARD ACRES",Alameda cash buyer list; Flipper (resold a property),Alameda County Clerk-Recorder deeds + Assessor parcel roll
DS RENOVATIONS LLC,,,1086 CAMINO VERDE CIR,WALNUT CREEK,CA,94597,Verified,Investor,1,0,0,2026-04-30,OAKLAND,"959 46TH ST, OAKLAND",Alameda cash buyer list,Alameda County Clerk-Recorder deeds + Assessor parcel roll
DREIMAL PROPERTIES LLC,,,1552 VERDI ST,ALAMEDA,CA,94501,Verified,Investor,1,0,0,2026-04-30,ALAMEDA,"1512 MOZART ST, ALAMEDA",Alameda cash buyer list,Alameda County Clerk-Recorder deeds + Assessor parcel roll
ON POINT INVESTMENT LLC,,,781 W TENNYSON RD,HAYWARD,CA,94544,Verified,Investor,1,0,1,2026-04-29,FAIRVIEW,"22446 RALSTON LN, FAIRVIEW",Alameda cash buyer list; Flipper (resold a property),Alameda County Clerk-Recorder deeds + Assessor parcel roll
KING FRADAR LLC,,,1885 LUNDY AVE 120,SAN JOSE,CA,95131,Verified,Investor,1,0,0,2026-04-29,OAKLAND,"1181 60TH AVE, OAKLAND",Alameda cash buyer list,Alameda County Clerk-Recorder deeds + Assessor parcel roll
K & G MOVING ON UP LLC,,,4134 MALCOLM AVE,OAKLAND,CA,94605,Verified,Investor,1,0,0,2026-04-29,SAN LORENZO,"16133 VIA WALTER, SAN LORENZO",Alameda cash buyer list,Alameda County Clerk-Recorder deeds + Assessor parcel roll
LEEYU LLC,,,36147 FIG TREE LN,NEWARK,CA,94560,Verified,Investor,1,0,0,2026-04-28,HAYWARD,"1892 HILL AVE, HAYWARD",Alameda cash buyer list,Alameda County Clerk-Recorder deeds + Assessor parcel roll
MORGAN & COLLIER SMITH DEBT FUND LLC,,,PO BOX 1868,LAKE OSWEGO,CA,97035,Verified,Investor,1,0,0,2026-04-28,OAKLAND,"2972 EL MONTE AVE, OAKLAND",Alameda cash buyer list,Alameda County Clerk-Recorder deeds + Assessor parcel roll
CORAL COURT INVESTMENTS LLC,,,5467 VIA DEL TECOLOTE,RIVERSIDE,CA,92507,Verified,Investor,1,0,0,2026-04-28,FREMONT,"1672 VIA SOMBRIO, FREMONT",Alameda cash buyer list,Alameda County Clerk-Recorder deeds + Assessor parcel roll
HOME VENTURES LLC,,,5821 MACARTHUR BLVD,OAKLAND,CA,94605,Verified,Investor,1,0,1,2026-04-28,OAKLAND,"1008 39TH ST, OAKLAND",Alameda cash buyer list; Flipper (resold a property),Alameda County Clerk-Recorder deeds + Assessor parcel roll
428 60TH ST LLC,,,13685 CAMPUS DR,OAKLAND,CA,94605,Verified,Investor,1,0,0,2026-04-28,OAKLAND,"428 60TH ST, OAKLAND",Alameda cash buyer list,Alameda County Clerk-Recorder deeds + Assessor parcel roll
SHAMCO B LLC,,,P O BOX 4443,BURLINGAME,CA,94011,Verified,Investor,1,0,0,2026-04-28,HAYWARD,"22519 FOOTHILL BLVD, HAYWARD",Alameda cash buyer list,Alameda County Clerk-Recorder deeds + Assessor parcel roll
RANCHO XYZ LLC,,,7031 PRINCE DR,DUBLIN,CA,94568,Verified,Investor,1,0,0,2026-04-27,SUNOL,"10843 FOOTHILL RD, SUNOL",Alameda cash buyer list,Alameda County Clerk-Recorder deeds + Assessor parcel roll
CTR PTP LP,,,24901 DANA POINT HARBOR D A200,DANA POINT,CA,92629,Verified,Investor,1,0,0,2026-04-27,FREMONT,"2500 COUNTRY DR, FREMONT",Alameda cash buyer list,Alameda County Clerk-Recorder deeds + Assessor parcel roll
CASTRO PROPERTY INVESTORS LLC,,,31 MAGDALENA CT,MILL VALLEY,CA,94941,Verified,Investor,1,0,0,2026-04-27,OAKLAND,"1520 CASTRO ST, OAKLAND",Alameda cash buyer list,Alameda County Clerk-Recorder deeds + Assessor parcel roll
CABRILLO HORIZON REALTY LLC,,,4461 PERALTA BLVD 8,FREMONT,CA,94536,Verified,Investor,1,0,0,2026-04-27,CHERRYLAND,"22251 MEEKLAND AVE, CHERRYLAND",Alameda cash buyer list,Alameda County Clerk-Recorder deeds + Assessor parcel roll
SSS INVESTMENTS,,,1059 VIA ROBLE,LAFAYETTE,CA,94549,Verified,Investor,1,1,0,2026-04-27,HAYWARD,"260 INDUSTRIAL PKWY 26, HAYWARD",Alameda cash buyer list; Foreclosure auction buyer,Alameda County Clerk-Recorder deeds + Assessor parcel roll
HARBORVIEW HOLDINGS LLC,,,2000 ALAMEDA DE LAS PULGA 154,SAN MATEO,CA,94403,Verified,Investor,1,0,0,2026-04-24,OAKLAND,"950 89TH AVE, OAKLAND",Alameda cash buyer list,Alameda County Clerk-Recorder deeds + Assessor parcel roll
KBP INVESTMENTS LLC,,,4845 TILDEN DR,SAN JOSE,CA,95124,Verified,Investor,1,0,0,2026-04-24,HAYWARD,"761 SHEPHERD AVE, HAYWARD",Alameda cash buyer list,Alameda County Clerk-Recorder deeds + Assessor parcel roll
BEACONGUYS LLC,,,1103 SEMINARY AVE,OAKLAND,CA,94621,Verified,Investor,1,0,0,2026-04-24,OAKLAND,"607 BEACON ST, OAKLAND",Alameda cash buyer list,Alameda County Clerk-Recorder deeds + Assessor parcel roll
TURTLE SHELL LLC,,,PO BOX 29361,OAKLAND,CA,94604,Verified,Investor,1,0,0,2026-04-23,HAYWARD,"192 ISABELLA ST, HAYWARD",Alameda cash buyer list,Alameda County Clerk-Recorder deeds + Assessor parcel roll
MJA PROPERTY LLC,,,P O BOX 1173,CAMPBELL,CA,95008,Verified,Investor,1,0,0,2026-04-23,FREMONT,"41240 FREMONT BLVD, FREMONT",Alameda cash buyer list,Alameda County Clerk-Recorder deeds + Assessor parcel roll
ROBELO PROPERTY INVESTMENTS LLC,,,43456 ELLSWORTH ST 3633,FREMONT,CA,94539,Verified,Investor,1,0,0,2026-04-23,FREMONT,"43163 STARR ST, FREMONT",Alameda cash buyer list,Alameda County Clerk-Recorder deeds + Assessor parcel roll
SILVERSPIRE VENTURES LLC,,,7041 KOLL CENTER PKWY 230,PLEASANTON,CA,94566,Verified,Investor,1,0,0,2026-04-21,PLEASANTON,"7041 KOLL CENTER PKWY 230, PLEASANTON",Alameda cash buyer list,Alameda County Clerk-Recorder deeds + Assessor parcel roll
CISNE HOMES LLC,,,1883 W ROYAL HUNTE DR 200A,CEDAR CITY,UT,84720,Verified,Investor,1,0,0,2026-04-21,LIVERMORE,"3428 EAST AVE, LIVERMORE",Alameda cash buyer list,Alameda County Clerk-Recorder deeds + Assessor parcel roll
ETERNAL EDUCATION DEVELOPMENT LLC,,,10535 CROTHERS RD,SAN JOSE,CA,95127,Verified,Investor,1,0,0,2026-04-21,UNION CITY,"33840 10TH ST, UNION CITY",Alameda cash buyer list,Alameda County Clerk-Recorder deeds + Assessor parcel roll
COBALT RIDGE LLC,,,2591 PLUMBLEIGH DR,FREMONT,CA,94539,Verified,Investor,1,0,0,2026-04-21,OAKLAND,"3340 WEBSTER ST, OAKLAND",Alameda cash buyer list,Alameda County Clerk-Recorder deeds + Assessor parcel roll
BERKELEY DD GROUP LLC,,,12027 TALUS PL,BEVERLY HILLS,CA,90210,Verified,Investor,1,0,0,2026-04-20,BERKELEY,"2115 KITTREDGE ST, BERKELEY",Alameda cash buyer list,Alameda County Clerk-Recorder deeds + Assessor parcel roll
WATCH HILL DEVELOPMENT OAK LLC,,,15 DRAYTON RD,HILLSBOROUGH,CA,94010,Verified,Investor,1,0,1,2026-04-17,OAKLAND,"10111 INTERNATIONAL BLVD, OAKLAND",Alameda cash buyer list; Flipper (resold a property),Alameda County Clerk-Recorder deeds + Assessor parcel roll
MC 108 LLC,,,6114 LASALLE AVE 197,OAKLAND,CA,94611,Verified,Investor,1,0,0,2026-04-17,BERKELEY,"1626 FRANCISCO ST, BERKELEY",Alameda cash buyer list,Alameda County Clerk-Recorder deeds + Assessor parcel roll
FUSION NOTES LLC,,,2770 ARAPAHOE RD 132,LAFAYETTE,CO,80026,Verified,Investor,1,0,1,2026-04-17,OAKLAND,"1528 INTERNATIONAL BLVD, OAKLAND",Alameda cash buyer list; Flipper (resold a property),Alameda County Clerk-Recorder deeds + Assessor parcel roll
SAI ELITE LLC,,,3003 E RUBY HILL DR,PLEASANTON,CA,94566,Verified,Investor,1,0,0,2026-04-17,FREMONT,"44255 OLD WARM SPGS BLVD A3, FREMONT",Alameda cash buyer list,Alameda County Clerk-Recorder deeds + Assessor parcel roll
34SP DEVELOPMENT LP,,,1825 SAN PABLO AVE 200,OAKLAND,CA,94612,Verified,Investor,1,0,0,2026-04-17,OAKLAND,"3419 SAN PABLO AVE, OAKLAND",Alameda cash buyer list,Alameda County Clerk-Recorder deeds + Assessor parcel roll
38TH AVENUE LLC,,,475 SUNBURY CT,BRENTWOOD,CA,94513,Verified,Investor,1,0,0,2026-04-15,OAKLAND,"2869 38TH AVE, OAKLAND",Alameda cash buyer list,Alameda County Clerk-Recorder deeds + Assessor parcel roll
NESTEGG DEVELOPMENTS LLC,,,419 LAGUNA ST 1,SAN FRANCISCO,CA,94102,Verified,Investor,1,0,0,2026-04-15,ALBANY,"1120 CURTIS ST, ALBANY",Alameda cash buyer list,Alameda County Clerk-Recorder deeds + Assessor parcel roll
WEAVELYTICS LLC,,,1723 S VILLA WAY,WALNUT CREEK,CA,94595,Verified,Investor,1,0,0,2026-04-15,OAKLAND,"7 EMBARCADERO W 207, OAKLAND",Alameda cash buyer list,Alameda County Clerk-Recorder deeds + Assessor parcel roll
INFINITY CALIHOMES LLC,,,2474 MOZART AVE,LATHROP,CA,95330,Verified,Investor,1,0,0,2026-04-15,HAYWARD,"1487 CATHY WAY, HAYWARD",Alameda cash buyer list,Alameda County Clerk-Recorder deeds + Assessor parcel roll
ABEL ADVISORY INC,,,PO BOX 3128,HAYWARD,CA,94540,Verified,Investor,1,0,0,2026-04-15,PIEDMONT,"1130 RANLEIGH WAY, PIEDMONT",Alameda cash buyer list,Alameda County Clerk-Recorder deeds + Assessor parcel roll
GOLDEN GATE 47 INVESTMENTS LLC,,,6302 FULTON ST,SAN FRANCISCO,CA,94121,Verified,Investor,1,0,0,2026-04-14,OAKLAND,"1036 47TH AVE, OAKLAND",Alameda cash buyer list,Alameda County Clerk-Recorder deeds + Assessor parcel roll
PEOPLE FIRST CAPITAL HOLDINGS LLC,,,828 HAIGHT AVE,ALAMEDA,CA,94501,Verified,Investor,1,0,0,2026-04-14,ALAMEDA,"2050 CENTRAL AVE, ALAMEDA",Alameda cash buyer list,Alameda County Clerk-Recorder deeds + Assessor parcel roll
CAPLIANO INVESTMENTS LLC,,,201 TAMAL VISTA BLVD 104,CORTE MADERA,CA,94925,Verified,Investor,1,0,0,2026-04-13,BERKELEY,"1905C PARKER ST, BERKELEY",Alameda cash buyer list,Alameda County Clerk-Recorder deeds + Assessor parcel roll
BRESLOW ENTERPRISES LLC,,,432 MONROE DR,PALO ALTO,CA,94306,Verified,Investor,1,0,1,2026-04-13,UNION CITY,"4469 FELLOWS ST, UNION CITY",Alameda cash buyer list; Flipper (resold a property),Alameda County Clerk-Recorder deeds + Assessor parcel roll
WESTERN FAMILY HOMES LLC,,,627 CORNELL AVE,ALBANY,CA,94706,Verified,Investor,1,0,0,2026-04-13,OAKLAND,"7900 NEY AVE, OAKLAND",Alameda cash buyer list,Alameda County Clerk-Recorder deeds + Assessor parcel roll
MAIN STREET PROPERTIES LLC,,,6300 VILLAGE PKWY 200,DUBLIN,CA,94568,Verified,Investor,1,0,0,2026-04-13,HAYWARD,"22770 MAIN ST, HAYWARD",Alameda cash buyer list,Alameda County Clerk-Recorder deeds + Assessor parcel roll
NEGOCLO PRO LLC,,,2630 HIGHLAND AVE,OAKLAND,CA,94606,Verified,Investor,1,0,0,2026-04-13,OAKLAND,"2630 HIGHLAND AVE, OAKLAND",Alameda cash buyer list,Alameda County Clerk-Recorder deeds + Assessor parcel roll
TKO PROPERTIES OAKLAND LLC,,,5449A HOLLYWOOD BLVD,LOS ANGELES,CA,90027,Verified,Investor,1,0,0,2026-04-10,OAKLAND,"7930 MACARTHUR BLVD, OAKLAND",Alameda cash buyer list,Alameda County Clerk-Recorder deeds + Assessor parcel roll
COPPERWORKS LLC,,,2591 PLUMLEIGH DR,FREMONT,CA,94539,Verified,Investor,1,0,0,2026-04-10,HAYWARD,"27572 MISSION BLVD, HAYWARD",Alameda cash buyer list,Alameda County Clerk-Recorder deeds + Assessor parcel roll
GARDEN COURT LLC,,,1566 OLYMPUS AVE,BERKELEY,CA,94708,Verified,Investor,1,0,0,2026-04-10,ALBANY,"1266 WASHINGTON AVE, ALBANY",Alameda cash buyer list,Alameda County Clerk-Recorder deeds + Assessor parcel roll
OAKLAND 46TH STREET LP,,,5251 ERICSON WAY,ARCATA,CA,95521,Verified,Investor,1,0,0,2026-04-10,OAKLAND,"4715 TELEGRAPH AVE, OAKLAND",Alameda cash buyer list,Alameda County Clerk-Recorder deeds + Assessor parcel roll
YOLLA ENTERPRISE LLC,,,470 MIDDLEFIELD RD,ATHERTON,CA,94027,Verified,Investor,1,0,0,2026-04-09,NEWARK,"8239 ENTERPRISE DR, NEWARK",Alameda cash buyer list,Alameda County Clerk-Recorder deeds + Assessor parcel roll
MAR CON VENTURES LLC,,,600 29TH AVE,OAKLAND,CA,94601,Verified,Investor,1,0,0,2026-04-09,OAKLAND,"600 29TH AVE, OAKLAND",Alameda cash buyer list,Alameda County Clerk-Recorder deeds + Assessor parcel roll
MOREHOUSE HOMES INC,,,P.O. BOX 1114,LAFAYETTE,CA,94549,Verified,Investor,1,0,1,2026-04-09,FREMONT,"36052 CRIPPS PL, FREMONT",Alameda cash buyer list; Flipper (resold a property),Alameda County Clerk-Recorder deeds + Assessor parcel roll
INTEGRITY LIVING LLC,,,2163 104TH AVE,OAKLAND,CA,94603,Verified,Investor,1,0,0,2026-04-08,OAKLAND,"2163 104TH AVE, OAKLAND",Alameda cash buyer list,Alameda County Clerk-Recorder deeds + Assessor parcel roll
306 HANOVER AVENUE LLC,,,20 KILKENNY PL,ALAMEDA,CA,94502,Verified,Investor,1,0,0,2026-04-08,OAKLAND,"306 HANOVER AVE, OAKLAND",Alameda cash buyer list,Alameda County Clerk-Recorder deeds + Assessor parcel roll
479 HANOVER AVENUE LLC,,,20 KILKENNY PL,ALAMEDA,CA,94502,Verified,Investor,1,0,0,2026-04-08,OAKLAND,"479 HANOVER AVE, OAKLAND",Alameda cash buyer list,Alameda County Clerk-Recorder deeds + Assessor parcel roll
1029 REGENT STREET LLC,,,20 KILKENNY PL,ALAMEDA,CA,94502,Verified,Investor,1,0,0,2026-04-08,ALAMEDA,"1029 REGENT ST, ALAMEDA",Alameda cash buyer list,Alameda County Clerk-Recorder deeds + Assessor parcel roll
ADROIT CAPITAL LLC,,,528 E MAIN ST,TURLOCK,CA,95380,Verified,Investor,1,0,0,2026-04-08,FREMONT,"37921 GRANVILLE DR, FREMONT",Alameda cash buyer list,Alameda County Clerk-Recorder deeds + Assessor parcel roll
369 13TH STREET LLC,,,369 13TH ST,OAKLAND,CA,94612,Verified,Investor,1,0,0,2026-04-08,OAKLAND,"363 13TH ST, OAKLAND",Alameda cash buyer list,Alameda County Clerk-Recorder deeds + Assessor parcel roll
351 357 PALM AVE LLC,,,369 13TH ST,OAKLAND,CA,94612,Verified,Investor,1,0,0,2026-04-08,OAKLAND,"357 PALM AVE, OAKLAND",Alameda cash buyer list,Alameda County Clerk-Recorder deeds + Assessor parcel roll
HIGH TERRACE LLC,,,409 GREENWOOD DR,SANTA CLARA,CA,95054,Verified,Investor,1,0,1,2026-04-08,HAYWARD,"1255 TERRACE AVE, HAYWARD",Alameda cash buyer list; Flipper (resold a property),Alameda County Clerk-Recorder deeds + Assessor parcel roll
MEGALUCKY LLC,,,3837 CASTRO VALLEY BLVD,CASTRO VALLEY,CA,94546,Verified,Investor,1,0,0,2026-04-07,CASTRO VALLEY,"3847 CASTRO VALLEY BLVD, CASTRO VALLEY",Alameda cash buyer list,Alameda County Clerk-Recorder deeds + Assessor parcel roll
COOK INVESTMENTS ALAMEDA LLC,,,2425 WEBB AVE,ALAMEDA,CA,94501,Verified,Investor,1,0,0,2026-04-07,ALAMEDA,"2312 SAN ANTONIO AVE, ALAMEDA",Alameda cash buyer list,Alameda County Clerk-Recorder deeds + Assessor parcel roll
INTEGRITY 2 LLC,,,PO BOX 5592,CONCORD,CA,94524,Verified,Investor,1,0,0,2026-04-06,OAKLAND,"6647 OUTLOOK AVE, OAKLAND",Alameda cash buyer list,Alameda County Clerk-Recorder deeds + Assessor parcel roll
MMD INVESTMENT INC,,,5681 ROBERTSON AVE,NEWARK,CA,94560,Verified,Investor,1,0,1,2026-04-06,HAYWARD,"28538 HUNTWOOD AVE, HAYWARD",Alameda cash buyer list; Flipper (resold a property),Alameda County Clerk-Recorder deeds + Assessor parcel roll
CV SPECIAL SITUATIONS LOAN FUND II LLC,,,115 SANSOME ST 700,SAN FRANCISCO,CA,94104,Verified,Investor,1,1,0,2026-04-06,OAKLAND,"9809 MACARTHUR BLVD, OAKLAND",Alameda cash buyer list; Foreclosure auction buyer,Alameda County Clerk-Recorder deeds + Assessor parcel roll
570 21ST STREET HOLDINGS LLC,,,900 19TH ST NW 8,WASHINGTON,DC,20006,Verified,Investor,1,1,0,2026-04-06,OAKLAND,"570 21ST ST, OAKLAND",Alameda cash buyer list; Foreclosure auction buyer,Alameda County Clerk-Recorder deeds + Assessor parcel roll
RED GEM INVESTMENTS LLC,,,6 OVERHILL CT,ORINDA,CA,94563,Verified,Investor,1,0,0,2026-04-06,OAKLAND,"3767 RUBY ST, OAKLAND",Alameda cash buyer list,Alameda County Clerk-Recorder deeds + Assessor parcel roll
SUHEIL KHOURY INC,,,2627 BARCLAY WAY,BELMONT,CA,94002,Verified,Investor,1,0,0,2026-04-06,BERKELEY,"3101 SACRAMENTO ST, BERKELEY",Alameda cash buyer list,Alameda County Clerk-Recorder deeds + Assessor parcel roll
MILA MADDOX INVESTS INC,,,551 EL CAMINO ROYAL 5308,SARATOGA,CA,95070,Verified,Investor,1,0,1,2026-04-03,ALBANY,"957 NEILSON ST, ALBANY",Alameda cash buyer list; Flipper (resold a property),Alameda County Clerk-Recorder deeds + Assessor parcel roll
BRICK HAVEN SOLUTIONS LLC,,,1102 S ABEL ST 146,MILPITAS,CA,95035,Verified,Investor,1,0,0,2026-04-03,LIVERMORE,"5954 RUNNING HILLS AVE, LIVERMORE",Alameda cash buyer list,Alameda County Clerk-Recorder deeds + Assessor parcel roll
JF LIVERMORE PROPERTIES LLC,,,4361 TECHNOLOGY DR H,LIVERMORE,CA,94551,Verified,Investor,1,0,0,2026-04-03,LIVERMORE,"2653 OLD 1ST ST, LIVERMORE",Alameda cash buyer list,Alameda County Clerk-Recorder deeds + Assessor parcel roll
ALAMEDA RENTAL INVESTMENTS LLC,,,1406 EASTSHORE DR,ALAMEDA,CA,94501,Verified,Investor,1,0,0,2026-04-03,ALAMEDA,"221 PACIFIC AVE, ALAMEDA",Alameda cash buyer list,Alameda County Clerk-Recorder deeds + Assessor parcel roll
BRAVO PROPERTIES GROUP LLC,,,1367 HENDERSON AVE,MENLO PARK,CA,94025,Verified,Investor,1,0,0,2026-04-03,OAKLAND,"2108 E 23RD ST, OAKLAND",Alameda cash buyer list,Alameda County Clerk-Recorder deeds + Assessor parcel roll
PRIMO & ELIA PROPERTIES LLC,,,1316 135TH AVE,SAN LEANDRO,CA,94578,Verified,Investor,1,0,0,2026-04-02,SAN LEANDRO,"1316 135TH AVE, SAN LEANDRO",Alameda cash buyer list,Alameda County Clerk-Recorder deeds + Assessor parcel roll
Z & Z DEVELOPMENT GROUP LLC,,,3830 MALCOLM AVE,OAKLAND,CA,94605,Verified,Investor,1,0,2,2026-04-02,OAKLAND,"3830 MALCOLM AVE, OAKLAND",Alameda cash buyer list; Flipper (resold a property),Alameda County Clerk-Recorder deeds + Assessor parcel roll
GFP SRE HAYWARD 20201 LLC,,,1099 18TH ST 2900,DENVER,CO,80202,Verified,Investor,1,0,0,2026-04-02,HAYWARD,"20201 MACK ST, HAYWARD",Alameda cash buyer list,Alameda County Clerk-Recorder deeds + Assessor parcel roll
EDN INVESTMENTS INC,,,36156 CABRILLO DR,FREMONT,CA,94536,Verified,Investor,1,0,1,2026-04-02,FREMONT,"38341 MOAB DR, FREMONT",Alameda cash buyer list; Flipper (resold a property),Alameda County Clerk-Recorder deeds + Assessor parcel roll
EASTSIDE DC PROPERTIES LLC,,,3400 COTTAGE WAY G2,SACRAMENTO,CA,95825,Verified,Investor,1,0,0,2026-04-02,ALAMEDA,"2122 BUENA VISTA AVE, ALAMEDA",Alameda cash buyer list,Alameda County Clerk-Recorder deeds + Assessor parcel roll
NARWHAL REAL ESTATE LLC,,,796 CRESTMOOR DR,SAN JOSE,CA,95129,Verified,Investor,1,0,0,2026-04-01,OAKLAND,"2033 TRAFALGAR PL, OAKLAND",Alameda cash buyer list,Alameda County Clerk-Recorder deeds + Assessor parcel roll
RISING FINANCIAL LLC,,,1236 CORTEZ DR,SUNNYVALE,CA,94086,Verified,Investor,1,0,1,2026-04-01,UNION CITY,"32518 SHEILA CT, UNION CITY",Alameda cash buyer list; Flipper (resold a property),Alameda County Clerk-Recorder deeds + Assessor parcel roll
6998 SIERRA COURT LLC,,,48 MATHEWS PL,ALAMO,CA,94507,Verified,Investor,1,0,1,2026-04-01,DUBLIN,"6998 SIERRA CT, DUBLIN",Alameda cash buyer list; Flipper (resold a property),Alameda County Clerk-Recorder deeds + Assessor parcel roll
RE INVESTMENT GROUP,,,2288 PELHAM PL,OAKLAND,CA,94611,Verified,Investor,1,0,0,2026-03-31,OAKLAND,"5401 LEONA ST, OAKLAND",Alameda cash buyer list,Alameda County Clerk-Recorder deeds + Assessor parcel roll
2886 GROVE WAY LLC,,,3832 SOMERSET AVE,CASTRO VALLEY,CA,94546,Verified,Investor,1,0,0,2026-03-31,CASTRO VALLEY,"2886 GROVE WAY, CASTRO VALLEY",Alameda cash buyer list,Alameda County Clerk-Recorder deeds + Assessor parcel roll
JACF LLC,,,25 FIRST AVE SW A,WATERTOWN,SD,57201,Verified,Investor,1,0,0,2026-03-31,ALAMEDA,"16 KILLARNEY PL, ALAMEDA",Alameda cash buyer list,Alameda County Clerk-Recorder deeds + Assessor parcel roll
DASF GRAND LLC,,,466 GREEN ST 203,SAN FRANCISCO,CA,94133,Verified,Investor,1,0,0,2026-03-31,OAKLAND,"390 GRAND AVE, OAKLAND",Alameda cash buyer list,Alameda County Clerk-Recorder deeds + Assessor parcel roll
AB HOUSEPERT LLC,,,3315 SAN FELIPE RD #46,SAN JOSE,CA,95135,Verified,Investor,1,0,3,2026-03-31,PLEASANTON,"444 AMARAL CIR, PLEASANTON",Alameda cash buyer list; Flipper (resold a property),Alameda County Clerk-Recorder deeds + Assessor parcel roll
964 57TH LLC,,,955 57TH ST,OAKLAND,CA,94608,Verified,Investor,1,0,0,2026-03-31,OAKLAND,"964 57TH ST, OAKLAND",Alameda cash buyer list,Alameda County Clerk-Recorder deeds + Assessor parcel roll
JL FINANCING LLC,,,2804 HONOLULU AVE,VERDUGO CITY,CA,91046,Verified,Investor,1,1,0,2026-03-31,OAKLAND,"2100 5TH AVE, OAKLAND",Alameda cash buyer list; Foreclosure auction buyer,Alameda County Clerk-Recorder deeds + Assessor parcel roll
S & J REAL ESTATE INVESTING LLC,,,16440 ASHLAND AVE,SAN LORENZO,CA,94580,Verified,Investor,1,0,0,2026-03-31,LIVERMORE,"5937 NORTHFRONT RD, LIVERMORE",Alameda cash buyer list,Alameda County Clerk-Recorder deeds + Assessor parcel roll
VENTURA LLC,,,212 N 12TH ST,SAN JOSE,CA,95112,Verified,Investor,1,0,0,2026-03-31,OAKLAND,"374 JAYNE AVE, OAKLAND",Alameda cash buyer list,Alameda County Clerk-Recorder deeds + Assessor parcel roll
ARTHA PROPERTIES LLC,,,245 GLORIETTA BLVD,ORINDA,CA,94563,Verified,Investor,1,0,0,2026-03-31,OAKLAND,"88 STARVIEW DR, OAKLAND",Alameda cash buyer list,Alameda County Clerk-Recorder deeds + Assessor parcel roll
5388 WENTWORTH AVE LLC,,,7867 W LILAC RD,BONSALL,CA,92003,Verified,Investor,1,0,0,2026-03-30,OAKLAND,"2030 42ND AVE, OAKLAND",Alameda cash buyer list,Alameda County Clerk-Recorder deeds + Assessor parcel roll
LOCKWOOD1905 LLC,,,43226 PALM PLACE,FREMONT,CA,94539,Verified,Investor,1,0,0,2026-03-30,FREMONT,"1905 LOCKWOOD AVE, FREMONT",Alameda cash buyer list,Alameda County Clerk-Recorder deeds + Assessor parcel roll
PHELPS REAL ESTATE HOLDINGS LLC,,,7393 MINES RD,LIVERMORE,CA,94550,Verified,Investor,1,0,0,2026-03-30,LIVERMORE,"2283 RESEARCH DR, LIVERMORE",Alameda cash buyer list,Alameda County Clerk-Recorder deeds + Assessor parcel roll
VP PARADE LLC,,,350 N FIFTH ST 800,MINNEAPOLIS,MN,55401,Verified,Investor,1,0,0,2026-03-30,DUBLIN,"CROAK RD, DUBLIN",Alameda cash buyer list,Alameda County Clerk-Recorder deeds + Assessor parcel roll
REGAL OAK CAPITAL HOLDINGS LLC,,,3003 OLIN AVE 318,SAN JOSE,CA,95128,Verified,Investor,1,0,0,2026-03-30,OAKLAND,"2672 FRUITVALE AVE, OAKLAND",Alameda cash buyer list,Alameda County Clerk-Recorder deeds + Assessor parcel roll
NEBULA HORIZON HOLDINGS LLC,,,22123 PERALTA ST,HAYWARD,CA,94541,Verified,Investor,1,0,0,2026-03-30,HAYWARD,"2671 HAWTHORNE AVE, HAYWARD",Alameda cash buyer list,Alameda County Clerk-Recorder deeds + Assessor parcel roll
1110 FRANKLIN ST LLC,,,1556 SLOAT BLVD 306,SAN FRANCISCO,CA,94132,Verified,Investor,1,0,0,2026-03-27,OAKLAND,"1110 FRANKLIN ST, OAKLAND",Alameda cash buyer list,Alameda County Clerk-Recorder deeds + Assessor parcel roll
PARK AVENUE INVESTMENTS,,,615 STOCKTON AVE,SAN JOSE,CA,95126,Verified,Investor,1,0,1,2026-03-27,OAKLAND,"4049 CANON AVE, OAKLAND",Alameda cash buyer list; Flipper (resold a property),Alameda County Clerk-Recorder deeds + Assessor parcel roll
ADA STREET HOLDINGS LLC,,,3077 CALLE MARIPOSA,SANTA BARBARA,CA,93105,Verified,Investor,1,0,0,2026-03-27,BERKELEY,"1529 ADA ST, BERKELEY",Alameda cash buyer list,Alameda County Clerk-Recorder deeds + Assessor parcel roll
EMPIRE NC BUILDING LLC,,,1682 LANGLEY AVE,IRVINE,CA,92614,Verified,Investor,1,0,0,2026-03-27,SAN LEANDRO,"940 WILLIAMS ST, SAN LEANDRO",Alameda cash buyer list,Alameda County Clerk-Recorder deeds + Assessor parcel roll
HAMAARA VIBE LLC,,,16 SIONAS PL,HAYWARD,CA,94542,Verified,Investor,1,0,0,2026-03-26,LIVERMORE,"ARROYO RD, LIVERMORE",Alameda cash buyer list,Alameda County Clerk-Recorder deeds + Assessor parcel roll
552 ENOS MANAGEMENT LLC,,,5970 DIAL WAY,SAN JOSE,CA,95129,Verified,Investor,1,0,0,2026-03-26,LIVERMORE,"552 ENOS WAY, LIVERMORE",Alameda cash buyer list,Alameda County Clerk-Recorder deeds + Assessor parcel roll
AVIS HOMES LLC,,,790 MAHOGANY,SUNNYVALE,CA,94086,Verified,Investor,1,0,1,2026-03-26,HAYWARD,"27949 THORNTON CT 1B, HAYWARD",Alameda cash buyer list; Flipper (resold a property),Alameda County Clerk-Recorder deeds + Assessor parcel roll
8350 PARDEE DRIVE LLC,,,150 S FIFTH ST 2675,MINNEAPOLIS,MN,55402,Verified,Investor,1,0,0,2026-03-25,OAKLAND,"8350 PARDEE DR, OAKLAND",Alameda cash buyer list,Alameda County Clerk-Recorder deeds + Assessor parcel roll
SWIFT BUILD INC,,,4497 CHERRYWOOD AVE,FREMONT,CA,94538,Verified,Investor,1,0,0,2026-03-25,FREMONT,"4116 FAIRWOOD ST, FREMONT",Alameda cash buyer list,Alameda County Clerk-Recorder deeds + Assessor parcel roll
AMMM PROPERTY HOLDINGS LLC,,,565 BELLEVUE AVE 2108,OAKLAND,CA,94610,Verified,Investor,1,0,0,2026-03-25,HAYWARD,"31857 VALLEY FORGE ST, HAYWARD",Alameda cash buyer list,Alameda County Clerk-Recorder deeds + Assessor parcel roll
BEAL ESTATE HOLDINGS LLC,,,742 LAKECREST DR,EL DORADO HILLS,CA,95762,Verified,Investor,1,0,0,2026-03-24,EMERYVILLE,"1517 BRUNSWIG LN 29, EMERYVILLE",Alameda cash buyer list,Alameda County Clerk-Recorder deeds + Assessor parcel roll
SAMPI LLC,,,2314 BLAKE ST,BERKELEY,CA,94704,Verified,Investor,1,0,0,2026-03-24,BERKELEY,"2400 SAN PABLO AVE, BERKELEY",Alameda cash buyer list,Alameda County Clerk-Recorder deeds + Assessor parcel roll
41240 ROBERTS AVENUE LLC,,,1290 B ST 212,HAYWARD,CA,94541,Verified,Investor,1,0,0,2026-03-24,FREMONT,"ROBERTS AVE, FREMONT",Alameda cash buyer list,Alameda County Clerk-Recorder deeds + Assessor parcel roll
DIGAMARK LLC,,,11501 DUBLIN BLVD 200,DUBLIN,CA,94568,Verified,Investor,1,0,0,2026-03-23,OAKLAND,"3801 SANTA RITA ST, OAKLAND",Alameda cash buyer list,Alameda County Clerk-Recorder deeds + Assessor parcel roll
VENTEC INVESTMENT LLC,,,110 JUDGE JOHN AISO ST 818,LOS ANGELES,CA,90012,Verified,Investor,1,0,0,2026-03-23,BERKELEY,"1800 SOLANO AVE, BERKELEY",Alameda cash buyer list,Alameda County Clerk-Recorder deeds + Assessor parcel roll
TWIN RIVERS CAPITAL,,,2255 WATT AVE 125,SACRAMENTO,CA,95825,Verified,Investor,1,1,0,2026-03-23,OAKLAND,"4824 BANCROFT AVE, OAKLAND",Alameda cash buyer list; Foreclosure auction buyer,Alameda County Clerk-Recorder deeds + Assessor parcel roll
MALKIM CAPITAL LLC,,,23586 CALABASAS RD 203,CALABASAS,CA,91302,Verified,Investor,1,0,0,2026-03-23,OAKLAND,"9616 MACARTHUR BLVD, OAKLAND",Alameda cash buyer list,Alameda County Clerk-Recorder deeds + Assessor parcel roll
11 CORDOBA CT LLC,,,8 CAMBRIDGE,MANHATTAN BEACH,CA,90266,Verified,Investor,1,0,0,2026-03-23,OAKLAND,"WOODROW DR, OAKLAND",Alameda cash buyer list,Alameda County Clerk-Recorder deeds + Assessor parcel roll
DEZARE HOLDINGS LLC,,,9110 AKCISTA BLVD 3987,SAN RAMON,CA,94583,Verified,Investor,1,0,0,2026-03-23,BERKELEY,"1883 SOLANO AVE, BERKELEY",Alameda cash buyer list,Alameda County Clerk-Recorder deeds + Assessor parcel roll
BALENTINE LLC,,,1284 FORGEWOOD AVE,SUNNYVALE,CA,94089,Verified,Investor,1,0,0,2026-03-20,NEWARK,"39888 BALENTINE DR, NEWARK",Alameda cash buyer list,Alameda County Clerk-Recorder deeds + Assessor parcel roll
1305 MARINA VILLAGE LLC,,,2026 SANTA CLARA AVE,ALAMEDA,CA,94501,Verified,Investor,1,0,0,2026-03-20,ALAMEDA,"1305 MARINA VILLAGE PKWY, ALAMEDA",Alameda cash buyer list,Alameda County Clerk-Recorder deeds + Assessor parcel roll
OAKLAND 90403 LLC,,,4924 BALBOA BLVD 304,ENCINO,CA,91316,Verified,Investor,1,0,0,2026-03-20,PIEDMONT,"80 SOMERSET RD, PIEDMONT",Alameda cash buyer list,Alameda County Clerk-Recorder deeds + Assessor parcel roll
CHANDI DEVELOPMENT LLC,,,751 4TH ST,SANTA ROSA,CA,95404,Verified,Investor,1,0,0,2026-03-20,OAKLAND,"8300 OAKPORT ST, OAKLAND",Alameda cash buyer list,Alameda County Clerk-Recorder deeds + Assessor parcel roll
BMC BUILDERS LLC,,,1906 RANDALL AVE,CONCORD,CA,94520,Verified,Investor,1,0,0,2026-03-20,OAKLAND,"3825 KELLER AVE, OAKLAND",Alameda cash buyer list,Alameda County Clerk-Recorder deeds + Assessor parcel roll
KENZAN PROPERTIES LLC,,,2000 ALAMEDA DE LAS PULGA 154,SAN MATEO,CA,94403,Verified,Investor,1,0,0,2026-03-20,OAKLAND,"35 HEGENBERGER PL, OAKLAND",Alameda cash buyer list,Alameda County Clerk-Recorder deeds + Assessor parcel roll
EIGHTYTHREE MCALLISTER LLC,,,P.O. BOX 642276,SAN FRANCISCO,CA,94164,Verified,Investor,1,0,1,2026-03-19,BERKELEY,"1115 HARRISON ST, BERKELEY",Alameda cash buyer list; Flipper (resold a property),Alameda County Clerk-Recorder deeds + Assessor parcel roll
2200 SAN PABLO LLC,,,2576 LA DON CT,CASTRO VALLEY,CA,94546,Verified,Investor,1,0,0,2026-03-19,BERKELEY,"2200 SAN PABLO AVE, BERKELEY",Alameda cash buyer list,Alameda County Clerk-Recorder deeds + Assessor parcel roll
WGI PROPERTY GROUP LLC,,,2377 STAR AVE,CASTRO VALLEY,CA,94546,Verified,Investor,1,0,0,2026-03-18,CASTRO VALLEY,"4834 KATHLEEN AVE, CASTRO VALLEY",Alameda cash buyer list,Alameda County Clerk-Recorder deeds + Assessor parcel roll
JILL PINOT LLC,,,3079 DANIELLE LN,LIVERMORE,CA,94550,Verified,Investor,1,0,0,2026-03-18,LIVERMORE,"2024 PINOT CT, LIVERMORE",Alameda cash buyer list,Alameda County Clerk-Recorder deeds + Assessor parcel roll
CANYON RENTALS LLC,,,40087 MISSION BLVD PO B,FREMONT,CA,94537,Verified,Investor,1,0,0,2026-03-18,FREMONT,"38821 CANYON HEIGHTS DR, FREMONT",Alameda cash buyer list,Alameda County Clerk-Recorder deeds + Assessor parcel roll
CASA GUATELINDA V & C INC,,,2216 83RD AVE,OAKLAND,CA,94605,Verified,Investor,1,0,0,2026-03-18,OAKLAND,"3829 FOOTHILL BLVD, OAKLAND",Alameda cash buyer list,Alameda County Clerk-Recorder deeds + Assessor parcel roll
BRYNLEE APACHE LLC,,,1169 APACHE ST,LIVERMORE,CA,94551,Verified,Investor,1,0,0,2026-03-18,LIVERMORE,"1169 APACHE ST, LIVERMORE",Alameda cash buyer list,Alameda County Clerk-Recorder deeds + Assessor parcel roll
1413PARK LLC,,,11 GARDINER CT,ORINDA,CA,94563,Verified,Investor,1,0,0,2026-03-18,ALAMEDA,"1301 WALNUT ST, ALAMEDA",Alameda cash buyer list,Alameda County Clerk-Recorder deeds + Assessor parcel roll
UNION CITY HOME LLC,,,4523 CALAVERAS AVE,FREMONT,CA,94538,Verified,Investor,1,0,0,2026-03-18,UNION CITY,"33545 9TH ST, UNION CITY",Alameda cash buyer list,Alameda County Clerk-Recorder deeds + Assessor parcel roll
ABC FIRST INC,,,17890 CASTLETON ST 100,INDUSTRY,CA,91748,Verified,Investor,1,1,0,2026-03-17,NEWARK,"35564 BISCAY PL, NEWARK",Alameda cash buyer list; Foreclosure auction buyer,Alameda County Clerk-Recorder deeds + Assessor parcel roll
LEASING INTERNATIONAL HOLDINGS LLC,,,35 BLACK HAWK,IRVINE,CA,92603,Verified,Investor,1,0,0,2026-03-17,SAN LEANDRO,"604 MACARTHUR BLVD, SAN LEANDRO",Alameda cash buyer list,Alameda County Clerk-Recorder deeds + Assessor parcel roll
RADIENCE SPA LLC,,,4953 HYDE PARK DR,FREMONT,CA,94538,Verified,Investor,1,0,0,2026-03-17,OAKLAND,"238 9TH ST, OAKLAND",Alameda cash buyer list,Alameda County Clerk-Recorder deeds + Assessor parcel roll
CHILLAX NOOK LLC,,,3027 HOLYROOD DR,OAKLAND,CA,94611,Verified,Investor,1,0,0,2026-03-16,OAKLAND,"3027 HOLYROOD DR, OAKLAND",Alameda cash buyer list,Alameda County Clerk-Recorder deeds + Assessor parcel roll
HARKUSH INC,,,20 CACTUS,IRVINE,CA,92603,Verified,Investor,1,0,1,2026-03-13,PLEASANTON,"351 CHRISTINA CT, PLEASANTON",Alameda cash buyer list; Flipper (resold a property),Alameda County Clerk-Recorder deeds + Assessor parcel roll
IKONIK PROPERTY HOLDINGS LLC,,,8677 VILLA LA JOLLA DR 1102,LA JOLLA,CA,92037,Verified,Investor,1,0,1,2026-03-13,ALBANY,"720 KEY ROUTE BLVD, ALBANY",Alameda cash buyer list; Flipper (resold a property),Alameda County Clerk-Recorder deeds + Assessor parcel roll
AVIATOR LLC,,,774 SANTA CLARA AVE,ALAMEDA,CA,94501,Verified,Investor,1,0,0,2026-03-12,ALAMEDA,"2057 CENTRAL AVE, ALAMEDA",Alameda cash buyer list,Alameda County Clerk-Recorder deeds + Assessor parcel roll
SEEDS INVESTMENT LLC,,,44201 IBERO WAY,FREMONT,CA,94539,Verified,Investor,1,0,0,2026-03-12,FREMONT,"3983 LAKE WOODLAND CMN, FREMONT",Alameda cash buyer list,Alameda County Clerk-Recorder deeds + Assessor parcel roll
K S MATTSON PARTNERS LP,,,514 VIA DE LA VALLEY 210,SOLANA BEACH,CA,92705,Verified,Investor,1,0,1,2026-03-12,PIEDMONT,"236 KING AVE C, PIEDMONT",Alameda cash buyer list; Flipper (resold a property),Alameda County Clerk-Recorder deeds + Assessor parcel roll
COMMUNITY EQUITY GROUP INC,,,38 CASTLEWOOD DR,PLEASANTON,CA,94566,Verified,Investor,1,0,0,2026-03-11,NEWARK,"5549 FERNWOOD DR, NEWARK",Alameda cash buyer list,Alameda County Clerk-Recorder deeds + Assessor parcel roll
LENAS HOUSE LLC,,,20880 BAKER RD,CASTRO VALLEY,CA,94546,Verified,Investor,1,0,0,2026-03-11,HAYWARD,"411 BERRY AVE, HAYWARD",Alameda cash buyer list,Alameda County Clerk-Recorder deeds + Assessor parcel roll
CROWNSEED LLC,,,1951 11TH AVE,OAKLAND,CA,94606,Verified,Investor,1,0,0,2026-03-11,OAKLAND,"2406 E 16TH ST, OAKLAND",Alameda cash buyer list,Alameda County Clerk-Recorder deeds + Assessor parcel roll
MILDA PROPERTIES LLC,,,2603 CAMINO RAMON 200,SAN RAMON,CA,94583,Verified,Investor,1,0,0,2026-03-11,LIVERMORE,"211 MAPLE ST, LIVERMORE",Alameda cash buyer list,Alameda County Clerk-Recorder deeds + Assessor parcel roll
BD OPPORTUNITY 1 LP,,,4900 SANTA ANITA AVE 2C,EL MONTE,CA,91731,Verified,Investor,1,0,0,2026-03-10,CHERRYLAND,"20325 CONCORD AVE, CHERRYLAND",Alameda cash buyer list,Alameda County Clerk-Recorder deeds + Assessor parcel roll
29181 DIXON LLC,,,800 N MCLANE RD,PAYSON,AZ,85541,Verified,Investor,1,1,0,2026-03-09,HAYWARD,"DIXON ST, HAYWARD",Alameda cash buyer list; Foreclosure auction buyer,Alameda County Clerk-Recorder deeds + Assessor parcel roll
MENA DESIGN & BUILD LLC,,,24 W JACKSON ST #116,HAYWARD,CA,94544,Verified,Investor,1,0,0,2026-03-09,PLEASANTON,"3153 COCHISE WAY, PLEASANTON",Alameda cash buyer list,Alameda County Clerk-Recorder deeds + Assessor parcel roll
WORLD TRAVELER HOLDINGS 13526 LLC,,,PO BOX 3931,OAKLAND,CA,94609,Verified,Investor,1,0,0,2026-03-09,OAKLAND,"13526 CAMPUS DR, OAKLAND",Alameda cash buyer list,Alameda County Clerk-Recorder deeds + Assessor parcel roll
ZYRIC PARTNERS LLC,,,2000 ALAMEDA DE LAS PULGA 154,SAN MATEO,CA,94403,Verified,Investor,1,0,0,2026-03-06,OAKLAND,"2802 E 7TH ST, OAKLAND",Alameda cash buyer list,Alameda County Clerk-Recorder deeds + Assessor parcel roll
NEBULUS ENTERPRISES LLC,,,2471 CORDOVA ST,OAKLAND,CA,94602,Verified,Investor,1,0,0,2026-03-06,OAKLAND,"716 PERALTA ST, OAKLAND",Alameda cash buyer list,Alameda County Clerk-Recorder deeds + Assessor parcel roll
1295 59TH STREET LLC,,,1295 59TH ST,EMERYVILLE,CA,94608,Verified,Investor,1,0,0,2026-03-06,EMERYVILLE,"1295 59TH ST, EMERYVILLE",Alameda cash buyer list,Alameda County Clerk-Recorder deeds + Assessor parcel roll
RAGNYA DEVI LLC,,,1323 MONTROSE PL,PLEASANTON,CA,94566,Verified,Investor,1,0,0,2026-03-06,LIVERMORE,"3326 DYER RD, LIVERMORE",Alameda cash buyer list,Alameda County Clerk-Recorder deeds + Assessor parcel roll
ZRZ HOLDINGS CA LLC,,,13200 COUNTRY TRAILS LN,AUSTIN,TX,78732,Verified,Investor,1,0,0,2026-03-06,LIVERMORE,"6832 TIFFANY CMN, LIVERMORE",Alameda cash buyer list,Alameda County Clerk-Recorder deeds + Assessor parcel roll
HERITAGE RISING LLC,,,7875 CANYON MEADOWS CIR C,PLEASANTON,CA,94588,Verified,Investor,1,0,0,2026-03-05,PLEASANTON,"7875 CANYON MEADOWS CIR C, PLEASANTON",Alameda cash buyer list,Alameda County Clerk-Recorder deeds + Assessor parcel roll
MACK STREET ODYSSEY LLC,,,PO BOX 67361,SCOTTS VALLEY,CA,95067,Verified,Investor,1,0,0,2026-03-05,HAYWARD,"28855 MACK ST, HAYWARD",Alameda cash buyer list,Alameda County Clerk-Recorder deeds + Assessor parcel roll
WARFIELD AVE LLC,,,131 DEL SUR AVE,SAN FRANCISCO,CA,94127,Verified,Investor,1,0,0,2026-03-05,OAKLAND,"1021 WARFIELD AVE, OAKLAND",Alameda cash buyer list,Alameda County Clerk-Recorder deeds + Assessor parcel roll
38352 GLENVIEW DRIVE LLC,,,38352 GLENVIEW DR,FREMONT,CA,94536,Verified,Investor,1,0,0,2026-03-05,FREMONT,"38352 GLENVIEW DR, FREMONT",Alameda cash buyer list,Alameda County Clerk-Recorder deeds + Assessor parcel roll
819 TLB LLC,,,30 N GOULD ST N,SHERIDAN,WY,82801,Verified,Investor,1,0,0,2026-03-04,OAKLAND,"630 THOMAS L BERKLEY WA, OAKLAND",Alameda cash buyer list,Alameda County Clerk-Recorder deeds + Assessor parcel roll
MTM SOLUTION LLC,,,18 BLUE GUM CT,PLEASANT HILL,CA,94523,Verified,Investor,1,0,0,2026-03-04,HAYWARD,"22575 AMADOR ST, HAYWARD",Alameda cash buyer list,Alameda County Clerk-Recorder deeds + Assessor parcel roll
GREEN VISION ASSETS LLC,,,2108 N ST 8701,SACRAMENTO,CA,95816,Verified,Investor,1,0,0,2026-03-04,OAKLAND,"1409 29TH AVE, OAKLAND",Alameda cash buyer list,Alameda County Clerk-Recorder deeds + Assessor parcel roll
ESPRIT LOOP LLC,,,3970 SCOTTFIELD ST,DUBLIN,CA,94568,Verified,Investor,1,0,0,2026-03-03,DUBLIN,"5217 S ESPRIT LOOP, DUBLIN",Alameda cash buyer list,Alameda County Clerk-Recorder deeds + Assessor parcel roll
CANYON PROPCO LLC,,,6442 COLDWATER CANYON AVE 100,NORTH HOLLYWOOD,CA,91606,Verified,Investor,1,0,0,2026-03-03,CASTRO VALLEY,"22103 REDWOOD RD, CASTRO VALLEY",Alameda cash buyer list,Alameda County Clerk-Recorder deeds + Assessor parcel roll
PLC PROPERTY MANAGEMENT LLC,,,20501 HESPERIAN BLVD,HAYWARD,CA,94541,Verified,Investor,1,0,0,2026-03-03,HAYWARD,"20501 HESPERIAN BLVD, HAYWARD",Alameda cash buyer list,Alameda County Clerk-Recorder deeds + Assessor parcel roll
BAY AREA PROPERTIES LLC,,,2295 SAN PABLO AVE,BERKELEY,CA,94702,Verified,Investor,1,0,0,2026-03-03,OAKLAND,"121 41ST ST, OAKLAND",Alameda cash buyer list,Alameda County Clerk-Recorder deeds + Assessor parcel roll
FORTUNE KEY MANAGEMENT LLC,,,1538 THURLOW WAY,SAN RAMON,CA,94582,Verified,Investor,1,0,0,2026-03-03,PLEASANTON,"4250 FIRST ST, PLEASANTON",Alameda cash buyer list,Alameda County Clerk-Recorder deeds + Assessor parcel roll
VENTURA MONDELLO GROUP LLC,,,200 SAND CREEK RD D,BRENTWOOD,CA,94513,Verified,Investor,1,0,0,2026-03-02,FREMONT,"837 CORPORATE WAY, FREMONT",Alameda cash buyer list,Alameda County Clerk-Recorder deeds + Assessor parcel roll
E SANCHEZ LLC,,,1468 44TH AVE,OAKLAND,CA,94601,Verified,Investor,1,0,0,2026-03-02,OAKLAND,"1468 44TH AVE, OAKLAND",Alameda cash buyer list,Alameda County Clerk-Recorder deeds + Assessor parcel roll
HAMAARA MAIN LLC,,,16 SONAS PL,HAYWARD,CA,94542,Verified,Investor,1,0,0,2026-03-02,HAYWARD,"22872 MAIN ST, HAYWARD",Alameda cash buyer list,Alameda County Clerk-Recorder deeds + Assessor parcel roll
ELEANOR PROJECTS LLC,,,565 BELLEVUE AVE 1701 & 1,OAKLAND,CA,94610,Verified,Investor,1,0,0,2026-03-02,OAKLAND,"565 BELLEVUE AVE 1701, OAKLAND",Alameda cash buyer list,Alameda County Clerk-Recorder deeds + Assessor parcel roll
RE UNION CITY LLC,,,1 PRESIDENTIAL BLVD 400,BALA CYNWYD,PA,19004,Verified,Investor,1,0,0,2026-03-02,UNION CITY,"INDUSTRIAL PKWY, UNION CITY",Alameda cash buyer list,Alameda County Clerk-Recorder deeds + Assessor parcel roll
RE SAN LEANDRO LLC,,,1 PRESIDENTIAL BLVD 400,BALA CYNWYD,PA,19004,Verified,Investor,1,0,0,2026-03-02,SAN LEANDRO,"14845 E 14TH ST, SAN LEANDRO",Alameda cash buyer list,Alameda County Clerk-Recorder deeds + Assessor parcel roll
LUNARIS INTERNATIONAL LLC,,,2000 ALAMEDA DE LAS PULGA 154,SAN MATEO,CA,94403,Verified,Investor,1,0,0,2026-03-02,OAKLAND,"2758 E 7TH ST, OAKLAND",Alameda cash buyer list,Alameda County Clerk-Recorder deeds + Assessor parcel roll
HAMAARA CV CHAPTER LLC,,,2563 HERMOSA TER,HAYWARD,CA,94541,Verified,Investor,1,0,0,2026-03-02,CASTRO VALLEY,"3781 CASTRO VALLEY BLVD, CASTRO VALLEY",Alameda cash buyer list,Alameda County Clerk-Recorder deeds + Assessor parcel roll
EXT PROPS 1 LLC,,,PO BOX 505,DANVILLE,CA,94526,Verified,Investor,1,0,1,2026-02-27,OAKLAND,"701 25TH ST, OAKLAND",Alameda cash buyer list; Flipper (resold a property),Alameda County Clerk-Recorder deeds + Assessor parcel roll
INTELLECT ABODE LLC,,,6712 BIRCH CT,DUBLIN,CA,94568,Verified,Investor,1,0,0,2026-02-27,DUBLIN,"7149 DUBLIN MEADOWS ST G, DUBLIN",Alameda cash buyer list,Alameda County Clerk-Recorder deeds + Assessor parcel roll
SCMW HOLDINGS LLC,,,18836 LAMSON RD,CASTRO VALLEY,CA,94546,Verified,Investor,1,0,0,2026-02-27,CHERRYLAND,"698 CHERRY WAY, CHERRYLAND",Alameda cash buyer list,Alameda County Clerk-Recorder deeds + Assessor parcel roll
HENLEY PACIFIC RE LLC,,,54 JACONNET ST,NEWTON HIGHLANDS,MA,02461,Verified,Investor,1,0,0,2026-02-27,OAKLAND,"6301 SAN PABLO AVE, OAKLAND",Alameda cash buyer list,Alameda County Clerk-Recorder deeds + Assessor parcel roll
683 BROCKHURST LLC,,,1070 RAHARA DR,LAFAYETTE,CA,94549,Verified,Investor,1,0,0,2026-02-27,OAKLAND,"683 BROCKHURST ST, OAKLAND",Alameda cash buyer list,Alameda County Clerk-Recorder deeds + Assessor parcel roll
AVENIDA PALMDALE LLC,,,207 AVENIDA PALMDALE,FREMONT,CA,94539,Verified,Investor,1,0,0,2026-02-26,FREMONT,"207 AVENIDA PALMDALE, FREMONT",Alameda cash buyer list,Alameda County Clerk-Recorder deeds + Assessor parcel roll
GKSUNGU PROPERTIES LLC,,,10842 N SIERRA VISTA AVE,FRESNO,CA,93730,Verified,Investor,1,0,0,2026-02-26,FREMONT,"43337 CEDARWOOD DR, FREMONT",Alameda cash buyer list,Alameda County Clerk-Recorder deeds + Assessor parcel roll
2398 MCGEE LLC,,,1637 CHANNING WAY,BERKELEY,CA,94703,Verified,Investor,1,0,0,2026-02-25,BERKELEY,"2398 MCGEE AVE, BERKELEY",Alameda cash buyer list,Alameda County Clerk-Recorder deeds + Assessor parcel roll
2504 DENNING LLC,,,358 SCENIC AVE,PIEDMONT,CA,94611,Verified,Investor,1,0,0,2026-02-25,CASTRO VALLEY,"2504 DENNING CT, CASTRO VALLEY",Alameda cash buyer list,Alameda County Clerk-Recorder deeds + Assessor parcel roll
BREEZE CAPITAL GROUP LLC,,,26500 W AGOURA RD 338,CALABASAS,CA,91302,Verified,Investor,1,0,0,2026-02-24,HAYWARD,"1372 HIGHLAND BLVD, HAYWARD",Alameda cash buyer list,Alameda County Clerk-Recorder deeds + Assessor parcel roll
YO & EVER FIX & FLIP INVESTMENT LLC,,,2311 CYPRESS RD,OAKLY,CA,94561,Verified,Investor,1,0,1,2026-02-24,OAKLAND,"2335 RANSOM AVE, OAKLAND",Alameda cash buyer list; Flipper (resold a property),Alameda County Clerk-Recorder deeds + Assessor parcel roll
STANDISH HOME LLC,,,2585 NORDELL AVE,CASTRO VALLEY,CA,94546,Verified,Investor,1,0,0,2026-02-23,CHERRYLAND,"18543 STANDISH AVE, CHERRYLAND",Alameda cash buyer list,Alameda County Clerk-Recorder deeds + Assessor parcel roll
AVRV PROPERTIES LLC,,,1048 HUBERT RD,OAKLAND,CA,94610,Verified,Investor,1,0,0,2026-02-23,OAKLAND,"3833 LAKESHORE AVE, OAKLAND",Alameda cash buyer list,Alameda County Clerk-Recorder deeds + Assessor parcel roll
577 48TH ST LLC,,,136 ALLEN RD 1013,BAKERSFIELD,CA,93314,Verified,Investor,1,0,0,2026-02-23,OAKLAND,"577 48TH ST, OAKLAND",Alameda cash buyer list,Alameda County Clerk-Recorder deeds + Assessor parcel roll
OZO 6563 LLC,,,2224 BYRON ST,BERKELEY,CA,94702,Verified,Investor,1,0,0,2026-02-20,OAKLAND,"6563 SHATTUCK AVE, OAKLAND",Alameda cash buyer list,Alameda County Clerk-Recorder deeds + Assessor parcel roll
VSPETROUSA INC,,,6600 FOOTHILL BLVD,OAKLAND,CA,94605,Verified,Investor,1,0,0,2026-02-20,OAKLAND,"6600 FOOTHILL BLVD, OAKLAND",Alameda cash buyer list,Alameda County Clerk-Recorder deeds + Assessor parcel roll
DUBLIN CROSSING LLC,,,12657 ALCOSTA BLVD 250,SAN RAMON,CA,94583,Verified,Investor,1,0,0,2026-02-20,DUBLIN,"DOUGHERTY RD, DUBLIN",Alameda cash buyer list,Alameda County Clerk-Recorder deeds + Assessor parcel roll
NB3CA LLC,,,5223 RIDGEVALE WAY,PLEASANTON,CA,94566,Verified,Investor,1,0,0,2026-02-19,OAKLAND,"3012 E 18TH ST, OAKLAND",Alameda cash buyer list,Alameda County Clerk-Recorder deeds + Assessor parcel roll
CAVIAR CO LLC,,,1954 UNION ST,SAN FRANCISCO,CA,94123,Verified,Investor,1,0,0,2026-02-19,BERKELEY,"1621 5TH ST, BERKELEY",Alameda cash buyer list,Alameda County Clerk-Recorder deeds + Assessor parcel roll
KAMPUNG MAJU HOLDINGS LLC,,,1767 PLACER CIR,LIVERMORE,CA,94551,Verified,Investor,1,0,0,2026-02-19,CASTRO VALLEY,"1446 A ST, CASTRO VALLEY",Alameda cash buyer list,Alameda County Clerk-Recorder deeds + Assessor parcel roll
DMND3 LLC,,,336 EL CAMINO REAL,SAN CARLOS,CA,94070,Verified,Investor,1,0,0,2026-02-19,OAKLAND,"671 VERNON ST, OAKLAND",Alameda cash buyer list,Alameda County Clerk-Recorder deeds + Assessor parcel roll
SDH LLC,,,1960 BLUE OAKS BLVD 190,ROSEVILLE,CA,95747,Verified,Investor,1,0,0,2026-02-19,BERKELEY,"1154 SPRUCE ST, BERKELEY",Alameda cash buyer list,Alameda County Clerk-Recorder deeds + Assessor parcel roll
CASTRO VALLEY MONTESSORI PROPERTY LLC,,,7872 PINEVILLE CIR,CASTRO VALLEY,CA,94552,Verified,Investor,1,0,0,2026-02-19,CASTRO VALLEY,"4274 SEVEN HILLS RD, CASTRO VALLEY",Alameda cash buyer list,Alameda County Clerk-Recorder deeds + Assessor parcel roll
RENOVATE 1409 SCENIC LLC,,,1360 5TH ST,BERKELEY,CA,94710,Verified,Investor,1,0,1,2026-02-19,BERKELEY,"1409 SCENIC AVE, BERKELEY",Alameda cash buyer list; Flipper (resold a property),Alameda County Clerk-Recorder deeds + Assessor parcel roll
REFORM INVESTMENTS,,,3554 BECKWITH RD,MODESTO,CA,95358,Verified,Investor,1,0,0,2026-02-18,OAKLAND,"8415 ASTER AVE, OAKLAND",Alameda cash buyer list,Alameda County Clerk-Recorder deeds + Assessor parcel roll
SFT CO LLC,,,60 BRADLEY AVE,WALNUT CREEK,CA,94596,Verified,Investor,1,0,1,2026-02-17,OAKLAND,"4431 TERRABELLA WAY, OAKLAND",Alameda cash buyer list; Flipper (resold a property),Alameda County Clerk-Recorder deeds + Assessor parcel roll
PINNACLE ASSETS 6319 BUENA LLC,,,1447 30TH AVE,SAN FRANCISCO,CA,94122,Verified,Investor,1,0,1,2026-02-17,OAKLAND,"6319 BUENA VENTURA AVE, OAKLAND",Alameda cash buyer list; Flipper (resold a property),Alameda County Clerk-Recorder deeds + Assessor parcel roll
CAPTAIN MARKET INC,,,2531 M L KING JR WAY,OAKLAND,CA,94612,Verified,Investor,1,0,0,2026-02-17,OAKLAND,"2531 M L KING JR WAY, OAKLAND",Alameda cash buyer list,Alameda County Clerk-Recorder deeds + Assessor parcel roll
YAKTE PROPERTIES LLC,,,1349 EMPIRE CENTRAL DR 1300,DALLAS,TX,75247,Verified,Investor,1,1,0,2026-02-17,OAKLAND,"57 MALTA CT, OAKLAND",Alameda cash buyer list; Foreclosure auction buyer,Alameda County Clerk-Recorder deeds + Assessor parcel roll
AVA LIVERMORE LLC,,,51 PARKSIDE DR,BERKELEY,CA,94705,Verified,Investor,1,0,0,2026-02-13,LIVERMORE,"3998 EAST AVE, LIVERMORE",Alameda cash buyer list,Alameda County Clerk-Recorder deeds + Assessor parcel roll
VERNON ROSE LLC,,,31 MAGDALENA CT,MILL VALLEY,CA,94941,Verified,Investor,1,0,1,2026-02-13,SAN LEANDRO,"2735 MARINA BLVD, SAN LEANDRO",Alameda cash buyer list; Flipper (resold a property),Alameda County Clerk-Recorder deeds + Assessor parcel roll
SP II SAN LORENZO LLC,,,5152 N EDGEWOOD DR 100,PROVO,UT,84604,Verified,Investor,1,0,0,2026-02-13,ASHLAND,"16440 ASHLAND AVE, ASHLAND",Alameda cash buyer list,Alameda County Clerk-Recorder deeds + Assessor parcel roll
CULTIVATE SPACE LLC,,,227 EI CERRITO AVE,PIEDMONT,CA,94611,Verified,Investor,1,0,0,2026-02-13,OAKLAND,"6250 THORNHILL DR, OAKLAND",Alameda cash buyer list,Alameda County Clerk-Recorder deeds + Assessor parcel roll
SPLASH BROTHERS PROPERTIES LLC,,,15018 HESPERIAN BLVD,SAN LEANDRO,CA,94578,Verified,Investor,1,0,0,2026-02-13,CASTRO VALLEY,"2495 CASTRO VALLEY BLVD, CASTRO VALLEY",Alameda cash buyer list,Alameda County Clerk-Recorder deeds + Assessor parcel roll
BEES & SO ON LLC,,,220 JACKSON ST 2,SAN FRANCISCO,CA,94111,Verified,Investor,1,0,0,2026-02-11,OAKLAND,"SKYLINE BLVD, OAKLAND",Alameda cash buyer list,Alameda County Clerk-Recorder deeds + Assessor parcel roll
MAGNOLYA RENOVATION LLC,,,55 TAMALPAIS RD,BERKELEY,CA,94708,Verified,Investor,1,0,0,2026-02-11,BERKELEY,"111 FAIRLAWN DR, BERKELEY",Alameda cash buyer list,Alameda County Clerk-Recorder deeds + Assessor parcel roll
295 SCENIC REALTY LLC,,,295 SCENIC AVE,PIEDMONT,CA,94611,Verified,Investor,1,0,0,2026-02-10,PIEDMONT,"295 SCENIC AVE, PIEDMONT",Alameda cash buyer list,Alameda County Clerk-Recorder deeds + Assessor parcel roll
DUBLIN CANYON LLC,,,10633 DUBLIN CANYON RD,PLEASANTON,CA,94588,Verified,Investor,1,0,0,2026-02-10,PLEASANTON,"10633 DUBLIN CANYON RD, PLEASANTON",Alameda cash buyer list,Alameda County Clerk-Recorder deeds + Assessor parcel roll
3884 MLK LLC,,,PO BOX 638,HEALDSBURG,CA,95448,Verified,Investor,1,0,0,2026-02-09,OAKLAND,"3884 M L KING JR WAY, OAKLAND",Alameda cash buyer list,Alameda County Clerk-Recorder deeds + Assessor parcel roll
AN PING REAL ESTATE LLC,,,22029 E LYNDON LOOP,CASTRO VALLEY,CA,94552,Verified,Investor,1,0,0,2026-02-09,ASHLAND,"793 E LEWELLING BLVD, ASHLAND",Alameda cash buyer list,Alameda County Clerk-Recorder deeds + Assessor parcel roll
LAKESIDE LLC,,,39465 PASEO PADRE PKWY 1500,FREMONT,CA,94538,Verified,Investor,1,0,0,2026-02-09,OAKLAND,"200 LAKESIDE DR, OAKLAND",Alameda cash buyer list,Alameda County Clerk-Recorder deeds + Assessor parcel roll
MG OAK CAPITAL LLC,,,7633 SUNKIST DR,OAKLAND,CA,94605,Verified,Investor,1,0,1,2026-02-09,OAKLAND,"11201 LOCHARD ST, OAKLAND",Alameda cash buyer list; Flipper (resold a property),Alameda County Clerk-Recorder deeds + Assessor parcel roll
MADISON STREET HOLDINGS LLC,,,641 SEMPLE CT,BENICIA,CA,94510,Verified,Investor,1,0,0,2026-02-06,OAKLAND,"1593 MADISON ST, OAKLAND",Alameda cash buyer list,Alameda County Clerk-Recorder deeds + Assessor parcel roll
ELAN HERITAGE QOZB LLC,,,1015 ST. JOSEPH AVE,LOS ALTOS,CA,94024,Verified,Investor,1,0,0,2026-02-06,OAKLAND,"8301 MACARTHUR BLVD, OAKLAND",Alameda cash buyer list,Alameda County Clerk-Recorder deeds + Assessor parcel roll
GPAS HOUSE LLC,,,P O BOX 270,BRECKENRIDGE,CO,80424,Verified,Investor,1,0,0,2026-02-06,PIEDMONT,"21 CAPERTON AVE, PIEDMONT",Alameda cash buyer list,Alameda County Clerk-Recorder deeds + Assessor parcel roll
MA HOLDINGS LLC,,,104 BROOKLYN DR,GEORGETOWN,TX,78626,Verified,Investor,1,0,0,2026-02-06,LIVERMORE,"117 MISTY CIR, LIVERMORE",Alameda cash buyer list,Alameda County Clerk-Recorder deeds + Assessor parcel roll
NEWPORT DEVELOPERS LLC,,,1009 BLOSSOM RIVER WAY 297,SAN JOSE,CA,95123,Verified,Investor,1,0,0,2026-02-05,BERKELEY,"1711 CARLETON ST, BERKELEY",Alameda cash buyer list,Alameda County Clerk-Recorder deeds + Assessor parcel roll
3400 FOOTHILL LLC,,,252 S BEVERLY DR C,BEVERLY HILLS,CA,90212,Verified,Investor,1,0,1,2026-02-05,OAKLAND,"3400 FOOTHILL BLVD, OAKLAND",Alameda cash buyer list; Flipper (resold a property),Alameda County Clerk-Recorder deeds + Assessor parcel roll
SKYLINE HOMEOWNER LLC,,,220 JACKSON ST 2,SAN FRANCISCO,CA,94111,Verified,Investor,1,0,0,2026-02-04,OAKLAND,"GRIZZLY PEAK BLVD, OAKLAND",Alameda cash buyer list,Alameda County Clerk-Recorder deeds + Assessor parcel roll
8522 MACARTHUR BLVD LLC,,,555 LAUREL AVE 328,SAN MATEO,CA,94401,Verified,Investor,1,0,0,2026-02-04,OAKLAND,"8522 MACARTHUR BLVD, OAKLAND",Alameda cash buyer list,Alameda County Clerk-Recorder deeds + Assessor parcel roll
NITHE LLC,,,211 WARREN ST 2,BROOKLYN,NY,11201,Verified,Investor,1,0,0,2026-02-04,PIEDMONT,"44 BELLEVUE AVE, PIEDMONT",Alameda cash buyer list,Alameda County Clerk-Recorder deeds + Assessor parcel roll
REIVO FUND III LLC,,,33508 MUSTANG ST,FREMONT,CA,94555,Verified,Investor,1,0,0,2026-02-04,FREMONT,"236 OTTAWA WAY, FREMONT",Alameda cash buyer list,Alameda County Clerk-Recorder deeds + Assessor parcel roll
SINGH PROPERTIES HOLDING LLC,,,1663 VINEHILL ST,FREMONT,CA,94539,Verified,Investor,1,0,0,2026-02-04,FREMONT,"4051 IRVINGTON AVE, FREMONT",Alameda cash buyer list,Alameda County Clerk-Recorder deeds + Assessor parcel roll
HURLEY VILLAGE LLC,,,8545 WEYAND AVE,SACRAMENTO,CA,95828,Verified,Investor,1,0,0,2026-02-03,BERKELEY,"1321 GILMAN ST, BERKELEY",Alameda cash buyer list,Alameda County Clerk-Recorder deeds + Assessor parcel roll
OCEAN VIEW DREAMS LLC,,,37010 DUSTERBERRY WAY 143,FREMONT,CA,94537,Verified,Investor,1,0,0,2026-02-03,CHERRYLAND,"21462 OCEAN VIEW DR, CHERRYLAND",Alameda cash buyer list,Alameda County Clerk-Recorder deeds + Assessor parcel roll
KALEEM HOMES LLC,,,338 W TENNYSON RD,HAYWARD,CA,94544,Verified,Investor,1,0,0,2026-02-03,HAYWARD,"2109 PAPPAS PL, HAYWARD",Alameda cash buyer list,Alameda County Clerk-Recorder deeds + Assessor parcel roll
REPUBLIC 59 LLC,,,1959 REPUBLIC AVE,SAN LEANDRO,CA,94577,Verified,Investor,1,0,0,2026-02-03,SAN LEANDRO,"1959 REPUBLIC AVE, SAN LEANDRO",Alameda cash buyer list,Alameda County Clerk-Recorder deeds + Assessor parcel roll
API PACIFIC LLC,,,22320 FOOTHILL BLVD 560,HAYWARD,CA,94541,Verified,Investor,1,0,0,2026-02-02,HAYWARD,"740 FOLSOM AVE, HAYWARD",Alameda cash buyer list,Alameda County Clerk-Recorder deeds + Assessor parcel roll
GRAHAMBO LLC,,,P.O. BOX 1434,ALAMO,CA,94507,Verified,Investor,1,0,0,2026-02-02,SAN LEANDRO,"1650 ABRAM CT, SAN LEANDRO",Alameda cash buyer list,Alameda County Clerk-Recorder deeds + Assessor parcel roll
TRANVU LLC,,,526 CALERO AVE,SAN JOSE,CA,95123,Verified,Investor,1,0,0,2026-02-02,OAKLAND,"1616 3RD ST, OAKLAND",Alameda cash buyer list,Alameda County Clerk-Recorder deeds + Assessor parcel roll
SA ZENPEAKS VENTURES LLC,,,1898 PARROTT DR,SAN MATEO,CA,94402,Verified,Investor,1,0,1,2026-01-30,OAKLAND,"2309 LEIMERT BLVD, OAKLAND",Alameda cash buyer list; Flipper (resold a property),Alameda County Clerk-Recorder deeds + Assessor parcel roll
CAL BAY ADMIN LLC,,,5476 GREENRIDGE RD,CASTRO VALLEY,CA,94552,Verified,Investor,1,0,1,2026-01-30,OAKLAND,"1043 E 18TH ST, OAKLAND",Alameda cash buyer list; Flipper (resold a property),Alameda County Clerk-Recorder deeds + Assessor parcel roll
FML ACQUISITIONS LLC,,,4915 ARENDALL ST J BO,MOREHEAD,NC,28557,Verified,Investor,1,0,1,2026-01-30,OAKLAND,"2220 100TH AVE, OAKLAND",Alameda cash buyer list; Flipper (resold a property),Alameda County Clerk-Recorder deeds + Assessor parcel roll
MAYARS HALAL MEATS LLC,,,13196 BIRD RD,LIVINGSTON,CA,95334,Verified,Investor,1,0,0,2026-01-30,OAKLAND,"1522 GRAND VIEW DR, OAKLAND",Alameda cash buyer list,Alameda County Clerk-Recorder deeds + Assessor parcel roll
DR SMILE LLC,,,9 MUIR BEACH CIR,CORONA DEL MAR,CA,92625,Verified,Investor,1,0,0,2026-01-30,OAKLAND,"7087 SKYLINE BLVD, OAKLAND",Alameda cash buyer list,Alameda County Clerk-Recorder deeds + Assessor parcel roll
SLCC INC,,,160 BALBOA WAY,SAN BRUNO,CA,94066,Verified,Investor,1,0,0,2026-01-30,SAN LEANDRO,"14332 WASHINGTON AVE, SAN LEANDRO",Alameda cash buyer list,Alameda County Clerk-Recorder deeds + Assessor parcel roll
EAGLE 21135 INC,,,2121 MULLER DR,WOODLAND,CA,95776,Verified,Investor,1,0,0,2026-01-30,CHERRYLAND,"21135 MISSION BLVD, CHERRYLAND",Alameda cash buyer list,Alameda County Clerk-Recorder deeds + Assessor parcel roll
CRESTORA LLC,,,179 KERRY CMN,FREMONT,CA,94536,Verified,Investor,1,0,0,2026-01-30,HAYWARD,"3401 ENTERPRISE AVE, HAYWARD",Alameda cash buyer list,Alameda County Clerk-Recorder deeds + Assessor parcel roll
EMAJIN LLC,,,4692 GERANIUM PL,OAKLAND,CA,94619,Verified,Investor,1,0,0,2026-01-29,OAKLAND,"2836 68TH AVE, OAKLAND",Alameda cash buyer list,Alameda County Clerk-Recorder deeds + Assessor parcel roll
1417 NINTH ST LLC,,,115 JENNIFER CT,ALAMO,CA,94507,Verified,Investor,1,0,0,2026-01-29,ALAMEDA,"1417 9TH ST, ALAMEDA",Alameda cash buyer list,Alameda County Clerk-Recorder deeds + Assessor parcel roll
2036 SAN JOSE AVE LLC,,,115 JENNIFER CT,ALAMO,CA,94507,Verified,Investor,1,0,0,2026-01-29,ALAMEDA,"2036 SAN JOSE AVE, ALAMEDA",Alameda cash buyer list,Alameda County Clerk-Recorder deeds + Assessor parcel roll
STAR RIDGE LLC,,,20722 CROW CREEK RD,CASTRO VALLEY,CA,94552,Verified,Investor,1,0,0,2026-01-29,HAYWARD,"1264 A ST, HAYWARD",Alameda cash buyer list,Alameda County Clerk-Recorder deeds + Assessor parcel roll
F & M 3227 LLC,,,4254 GOLDEN OAK CT,DANVILLE,CA,94506,Verified,Investor,1,0,0,2026-01-28,OAKLAND,"3227 PRENTISS ST, OAKLAND",Alameda cash buyer list,Alameda County Clerk-Recorder deeds + Assessor parcel roll
WOOL FAMILY RANCH LLC,,,148 REMINGTON ST 100,FORT COLLINS,CO,80524,Verified,Investor,1,0,0,2026-01-28,SUNOL,"MILL CREEK RD, SUNOL",Alameda cash buyer list,Alameda County Clerk-Recorder deeds + Assessor parcel roll
271 CURTNER AVENUE LLC,,,"750 BATTERY ST, 5TH FLOOR",SAN FRANCISCO,CA,94111,Verified,Investor,1,0,0,2026-01-28,OAKLAND,"3719 EMERSON ST, OAKLAND",Alameda cash buyer list,Alameda County Clerk-Recorder deeds + Assessor parcel roll
VAN TRUC VUONG ASSET HOLDING LLC,,,13389 FOLSOM BLVD / PO BO 309,FOLSOM,CA,95763,Verified,Investor,1,0,0,2026-01-28,OAKLAND,"1 EMBARCADERO W M27, OAKLAND",Alameda cash buyer list,Alameda County Clerk-Recorder deeds + Assessor parcel roll
498 CAPITAL GROUP LLC,,,44 N JACKSON WAY,ALAMO,CA,94507,Verified,Investor,1,0,0,2026-01-28,OAKLAND,"498 CAPITAL ST, OAKLAND",Alameda cash buyer list,Alameda County Clerk-Recorder deeds + Assessor parcel roll
2806 REGENT STREET LLC,,,5820 OCEAN VIEW DR,OAKLAND,CA,94618,Verified,Investor,1,0,0,2026-01-28,BERKELEY,"2806 REGENT ST, BERKELEY",Alameda cash buyer list,Alameda County Clerk-Recorder deeds + Assessor parcel roll
EQUITY TRUST CO CUSTDN,,,2694 ST HELENA CT,LIVERMORE,CA,94550,Verified,Investor,1,0,1,2026-01-27,LIVERMORE,"2869 KENNEDY ST, LIVERMORE",Alameda cash buyer list; Flipper (resold a property),Alameda County Clerk-Recorder deeds + Assessor parcel roll
AVP LLC,,,2040 BANCROFT WAY 301,BERKELEY,CA,94704,Verified,Investor,1,0,0,2026-01-27,BERKELEY,"1865 EUCLID AVE, BERKELEY",Alameda cash buyer list,Alameda County Clerk-Recorder deeds + Assessor parcel roll
PS EP 25 LLC,,,5 VAUGHN DR 202,PRINCETON,NJ,08540,Verified,Investor,1,0,0,2026-01-27,EMERYVILLE,"1776 POWELL ST, EMERYVILLE",Alameda cash buyer list,Alameda County Clerk-Recorder deeds + Assessor parcel roll
BLACK TIGER INVESTMENTS LLC,,,596 KEVENAIRE DR,MILPITAS,CA,95035,Verified,Investor,1,0,0,2026-01-27,HAYWARD,"25231 WHITMAN ST 101, HAYWARD",Alameda cash buyer list,Alameda County Clerk-Recorder deeds + Assessor parcel roll
HAPPYOCEAN LLC,,,41450 PELHAM CT,FREMONT,CA,94539,Verified,Investor,1,0,0,2026-01-26,OAKLAND,"5416 ESTATES DR, OAKLAND",Alameda cash buyer list,Alameda County Clerk-Recorder deeds + Assessor parcel roll
4032 ALTAMONT LLC,,,3316 LAGUNA WAY,OAKLAND,CA,94602,Verified,Investor,1,0,0,2026-01-26,OAKLAND,"4032 ALTAMONT AVE, OAKLAND",Alameda cash buyer list,Alameda County Clerk-Recorder deeds + Assessor parcel roll
TX4 TRADING LLC,,,4655 HILL TOP VIEW LN,SAN JOSE,CA,95138,Verified,Investor,1,0,1,2026-01-26,FREMONT,"3629 FRANKLIN AVE, FREMONT",Alameda cash buyer list; Flipper (resold a property),Alameda County Clerk-Recorder deeds + Assessor parcel roll
TLG INVESTMENT LLC,,,2150 RINGWOOD AVE,SAN JOSE,CA,95131,Verified,Investor,1,0,0,2026-01-23,HAYWARD,"2436 WHIPPLE RD, HAYWARD",Alameda cash buyer list,Alameda County Clerk-Recorder deeds + Assessor parcel roll
MY QUINTAS LLC,,,4560 FELLOWS ST,UNION CITY,CA,94587,Verified,Investor,1,0,0,2026-01-23,HAYWARD,"2486 TECHNOLOGY DR, HAYWARD",Alameda cash buyer list,Alameda County Clerk-Recorder deeds + Assessor parcel roll
KANTO VENTURES LLC,,,322 SUNSET DR,DANVILLE,CA,94506,Verified,Investor,1,0,0,2026-01-23,FAIRVIEW,"23884 MADEIROS AVE, FAIRVIEW",Alameda cash buyer list,Alameda County Clerk-Recorder deeds + Assessor parcel roll
PROJECT ZERO LLC,,,5165 SHAFTER AVE,OAKLAND,CA,94618,Verified,Investor,1,0,0,2026-01-22,OAKLAND,"6518 SAN PABLO AVE, OAKLAND",Alameda cash buyer list,Alameda County Clerk-Recorder deeds + Assessor parcel roll
A S K MANAGEMENT LLC,,,27 LA VISTA WAY,DANVILLE,CA,94506,Verified,Investor,1,0,1,2026-01-22,ALBANY,"535 PIERCE ST 1316, ALBANY",Alameda cash buyer list; Flipper (resold a property),Alameda County Clerk-Recorder deeds + Assessor parcel roll
5950 MACARTHUR BLVD LLC,,,16829 PRESIDENT DR,CASTRO VALLEY,CA,94578,Verified,Investor,1,0,0,2026-01-22,OAKLAND,"5542 INTERNATIONAL BLVD, OAKLAND",Alameda cash buyer list,Alameda County Clerk-Recorder deeds + Assessor parcel roll
ZYLIDAC BIO LLC,,,73 ROUTE 31 NORTH,PENNINGTON,NJ,08534,Verified,Investor,1,0,0,2026-01-22,BERKELEY,"901 HEINZ AVE, BERKELEY",Alameda cash buyer list,Alameda County Clerk-Recorder deeds + Assessor parcel roll
AU N ARCHS LLC,,,16457 ENGLEWOOD AVE,LOS GATOS,CA,95032,Verified,Investor,1,0,0,2026-01-21,BERKELEY,"1850 ARCH ST, BERKELEY",Alameda cash buyer list,Alameda County Clerk-Recorder deeds + Assessor parcel roll
FID TOR PROJECTS LLC,,,4721 TORREY PINES CIR,SAN JOSE,CA,95124,Verified,Investor,1,0,0,2026-01-21,HAYWARD,"1068 CENTRAL BLVD, HAYWARD",Alameda cash buyer list,Alameda County Clerk-Recorder deeds + Assessor parcel roll
EARLY YEARS LEARNING CENTER LLC,,,6241 ROBIN CT,PLEASANTON,CA,94588,Verified,Investor,1,0,0,2026-01-20,PLEASANTON,"1251 HOPYARD RD, PLEASANTON",Alameda cash buyer list,Alameda County Clerk-Recorder deeds + Assessor parcel roll
AMC CAPITAL COVE BUILDERS LLC,,,2450 VISTA HOGAR,NEWPORT BEACH,CA,92660,Verified,Investor,1,0,0,2026-01-20,OAKLAND,"3110 UNION ST, OAKLAND",Alameda cash buyer list,Alameda County Clerk-Recorder deeds + Assessor parcel roll
OBP PROPERTY HOLDINGS LLC,,,"1 COLUMBUS CIRCLE, 15TH F",NEW YORK,NY,10019,Verified,Investor,1,1,0,2026-01-20,OAKLAND,"1901 HARRISON ST, OAKLAND",Alameda cash buyer list; Foreclosure auction buyer,Alameda County Clerk-Recorder deeds + Assessor parcel roll
TRIPLE R INVESTMENTS LLC,,,18319 DAYBREAK GLEN WAY,HOUSTON,TX,77433,Verified,Investor,1,0,0,2026-01-20,BERKELEY,"2747 SAN PABLO AVE 209, BERKELEY",Alameda cash buyer list,Alameda County Clerk-Recorder deeds + Assessor parcel roll
TESORO TOVA LLC,,,460 SPRUCE ST,BERKELEY,CA,94708,Verified,Investor,1,0,0,2026-01-16,PLEASANTON,"1063 SERPENTINE LN E 1, PLEASANTON",Alameda cash buyer list,Alameda County Clerk-Recorder deeds + Assessor parcel roll
GRAND LAKE GROUP LLC,,,3390 SHASTA DR,SAN MATEO,CA,94403,Verified,Investor,1,0,0,2026-01-16,HAYWARD,"3454 ARDEN RD, HAYWARD",Alameda cash buyer list,Alameda County Clerk-Recorder deeds + Assessor parcel roll
TES INVESTMENTS LLC,,,1754 TECHNOLOGY DR 120A,SAN JOSE,CA,95110,Verified,Investor,1,0,0,2026-01-16,OAKLAND,"5339 TRASK ST, OAKLAND",Alameda cash buyer list,Alameda County Clerk-Recorder deeds + Assessor parcel roll
H & S 1349 LLC,,,63 SABLE PT,ALAMEDA,CA,94502,Verified,Investor,1,0,0,2026-01-16,OAKLAND,"1349 E 34TH ST, OAKLAND",Alameda cash buyer list,Alameda County Clerk-Recorder deeds + Assessor parcel roll
J & W 2035 LLC,,,63 SABLE POINTE,ALAMEDA,CA,94502,Verified,Investor,1,0,0,2026-01-16,OAKLAND,"2035 27TH AVE, OAKLAND",Alameda cash buyer list,Alameda County Clerk-Recorder deeds + Assessor parcel roll
S & H 1149 LLC,,,63 SABLE PT,ALAMEDA,CA,94502,Verified,Investor,1,0,0,2026-01-16,ALAMEDA,"1149 OLD ALAMEDA PT, ALAMEDA",Alameda cash buyer list,Alameda County Clerk-Recorder deeds + Assessor parcel roll
W & J 2316 LLC,,,63 SABLE PT,ALAMEDA,CA,94502,Verified,Investor,1,0,0,2026-01-16,OAKLAND,"2316 38TH AVE, OAKLAND",Alameda cash buyer list,Alameda County Clerk-Recorder deeds + Assessor parcel roll
S & W 2100 LLC,,,63 SABLE PT,ALAMEDA,CA,94502,Verified,Investor,1,0,0,2026-01-16,OAKLAND,"2100 ROSEDALE AVE, OAKLAND",Alameda cash buyer list,Alameda County Clerk-Recorder deeds + Assessor parcel roll
H & W 4064 LLC,,,63 SABLE POINTE,ALAMEDA,CA,94502,Verified,Investor,1,0,0,2026-01-16,OAKLAND,"4064 AGUA VISTA ST, OAKLAND",Alameda cash buyer list,Alameda County Clerk-Recorder deeds + Assessor parcel roll
H & J 2814 LLC,,,63 SABLE PT,ALAMEDA,CA,94502,Verified,Investor,1,0,0,2026-01-16,OAKLAND,"2814 HIGH ST, OAKLAND",Alameda cash buyer list,Alameda County Clerk-Recorder deeds + Assessor parcel roll
S & J 2194 LLC,,,63 SABLE POINTE,ALAMEDA,CA,94502,Verified,Investor,1,0,0,2026-01-16,OAKLAND,"2194 42ND AVE, OAKLAND",Alameda cash buyer list,Alameda County Clerk-Recorder deeds + Assessor parcel roll
CIRDAN VENTURES LLC,,,525 MARKET ST,SAN FRANCISCO,CA,94105,Verified,Investor,1,0,0,2026-01-15,PIEDMONT,"44 FARRAGUT AVE, PIEDMONT",Alameda cash buyer list,Alameda County Clerk-Recorder deeds + Assessor parcel roll
CATRON ZL LLC,,,1586 MURRE LN,SUNNYVALE,CA,94087,Verified,Investor,1,0,0,2026-01-15,OAKLAND,"136 CATRON DR, OAKLAND",Alameda cash buyer list,Alameda County Clerk-Recorder deeds + Assessor parcel roll
TOKAY ECONO INVESTORS INC,,,914 THE ALAMEDA,BERKELEY,CA,94707,Verified,Investor,1,0,0,2026-01-15,BERKELEY,"914 THE ALAMEDA, BERKELEY",Alameda cash buyer list,Alameda County Clerk-Recorder deeds + Assessor parcel roll
X GUANYU LLC,,,46560 FREMONT BLVD 104,FREMONT,CA,94538,Verified,Investor,1,0,0,2026-01-15,FREMONT,"39161 DECLARATION ST, FREMONT",Alameda cash buyer list,Alameda County Clerk-Recorder deeds + Assessor parcel roll
2700 SHATTUCK LLC,,,1600 SHATTUCK AVE 218,BERKELEY,CA,94709,Verified,Investor,1,0,0,2026-01-15,BERKELEY,"2026 DERBY ST, BERKELEY",Alameda cash buyer list,Alameda County Clerk-Recorder deeds + Assessor parcel roll
HERENCIA HOLDINGS LLC,,,460 SPRUCE ST,BERKELEY,CA,94708,Verified,Investor,1,0,0,2026-01-15,OAKLAND,"324 WARWICK AVE, OAKLAND",Alameda cash buyer list,Alameda County Clerk-Recorder deeds + Assessor parcel roll
3300 BRIDGEVIEW ISLE LLC,,,1414 EASTSHORE DR,ALAMEDA,CA,94501,Verified,Investor,1,0,0,2026-01-15,ALAMEDA,"3300 BRIDGE VIEW ISLE, ALAMEDA",Alameda cash buyer list,Alameda County Clerk-Recorder deeds + Assessor parcel roll
9840 KITTY LANE LLC,,,19315 REDBRIDGE LN,TARZANA,CA,91356,Verified,Investor,1,0,0,2026-01-15,OAKLAND,"9840 KITTY LN, OAKLAND",Alameda cash buyer list,Alameda County Clerk-Recorder deeds + Assessor parcel roll
WR CAP LLC,,,311 4TH ST 128,OAKLAND,CA,94607,Verified,Investor,1,0,0,2026-01-14,BERKELEY,"2220 BROWNING ST, BERKELEY",Alameda cash buyer list,Alameda County Clerk-Recorder deeds + Assessor parcel roll
CRESTGATE HOLDINGS LLC,,,5345 WILLOW GLEN PL,CASTRO VALLEY,CA,94546,Verified,Investor,1,0,0,2026-01-14,CASTRO VALLEY,"JENSEN RD, CASTRO VALLEY",Alameda cash buyer list,Alameda County Clerk-Recorder deeds + Assessor parcel roll
AC NEVADA RENTAL LLC,,,742 7TH AVE,SAN FRANCISCO,CA,94118,Verified,Investor,1,0,0,2026-01-14,EMERYVILLE,"6363 CHRISTIE AVE 215, EMERYVILLE",Alameda cash buyer list,Alameda County Clerk-Recorder deeds + Assessor parcel roll
NCMJ CONSTRUCTION & REMODELING LLC,,,5218 STODDARD RD,MODESTO,CA,95356,Verified,Investor,1,0,0,2026-01-14,OAKLAND,"3710 WISCONSIN ST, OAKLAND",Alameda cash buyer list,Alameda County Clerk-Recorder deeds + Assessor parcel roll
OAKLAND POOL BOYS LLC,,,350 ADAMS ST,OAKLAND,CA,94610,Verified,Investor,1,0,0,2026-01-14,OAKLAND,"350 ADAMS ST, OAKLAND",Alameda cash buyer list,Alameda County Clerk-Recorder deeds + Assessor parcel roll
MICHIWI LLC,,,34175 TUPELO ST,FREMONT,CA,94555,Verified,Investor,1,0,0,2026-01-14,PLEASANTON,"4833 FUNSTON GATE CT, PLEASANTON",Alameda cash buyer list,Alameda County Clerk-Recorder deeds + Assessor parcel roll
INSOLATE TECHNOLOGIES LLC,,,4449 NOROCCO CIR,FREMONT,CA,94555,Verified,Investor,1,0,0,2026-01-13,ALAMEDA,"1726 EAGLE AVE, ALAMEDA",Alameda cash buyer list,Alameda County Clerk-Recorder deeds + Assessor parcel roll
LA PACE APT LLC,,,861 GULL AVE,FOSTER CITY,CA,94404,Verified,Investor,1,0,0,2026-01-12,HAYWARD,"24039 PARK ST, HAYWARD",Alameda cash buyer list,Alameda County Clerk-Recorder deeds + Assessor parcel roll
SIXTH GROVE LLC,,,5329 BOYD AVE,OAKLAND,CA,94618,Verified,Investor,1,0,0,2026-01-09,BERKELEY,"1280 6TH ST, BERKELEY",Alameda cash buyer list,Alameda County Clerk-Recorder deeds + Assessor parcel roll
VISTA CREEK ACQUISITION LLC,,,19000 W BLUEMOUND RD,BROOKFIELD,WI,53045,Verified,Investor,1,0,0,2026-01-09,CASTRO VALLEY,"22448 CENTER ST, CASTRO VALLEY",Alameda cash buyer list,Alameda County Clerk-Recorder deeds + Assessor parcel roll
ANWAAR REAL ESTATE LLC,,,3120 SACRAMENTO ST,BERKELEY,CA,94702,Verified,Investor,1,0,1,2026-01-08,NEWARK,"6151 JOAQUIN MURIETA AVE D, NEWARK",Alameda cash buyer list; Flipper (resold a property),Alameda County Clerk-Recorder deeds + Assessor parcel roll
VMA INC,,,1035 LORINDA LN,LAFAYETTE,CA,94549,Verified,Investor,1,0,0,2026-01-08,OAKLAND,"6801 BUCKINGHAM BLVD, OAKLAND",Alameda cash buyer list,Alameda County Clerk-Recorder deeds + Assessor parcel roll
MDM INVESTMENT GROUP LLC,,,145 MOUNTAINTOP AVE,HAYWARD,CA,94544,Verified,Investor,1,0,0,2026-01-08,UNION CITY,"373 APPIAN WAY, UNION CITY",Alameda cash buyer list,Alameda County Clerk-Recorder deeds + Assessor parcel roll
NURTURE SOURCE INVESTMENTS LLC,,,1360 FIFTH ST,BERKELEY,CA,94710,Verified,Investor,1,0,1,2026-01-07,BERKELEY,"1444 SCENIC AVE, BERKELEY",Alameda cash buyer list; Flipper (resold a property),Alameda County Clerk-Recorder deeds + Assessor parcel roll
MICHICHI LLC,,,34175 TUPELO ST,FREMONT,CA,94555,Verified,Investor,1,0,0,2026-01-07,DUBLIN,"6614 HEMLOCK ST, DUBLIN",Alameda cash buyer list,Alameda County Clerk-Recorder deeds + Assessor parcel roll
GCSD PROPERTIES LLC,,,47685 LAEKVIEW BLVD B3,FREMONT,CA,94538,Verified,Investor,1,0,0,2026-01-07,FREMONT,"47685 LAKEVIEW BLVD B3, FREMONT",Alameda cash buyer list,Alameda County Clerk-Recorder deeds + Assessor parcel roll
1919 MARKET REO LLC,,,745 BOYLSTON ST 502,BOSTON,MA,02116,Verified,Investor,1,1,0,2026-01-07,OAKLAND,"1919 MARKET ST, OAKLAND",Alameda cash buyer list; Foreclosure auction buyer,Alameda County Clerk-Recorder deeds + Assessor parcel roll
LYRAEDGE INC,,,1033 B ST,HAYWARD,CA,94541,Verified,Investor,1,0,0,2026-01-07,HAYWARD,"1029 B ST, HAYWARD",Alameda cash buyer list,Alameda County Clerk-Recorder deeds + Assessor parcel roll
ZENITH VENTURERS LLC,,,7154 TASSIE CT,TRACY,CA,95377,Verified,Investor,1,0,0,2026-01-06,LIVERMORE,"596 TYLER AVE, LIVERMORE",Alameda cash buyer list,Alameda County Clerk-Recorder deeds + Assessor parcel roll
NHNR HOLD CO 36 LLC,,,5601 GREAT OAKS PARKWAY,SAN JOSE,CA,95119,Verified,Investor,1,0,0,2026-01-06,FREMONT,"44100 OSGOOD RD, FREMONT",Alameda cash buyer list,Alameda County Clerk-Recorder deeds + Assessor parcel roll
FORTUNE CREEK INVESTMENT LLC,,,PO BOX 2922,CASTRO VALLEY,CA,94546,Verified,Investor,1,0,0,2026-01-06,OAKLAND,"2320 63RD AVE, OAKLAND",Alameda cash buyer list,Alameda County Clerk-Recorder deeds + Assessor parcel roll
SUMITRA PROPERTIES LLC,,,PO BOX 2701,FREMONT,CA,94536,Verified,Investor,1,0,1,2026-01-06,HAYWARD,"22297 MISSION BLVD, HAYWARD",Alameda cash buyer list; Flipper (resold a property),Alameda County Clerk-Recorder deeds + Assessor parcel roll
SB & P HEALTHCARE LLC,,,99 COUNTRY CLUB DR,NOVATO,CA,94949,Verified,Investor,1,0,0,2026-01-06,CHERRYLAND,"STANDISH AVE, CHERRYLAND",Alameda cash buyer list,Alameda County Clerk-Recorder deeds + Assessor parcel roll
621 E 21ST STREET LLC,,,9209 NW FINZER CT,PORTLAND,OR,97229,Verified,Investor,1,0,0,2026-01-02,OAKLAND,"621 E 21ST ST, OAKLAND",Alameda cash buyer list,Alameda County Clerk-Recorder deeds + Assessor parcel roll
PR NEWARK DISTRIBUTION CENTER OWNER LLC,,,101 CALIFORNIA ST 40,SAN FRANCISCO,CA,94111,Verified,Investor,1,0,0,2026-01-02,NEWARK,"7091 CENTRAL AVE, NEWARK",Alameda cash buyer list,Alameda County Clerk-Recorder deeds + Assessor parcel roll
SUNPACIFIC PARTNERS LLC,,,PO BOX 6,BRISBANE,CA,94005,Verified,Investor,1,0,0,2026-01-02,OAKLAND,"7361 CLAREMONT AVE, OAKLAND",Alameda cash buyer list,Alameda County Clerk-Recorder deeds + Assessor parcel roll
PROLOGIS TARGETED U S LOGISTICS FUND LP,,,60 STATE ST 2200,BOSTON,MA,02109,Verified,Investor,1,0,0,2025-12-31,LIVERMORE,"W JACK LONDON BLVD, LIVERMORE",Alameda cash buyer list,Alameda County Clerk-Recorder deeds + Assessor parcel roll
KIMJENJAK II LLC,,,2680 MARINA AVE,LIVERMORE,CA,94550,Verified,Investor,1,0,0,2025-12-31,FREMONT,"39191 LIBERTY ST, FREMONT",Alameda cash buyer list,Alameda County Clerk-Recorder deeds + Assessor parcel roll
C & J COX CORPORATION,,,4431 STONERIDGE DR,PLEASANTON,CA,94588,Verified,Investor,1,0,2,2025-12-31,LIVERMORE,"175 E VINEYARD AVE, LIVERMORE",Alameda cash buyer list; Flipper (resold a property),Alameda County Clerk-Recorder deeds + Assessor parcel roll
2ND STREET INVESTORS LLC,,,43360 MISSION BLVD 230,FREMONT,CA,94539,Verified,Investor,1,0,0,2025-12-31,HAYWARD,"2ND ST, HAYWARD",Alameda cash buyer list,Alameda County Clerk-Recorder deeds + Assessor parcel roll
FNU PARTNERS LLC,,,3225 BROOKWOOD DR,LAFAYETTE,CA,94549,Verified,Investor,1,0,0,2025-12-31,BERKELEY,"901 PAGE ST, BERKELEY",Alameda cash buyer list,Alameda County Clerk-Recorder deeds + Assessor parcel roll
310 UNION LLC,,,1200 WRIGHT AVE,RICHMOND,CA,94804,Verified,Investor,1,0,0,2025-12-31,OAKLAND,"339 MAGNOLIA ST, OAKLAND",Alameda cash buyer list,Alameda County Clerk-Recorder deeds + Assessor parcel roll
RUBY LIVING LLC,,,8658 PIEDMONTE DR,PLEASANTON,CA,94566,Verified,Investor,1,0,0,2025-12-31,PLEASANTON,"865 PIEMONTE DR, PLEASANTON",Alameda cash buyer list,Alameda County Clerk-Recorder deeds + Assessor parcel roll
PUNTO G LLC,,,1736 LARKIN ST,SAN FRANCISCO,CA,94109,Verified,Investor,1,0,0,2025-12-31,OAKLAND,"7638 HOLLY ST, OAKLAND",Alameda cash buyer list,Alameda County Clerk-Recorder deeds + Assessor parcel roll
ENHANCE 179 JULIAN LLC,,,11 W JOHN CARPENTER FREEW,IRVING,TX,75039,Verified,Investor,1,1,0,2025-12-31,LIVERMORE,"4673 LASSEN RD, LIVERMORE",Alameda cash buyer list; Foreclosure auction buyer,Alameda County Clerk-Recorder deeds + Assessor parcel roll
AKAJ PRIME LLC,,,1857 BABE RUTH CT,SAN JOSE,CA,95132,Verified,Investor,1,0,0,2025-12-31,LIVERMORE,"1230 VANCOUVER WAY, LIVERMORE",Alameda cash buyer list,Alameda County Clerk-Recorder deeds + Assessor parcel roll
CEDAR MOUNT INVESTMENTS LLC,,,1290 BAROLO CT,PLEASANTON,CA,94566,Verified,Investor,1,0,0,2025-12-30,FREMONT,"3050 LOCKE CT, FREMONT",Alameda cash buyer list,Alameda County Clerk-Recorder deeds + Assessor parcel roll
PERALTA 2100 LLC,,,1290 BAROLO CT,PLEASANTON,CA,94566,Verified,Investor,1,0,0,2025-12-30,FREMONT,"2100 PERALTA BLVD, FREMONT",Alameda cash buyer list,Alameda County Clerk-Recorder deeds + Assessor parcel roll
JBA REAL ESTATE LLC,,,2011 RUTHFORD ST,OAKLAND,CA,94601,Verified,Investor,1,0,0,2025-12-30,OAKLAND,"2011 RUTHERFORD ST, OAKLAND",Alameda cash buyer list,Alameda County Clerk-Recorder deeds + Assessor parcel roll
AC BARD II LLC,,,1430 Q ST 607,SACRAMENTO,CA,95811,Verified,Investor,1,0,1,2025-12-29,BERKELEY,"1009 ADDISON ST, BERKELEY",Alameda cash buyer list; Flipper (resold a property),Alameda County Clerk-Recorder deeds + Assessor parcel roll
LEE RC GAS LLC,,,376 CASTRO ST,SAN FRANCISCO,CA,94114,Verified,Investor,1,0,0,2025-12-29,OAKLAND,"1226 73RD AVE, OAKLAND",Alameda cash buyer list,Alameda County Clerk-Recorder deeds + Assessor parcel roll
YOAV LLC,,,PO BOX 680,BELMONT,CA,94002,Verified,Investor,1,0,0,2025-12-26,OAKLAND,"469 40TH ST, OAKLAND",Alameda cash buyer list,Alameda County Clerk-Recorder deeds + Assessor parcel roll
JCJ ACHIEVE LLC,,,25526 CRESTFIELD DR,CASTRO VALLEY,CA,94552,Verified,Investor,1,0,0,2025-12-26,OAKLAND,"8435 BALDWIN ST, OAKLAND",Alameda cash buyer list,Alameda County Clerk-Recorder deeds + Assessor parcel roll
ONE COMFORT LLC,,,8654 TEGEA WAY,ELK GROVE,CA,95624,Verified,Investor,1,0,0,2025-12-26,OAKLAND,"320 HEGENBERGER RD, OAKLAND",Alameda cash buyer list,Alameda County Clerk-Recorder deeds + Assessor parcel roll
WHITECASTLE HOLDINGS LLC,,,6330 PRESTON AVE,LIVERMORE,CA,94551,Verified,Investor,1,0,0,2025-12-26,LIVERMORE,"581 LEISURE ST, LIVERMORE",Alameda cash buyer list,Alameda County Clerk-Recorder deeds + Assessor parcel roll
JEAN WANG REALTOR INC,,,4667 MYRTLE DR,DUBLIN,CA,94568,Verified,Investor,1,0,1,2025-12-26,SAN LORENZO,"19736 ROYAL AVE, SAN LORENZO",Alameda cash buyer list; Flipper (resold a property),Alameda County Clerk-Recorder deeds + Assessor parcel roll
KARAHADIAN INVESTMENTS LLC,,,3450 LAKESHORE AVE,OAKLAND,CA,94610,Verified,Investor,1,0,0,2025-12-24,OAKLAND,"3450 LAKESHORE AVE, OAKLAND",Alameda cash buyer list,Alameda County Clerk-Recorder deeds + Assessor parcel roll
RHEAZ HOLDINGS LLC,,,3927 CHANTERELLE CIR,SANTA ROSA,CA,95404,Verified,Investor,1,0,0,2025-12-24,HAYWARD,"30158 INDUSTRIAL PKWY SW, HAYWARD",Alameda cash buyer list,Alameda County Clerk-Recorder deeds + Assessor parcel roll
ARIS LOOP ROAD LLC,,,1501 QUAIL ST 110,NEWPORT BEACH,CA,92660,Verified,Investor,1,0,0,2025-12-24,ALAMEDA,"1450 S LOOP RD, ALAMEDA",Alameda cash buyer list,Alameda County Clerk-Recorder deeds + Assessor parcel roll
LS PROPERTY DREAMS LLC,,,95 PALA AVE,SAN JOSE,CA,95127,Verified,Investor,1,0,0,2025-12-23,PLEASANTON,"5363 SONOMA DR, PLEASANTON",Alameda cash buyer list,Alameda County Clerk-Recorder deeds + Assessor parcel roll
DEMERARA PROPERTIES LLC,,,706 MAIN ST,PLEASANTON,CA,94566,Verified,Investor,1,0,0,2025-12-23,PLEASANTON,"706 MAIN ST, PLEASANTON",Alameda cash buyer list,Alameda County Clerk-Recorder deeds + Assessor parcel roll
BAY BRIDGE REALTY CO LLC,,,P O BOX 3027,OAKLAND,CA,94609,Verified,Investor,1,0,0,2025-12-23,OAKLAND,"1165 32ND ST, OAKLAND",Alameda cash buyer list,Alameda County Clerk-Recorder deeds + Assessor parcel roll
PEPPERMINT CREEK LLC,,,31051 GRANGER AVE,UNION CITY,CA,94587,Verified,Investor,1,0,0,2025-12-23,NEWARK,"7925 PEACHTREE AVE, NEWARK",Alameda cash buyer list,Alameda County Clerk-Recorder deeds + Assessor parcel roll
1300 MLK WAY LLC,,,2108 N ST 1405,SACRAMENTO,CA,95816,Verified,Investor,1,0,0,2025-12-23,BERKELEY,"1300 M L KING JR WAY, BERKELEY",Alameda cash buyer list,Alameda County Clerk-Recorder deeds + Assessor parcel roll
FAIRLANDS HOUSING DEVELOPMENT LLC,,,PO BOX 3975,HAYWARD,CA,94540,Verified,Investor,1,0,0,2025-12-23,PLEASANTON,"4327 FAIRLANDS DR, PLEASANTON",Alameda cash buyer list,Alameda County Clerk-Recorder deeds + Assessor parcel roll
DLF & ASSOCIATES LLC,,,11040 BOLLINGER CANYON RD E-44,SAN RAMO,CA,94582,Verified,Investor,1,0,0,2025-12-22,FREMONT,"35880 MISSION BLVD, FREMONT",Alameda cash buyer list,Alameda County Clerk-Recorder deeds + Assessor parcel roll
27736 INDUSTRIAL LLC,,,25001 O'NEIL AVE,HAYWARD,CA,94544,Verified,Investor,1,0,0,2025-12-22,HAYWARD,"25001 ONEIL AVE, HAYWARD",Alameda cash buyer list,Alameda County Clerk-Recorder deeds + Assessor parcel roll
J C PROSPECT INVESTMENT LLC,,,135 WOODCREST DR,SAN RAMON,CA,94583,Verified,Investor,1,0,0,2025-12-22,CASTRO VALLEY,"18680 REAMER RD, CASTRO VALLEY",Alameda cash buyer list,Alameda County Clerk-Recorder deeds + Assessor parcel roll
KAILASH STIVERS PLAZA LLC,,,2358 VELOCITY CMN 205,FREMONT,CA,94539,Verified,Investor,1,0,0,2025-12-22,FREMONT,"38690 STIVERS ST, FREMONT",Alameda cash buyer list,Alameda County Clerk-Recorder deeds + Assessor parcel roll
LUCREW LLC,,,2087 W CEDAR GROVE ST,MERIDIAN,ID,83646,Verified,Investor,1,0,0,2025-12-22,HAYWARD,"24005 CLAWITER RD, HAYWARD",Alameda cash buyer list,Alameda County Clerk-Recorder deeds + Assessor parcel roll
OAK BAY CORNER LLC,,,38984 WILD OAK DR,CERES,CA,95307,Verified,Investor,1,0,0,2025-12-22,OAKLAND,"566 HEGENBERGER RD, OAKLAND",Alameda cash buyer list,Alameda County Clerk-Recorder deeds + Assessor parcel roll
262 HANOVER OAKLAND LLC,,,617 PROSPECT AVE,OAKLAND,CA,94610,Verified,Investor,1,0,0,2025-12-22,OAKLAND,"262 HANOVER AVE, OAKLAND",Alameda cash buyer list,Alameda County Clerk-Recorder deeds + Assessor parcel roll
OUTRIGGER APARTMENTS LLC,,,P O BOX 2466,CASTRO VALLEY,CA,94546,Verified,Investor,1,0,0,2025-12-22,LIVERMORE,"277 JUNCTION AVE, LIVERMORE",Alameda cash buyer list,Alameda County Clerk-Recorder deeds + Assessor parcel roll
COAST TO COAST PROPERTY HOLDINGS LLC,,,3100 OAK RD 3,WALNUT CREEK,CA,94597,Verified,Investor,1,0,0,2025-12-22,OAKLAND,"3810 BROADWAY, OAKLAND",Alameda cash buyer list,Alameda County Clerk-Recorder deeds + Assessor parcel roll
202501WY 01 LLC,,,181 SAND CREEK RD H,BRENTWOOD,CA,94513,Verified,Investor,1,0,0,2025-12-19,PLEASANTON,"3672 GLACIER CT N, PLEASANTON",Alameda cash buyer list,Alameda County Clerk-Recorder deeds + Assessor parcel roll
TADKI LLC,,,PO BOX 410148,SAN FRANCISCO,CA,94141,Verified,Investor,1,0,0,2025-12-19,EMERYVILLE,"6363 CHRISTIE AVE 312, EMERYVILLE",Alameda cash buyer list,Alameda County Clerk-Recorder deeds + Assessor parcel roll
JJJ REALTY LLC,,,433 ESTUDILLO AVE 105,SAN LEANDRO,CA,94577,Verified,Investor,1,0,0,2025-12-19,SAN LEANDRO,"433 ESTUDILLO AVE 206, SAN LEANDRO",Alameda cash buyer list,Alameda County Clerk-Recorder deeds + Assessor parcel roll
FLORA HOLDINGS LLC,,,33 SAWBUCK RD,RENO,NV,89519,Verified,Investor,1,0,0,2025-12-19,OAKLAND,"428 ALICE ST 128, OAKLAND",Alameda cash buyer list,Alameda County Clerk-Recorder deeds + Assessor parcel roll
YOG LEGAL PARTNERS LLC,,,6120 HELLYER AVE 100,SAN JOSE,CA,95138,Verified,Investor,1,0,0,2025-12-19,CASTRO VALLEY,"21061 STORY ST, CASTRO VALLEY",Alameda cash buyer list,Alameda County Clerk-Recorder deeds + Assessor parcel roll
ROSEWOOD HAYWARD LLC,,,95 SWIFT,IRVINE,CA,92618,Verified,Investor,1,0,0,2025-12-19,HAYWARD,"709 HARDER RD, HAYWARD",Alameda cash buyer list,Alameda County Clerk-Recorder deeds + Assessor parcel roll
KARLAS JANITORIAL & SUPPLIERS LLC,,,1177 65TH ST,OAKLAND,CA,94608,Verified,Investor,1,0,0,2025-12-19,OAKLAND,"1177 65TH ST, OAKLAND",Alameda cash buyer list,Alameda County Clerk-Recorder deeds + Assessor parcel roll
2311 LE CONTE LLC,,,2298 DURANT AVE,BERKELEY,CA,94704,Verified,Investor,1,0,0,2025-12-19,BERKELEY,"2311 LE CONTE AVE, BERKELEY",Alameda cash buyer list,Alameda County Clerk-Recorder deeds + Assessor parcel roll
JM SAN PABLO PROPERTIES LLC,,,1311 PARK ST 1244,ALAMEDA,CA,94501,Verified,Investor,1,0,1,2025-12-19,BERKELEY,"1812 WOOLSEY ST, BERKELEY",Alameda cash buyer list; Flipper (resold a property),Alameda County Clerk-Recorder deeds + Assessor parcel roll
CHAPTER COMMUNITY CORPORATION,,,5000 EXECUTIVE PKWY 125,SAN RAMON,CA,94583,Verified,Investor,1,0,0,2025-12-18,CASTRO VALLEY,"3765 CASTRO VALLEY BLVD, CASTRO VALLEY",Alameda cash buyer list,Alameda County Clerk-Recorder deeds + Assessor parcel roll
ETPRUNS 2 LLC,,,PO BOX 490,FARMINGTON,AR,72730,Verified,Investor,1,0,0,2025-12-18,PLEASANTON,"1031 SERPENTINE LN, PLEASANTON",Alameda cash buyer list,Alameda County Clerk-Recorder deeds + Assessor parcel roll
217 GRAVATT PROPS LLC,,,500 HANLEY PL,LOS ANGELES,CA,90049,Verified,Investor,1,0,0,2025-12-17,OAKLAND,"217 GRAVATT DR, OAKLAND",Alameda cash buyer list,Alameda County Clerk-Recorder deeds + Assessor parcel roll
863 46TH STREET LLC,,,1070 RAHARA DR,LAFAYETTE,CA,94549,Verified,Investor,1,0,0,2025-12-17,OAKLAND,"863 46TH ST, OAKLAND",Alameda cash buyer list,Alameda County Clerk-Recorder deeds + Assessor parcel roll
MLKWAY LLC,,,732 CAMINO RICARDO,MORAGA,CA,94556,Verified,Investor,1,0,0,2025-12-17,OAKLAND,"4144 M L KING JR WAY, OAKLAND",Alameda cash buyer list,Alameda County Clerk-Recorder deeds + Assessor parcel roll
LINEAR PROPERTIES LLC,,,20283 SANTA MARIA AVE 2334,CASTRO VALLEY,CA,94546,Verified,Investor,1,0,0,2025-12-17,FAIRVIEW,"3246 SADDLE DR, FAIRVIEW",Alameda cash buyer list,Alameda County Clerk-Recorder deeds + Assessor parcel roll
JAMES J BUSBY & IRVIN DEUTSCHER LLC,,,370 CIVIC DR,PLEASANT HILL,CA,94523,Verified,Investor,1,0,0,2025-12-16,FREMONT,"46748 LAKEVIEW BLVD, FREMONT",Alameda cash buyer list,Alameda County Clerk-Recorder deeds + Assessor parcel roll
SMS SANTORINI LLC,,,3630 HIGH ST 1921,OAKLAND,CA,94619,Verified,Investor,1,0,0,2025-12-16,OAKLAND,"455 CRESCENT ST, OAKLAND",Alameda cash buyer list,Alameda County Clerk-Recorder deeds + Assessor parcel roll
NILES TOWN APARTMENTS LLC,,,33773 HERITAGE WAY,UNION CITY,CA,94587,Verified,Investor,1,0,0,2025-12-16,FREMONT,"2ND ST, FREMONT",Alameda cash buyer list,Alameda County Clerk-Recorder deeds + Assessor parcel roll
2201 SANTA RITA ST LLC,,,4018 CARRINGTON ST,OAKLAND,CA,94601,Verified,Investor,1,0,0,2025-12-16,OAKLAND,"HARRINGTON AVE, OAKLAND",Alameda cash buyer list,Alameda County Clerk-Recorder deeds + Assessor parcel roll
139 DEL MAR LLC,,,1154 SPRUCE ST,BERKELEY,CA,94707,Verified,Investor,1,0,0,2025-12-16,BERKELEY,"139 DEL MAR AVE, BERKELEY",Alameda cash buyer list,Alameda County Clerk-Recorder deeds + Assessor parcel roll
MISSION HILLS REAL ESTATE LLC,,,355 ASHBROOK WAY,HAYWARD,CA,94544,Verified,Investor,1,0,1,2025-12-16,HAYWARD,"29490 MISSION BLVD, HAYWARD",Alameda cash buyer list; Flipper (resold a property),Alameda County Clerk-Recorder deeds + Assessor parcel roll
1614 POSEN AVENUE LLC,,,PO BOX 586,DAVIS,CA,95617,Verified,Investor,1,0,0,2025-12-16,BERKELEY,"1614 POSEN AVE, BERKELEY",Alameda cash buyer list,Alameda County Clerk-Recorder deeds + Assessor parcel roll
LEC PARTNERS LLC,,,372 KINGS RD,BRISBANE,CA,94005,Verified,Investor,1,0,0,2025-12-16,BERKELEY,"1534 ARCH ST, BERKELEY",Alameda cash buyer list,Alameda County Clerk-Recorder deeds + Assessor parcel roll
ORP BUENA VISTA LLC,,,1831 SOLANO AVE 7366,BERKELEY,CA,94707,Verified,Investor,1,0,0,2025-12-16,SAN LEANDRO,"2251 BUENA VISTA AVE, SAN LEANDRO",Alameda cash buyer list,Alameda County Clerk-Recorder deeds + Assessor parcel roll
CAMPOS DEVELOPMENT LLC,,,1555 BOTELHO DR 421,WALNUT CREEK,CA,94596,Verified,Investor,1,0,1,2025-12-15,OAKLAND,"8359 NEY AVE, OAKLAND",Alameda cash buyer list; Flipper (resold a property),Alameda County Clerk-Recorder deeds + Assessor parcel roll
GRAPETREE LLC,,,1890 GIRARD DR,MILPITAS,CA,95035,Verified,Investor,1,0,0,2025-12-15,FREMONT,"40475 GIBSON ST, FREMONT",Alameda cash buyer list,Alameda County Clerk-Recorder deeds + Assessor parcel roll
RAJSJ PROPERTIES LLC,,,609 SHEFFIELD RD,ALAMEDA,CA,94502,Verified,Investor,1,0,0,2025-12-15,OAKLAND,"60 HEGENBERGER PL, OAKLAND",Alameda cash buyer list,Alameda County Clerk-Recorder deeds + Assessor parcel roll
AKS INVESTMENTS LLC,,,PO BOX 23562,OAKLAND,CA,94623,Verified,Investor,1,0,0,2025-12-15,OAKLAND,"2434 MARKET ST, OAKLAND",Alameda cash buyer list,Alameda County Clerk-Recorder deeds + Assessor parcel roll
WHITE REEBOKS LLC,,,675 ALBION ST,SAN DIEGO,CA,92106,Verified,Investor,1,0,0,2025-12-12,OAKLAND,"305 LENOX AVE, OAKLAND",Alameda cash buyer list,Alameda County Clerk-Recorder deeds + Assessor parcel roll
GOMEZ INVESTMENTS INC,,,1467 FRUITVALE AVE 136,OAKLAND,CA,94601,Verified,Investor,1,0,0,2025-12-12,OAKLAND,"2568 63RD AVE, OAKLAND",Alameda cash buyer list,Alameda County Clerk-Recorder deeds + Assessor parcel roll
1034 ALLSTON LLC,,,391 S GORDON WAY,LOS ALTOS,CA,94022,Verified,Investor,1,0,0,2025-12-12,BERKELEY,"1034 ALLSTON WAY, BERKELEY",Alameda cash buyer list,Alameda County Clerk-Recorder deeds + Assessor parcel roll
BEAR TERRITORY HOLDINGS LLC,,,2137 YOUNGS CT,WALNUT CREEK,CA,94596,Verified,Investor,1,0,0,2025-12-12,BERKELEY,"2410 DANA ST, BERKELEY",Alameda cash buyer list,Alameda County Clerk-Recorder deeds + Assessor parcel roll
NORCAL RECOVERY SOLUTIONS LLC,,,15700 WINCHESTER BLVD,LOS GATOS,CA,95030,Verified,Investor,1,1,0,2025-12-12,PLEASANTON,"2365 FOOTHILL RD 4, PLEASANTON",Alameda cash buyer list; Foreclosure auction buyer,Alameda County Clerk-Recorder deeds + Assessor parcel roll
A & O INVESTMENT GROUP LLC,,,161 BALES DR,WALNUT CREEK,CA,94596,Verified,Investor,1,0,0,2025-12-12,OAKLAND,"2808 CARMEL ST, OAKLAND",Alameda cash buyer list,Alameda County Clerk-Recorder deeds + Assessor parcel roll
1130 OXFORD LLC,,,100 BUSH ST 1725,SAN FRANCISCO,CA,94104,Verified,Investor,1,0,0,2025-12-11,BERKELEY,"OXFORD ST, BERKELEY",Alameda cash buyer list,Alameda County Clerk-Recorder deeds + Assessor parcel roll
TANGO REALTY SOLUTIONS LLC,,,809 CUEST DR B183,MOUNTAIN VIEW,CA,94040,Verified,Investor,1,0,0,2025-12-11,BERKELEY,"1311 DERBY ST, BERKELEY",Alameda cash buyer list,Alameda County Clerk-Recorder deeds + Assessor parcel roll
SV QUICK CAPITAL CORPORATION,,,48834 KATO RD 101-,FREMONT,CA,94538,Verified,Investor,1,1,1,2025-12-10,OAKLAND,"281 SEQUOYAH VIEW DR, OAKLAND",Alameda cash buyer list; Foreclosure auction buyer; Flipper (resold a property),Alameda County Clerk-Recorder deeds + Assessor parcel roll
GSC RE FREMONT LLC,,,80 E STATE ROUTE 4 210,PARAMUS,NJ,07652,Verified,Investor,1,0,0,2025-12-10,FREMONT,"CHRISTY ST, FREMONT",Alameda cash buyer list,Alameda County Clerk-Recorder deeds + Assessor parcel roll
SUNSHINE STEM LLC,,,2740 STANTON HEIGHTS CT,CASTRO VALLEY,CA,94546,Verified,Investor,1,0,0,2025-12-10,CASTRO VALLEY,"20393 ANITA AVE A, CASTRO VALLEY",Alameda cash buyer list,Alameda County Clerk-Recorder deeds + Assessor parcel roll
2800 TELEGRAPH PARTNERS LLC,,,468 FOLSOM ST 5104,SAN FRANCISCO,CA,94105,Verified,Investor,1,0,0,2025-12-09,BERKELEY,"2800 TELEGRAPH AVE, BERKELEY",Alameda cash buyer list,Alameda County Clerk-Recorder deeds + Assessor parcel roll
LUCA VALLEY LLC,,,1057 SERPENTINE LN,PLEASANTON,CA,94566,Verified,Investor,1,0,0,2025-12-09,PLEASANTON,"3938 VALLEY AVE, PLEASANTON",Alameda cash buyer list,Alameda County Clerk-Recorder deeds + Assessor parcel roll
SMD ENTERPRISES MB WESTGATE NURSING FACILITY LLC,,,2662 ST HELENA CT,LIVERMORE,CA,94550,Verified,Investor,1,0,1,2025-12-09,LIVERMORE,"2662 ST HELENA CT, LIVERMORE",Alameda cash buyer list; Flipper (resold a property),Alameda County Clerk-Recorder deeds + Assessor parcel roll
BLUE SUMMIT ESTATE HOLDINGS LLC,,,3082 BROADMOOR VIEW,OAKLAND,CA,94605,Verified,Investor,1,0,1,2025-12-09,OAKLAND,"3350 BROOKDALE AVE, OAKLAND",Alameda cash buyer list; Flipper (resold a property),Alameda County Clerk-Recorder deeds + Assessor parcel roll
WEST OAKLAND INVESTMENTS LLC,,,PO BOX 23562,OAKLAND,CA,94623,Verified,Investor,1,0,0,2025-12-09,OAKLAND,"2426 MARKET ST, OAKLAND",Alameda cash buyer list,Alameda County Clerk-Recorder deeds + Assessor parcel roll
GREEN LEGACY HOLDINGS LLC TR,,,1766 VIA NATAL,SAN LORENZO,CA,94580,Verified,Investor,1,0,0,2025-12-08,SAN LORENZO,"1766 VIA NATAL, SAN LORENZO",Alameda cash buyer list,Alameda County Clerk-Recorder deeds + Assessor parcel roll
DNA LAKESORE INC,,,2501 NORTH MAIN ST,WALNUT CREEK,CA,94597,Verified,Investor,1,0,0,2025-12-08,OAKLAND,"574 LAKE PARK AVE, OAKLAND",Alameda cash buyer list,Alameda County Clerk-Recorder deeds + Assessor parcel roll
BUENA VISTA REAL ESTATE LLC,,,1780 2ND AVE,WALNUT CREEK,CA,94597,Verified,Investor,1,0,1,2025-12-08,FREMONT,"3863 HARLEQUIN TER, FREMONT",Alameda cash buyer list; Flipper (resold a property),Alameda County Clerk-Recorder deeds + Assessor parcel roll
ZYG INVESTMENT LLC,,,574 JEFFERSON ST,HAYWARD,CA,94544,Verified,Investor,1,0,0,2025-12-08,HAYWARD,"574 JEFFERSON ST, HAYWARD",Alameda cash buyer list,Alameda County Clerk-Recorder deeds + Assessor parcel roll
INFINITY ESTATES LLC,,,PO BOX 15051,FREMONT,CA,94539,Verified,Investor,1,0,0,2025-12-08,ASHLAND,"16277 ASHLAND AVE, ASHLAND",Alameda cash buyer list,Alameda County Clerk-Recorder deeds + Assessor parcel roll
CAPUTO & SONS HOLDINGS,,,909 RIDGE DR,CONCORD,CA,94518,Verified,Investor,1,0,0,2025-12-05,OAKLAND,"109 SHERIDAN RD, OAKLAND",Alameda cash buyer list,Alameda County Clerk-Recorder deeds + Assessor parcel roll
NB1CA INC,,,5223 RIDGEVALE WAY,PLEASANTON,CA,94566,Verified,Investor,1,0,0,2025-12-05,BERKELEY,"2180 ASHBY AVE, BERKELEY",Alameda cash buyer list,Alameda County Clerk-Recorder deeds + Assessor parcel roll
2498 SAN PABLO LLC,,,5419 HOLLYWOOD BLVD C500,LOS ANGELES,CA,90027,Verified,Investor,1,0,0,2025-12-04,BERKELEY,"2448 SAN PABLO AVE, BERKELEY",Alameda cash buyer list,Alameda County Clerk-Recorder deeds + Assessor parcel roll
BLACK CULTURAL ZONE COMMUNITY DEVELOPMENT CORPORATION,,,8495 PARDEE DR 6006,OAKLAND,CA,94621,Verified,Investor,1,0,7,2025-12-04,OAKLAND,"7994 MACARTHUR BLVD, OAKLAND",Alameda cash buyer list; Flipper (resold a property),Alameda County Clerk-Recorder deeds + Assessor parcel roll
ZENGROVE LLC,,,2418 RUSSELL ST,BERKELEY,CA,94705,Verified,Investor,1,0,0,2025-12-04,OAKLAND,"3311 M L KING JR WAY, OAKLAND",Alameda cash buyer list,Alameda County Clerk-Recorder deeds + Assessor parcel roll
MITTAL FAMILY LLC,,,2075 ROVELLO LOOP,LIVERMORE,CA,94550,Verified,Investor,1,0,0,2025-12-03,LIVERMORE,"2075 ROVELLO LOOP, LIVERMORE",Alameda cash buyer list,Alameda County Clerk-Recorder deeds + Assessor parcel roll
MERS HOLDING LTD,,,4962 EL CAMINO REAL 201,LOS ALTOS,CA,94022,Verified,Investor,1,1,1,2025-12-03,FREMONT,"4695 THORNTON AVE, FREMONT",Alameda cash buyer list; Foreclosure auction buyer; Flipper (resold a property),Alameda County Clerk-Recorder deeds + Assessor parcel roll
KHK INTERNATIONAL LLC,,,4634 WOODROSE CIR,DUBLIN,CA,94568,Verified,Investor,1,0,0,2025-12-03,OAKLAND,"5901 INTERNATIONAL BLVD, OAKLAND",Alameda cash buyer list,Alameda County Clerk-Recorder deeds + Assessor parcel roll
PRIME REAL ESTATE INVESTORS LLC,,,1737 TICKSEED WAY,MANTECA,CA,95337,Verified,Investor,1,0,0,2025-12-03,OAKLAND,"6131 HAYES ST, OAKLAND",Alameda cash buyer list,Alameda County Clerk-Recorder deeds + Assessor parcel roll
MIRA VILLAGE LLC,,,4682 CHATBOT DR 1036,PLEASANTON,CA,94588,Verified,Investor,1,0,0,2025-12-02,CASTRO VALLEY,"MIRAMONTE AVE, CASTRO VALLEY",Alameda cash buyer list,Alameda County Clerk-Recorder deeds + Assessor parcel roll
SUSHRUT LLC,,,5337 BEAUMONT CANYON DR,SAN JOSE,CA,95138,Verified,Investor,1,0,0,2025-12-02,CASTRO VALLEY,"3814 NORBRIDGE AVE, CASTRO VALLEY",Alameda cash buyer list,Alameda County Clerk-Recorder deeds + Assessor parcel roll
XILO GUPTA LLC,,,481 59TH ST,OAKLAND,CA,94609,Verified,Investor,1,0,0,2025-12-02,OAKLAND,"5741 TELEGRAPH AVE, OAKLAND",Alameda cash buyer list,Alameda County Clerk-Recorder deeds + Assessor parcel roll
WYOMING 2025 LLC,,,3225 MCLEOD DR 777,LAS VEGAS,NV,89121,Verified,Investor,1,0,0,2025-12-02,DUBLIN,"7448 OXFORD CIR, DUBLIN",Alameda cash buyer list,Alameda County Clerk-Recorder deeds + Assessor parcel roll
R E M I LLC,,,672 W 11TH ST 380,TRACY,CA,95376,Verified,Investor,1,0,0,2025-12-02,PLEASANTON,"1886 HARVEST RD, PLEASANTON",Alameda cash buyer list,Alameda County Clerk-Recorder deeds + Assessor parcel roll
TYPE II INDUSTRIES LLC,,,92 7TH ST,OAKLAND,CA,94607,Verified,Investor,1,0,0,2025-12-01,OAKLAND,"92 7TH ST, OAKLAND",Alameda cash buyer list,Alameda County Clerk-Recorder deeds + Assessor parcel roll
DELAWARE PROPERTY LLC,,,1615 DELAWARE ST,BERKELEY,CA,94703,Verified,Investor,1,0,0,2025-12-01,BERKELEY,"1615 DELAWARE ST, BERKELEY",Alameda cash buyer list,Alameda County Clerk-Recorder deeds + Assessor parcel roll
NEW CALIFORNIAN LLC,,,1600 SHATTUCK AVE 219,BERKELEY,CA,94709,Verified,Investor,1,0,0,2025-12-01,BERKELEY,"1988 M L KING JR WAY, BERKELEY",Alameda cash buyer list,Alameda County Clerk-Recorder deeds + Assessor parcel roll
ARTEAGAS HOLDING CO LLC,,,236 A ST,HAYWARD,CA,94541,Verified,Investor,1,0,0,2025-12-01,UNION CITY,"33641 MISSION BLVD, UNION CITY",Alameda cash buyer list,Alameda County Clerk-Recorder deeds + Assessor parcel roll
SEVENTH SEA COMMONS LLC,,,440 N BARRANCA AVE 5396,COVINA,CA,91723,Verified,Investor,1,0,0,2025-11-26,BERKELEY,"1622 62ND ST, BERKELEY",Alameda cash buyer list,Alameda County Clerk-Recorder deeds + Assessor parcel roll
JPRFOXES LLC,,,10910 GLEN ARTNEY ST,OAKLAND,CA,94605,Verified,Investor,1,0,1,2025-11-26,OAKLAND,"10910 GLEN ARTNEY ST, OAKLAND",Alameda cash buyer list; Flipper (resold a property),Alameda County Clerk-Recorder deeds + Assessor parcel roll
CARROT GATEWAY LLC,,,1598 WASHINGTON AVE,SAN LEANDRO,CA,94577,Verified,Investor,1,0,0,2025-11-26,OAKLAND,"1427 27TH AVE, OAKLAND",Alameda cash buyer list,Alameda County Clerk-Recorder deeds + Assessor parcel roll
TWELVEACRES INC,,,1475 S BASCOM AVE 205,CAMPBELL,CA,95008,Verified,Investor,1,0,0,2025-11-26,CASTRO VALLEY,"18127 MADISON AVE, CASTRO VALLEY",Alameda cash buyer list,Alameda County Clerk-Recorder deeds + Assessor parcel roll
NEXXT REALTY VENTURES LLC,,,35468 SEVERN DR,SACRAMENTO,CA,95816,Verified,Investor,1,0,1,2025-11-26,UNION CITY,"31391 SAN DIEGO CT, UNION CITY",Alameda cash buyer list; Flipper (resold a property),Alameda County Clerk-Recorder deeds + Assessor parcel roll
AH NOTE PURCHASER LLC,,,2744 E 11TH ST,OAKLAND,CA,94601,Verified,Investor,1,0,9,2025-11-25,OAKLAND,"553 SYCAMORE ST, OAKLAND",Alameda cash buyer list; Flipper (resold a property),Alameda County Clerk-Recorder deeds + Assessor parcel roll
AH 350 NEWTON AVENUE LLC,,,2744 E 11TH ST,OAKLAND,CA,94601,Verified,Investor,1,0,0,2025-11-25,OAKLAND,"350 NEWTON AVE, OAKLAND",Alameda cash buyer list,Alameda County Clerk-Recorder deeds + Assessor parcel roll
AH 378 GRAND AVENUE LLC,,,2744 E 11TH ST,OAKLAND,CA,94601,Verified,Investor,1,0,0,2025-11-25,OAKLAND,"378 GRAND AVE, OAKLAND",Alameda cash buyer list,Alameda County Clerk-Recorder deeds + Assessor parcel roll
AH 414 GRAND AVENUE LLC,,,2744 E 11TH ST,OAKLAND,CA,94601,Verified,Investor,1,0,0,2025-11-25,OAKLAND,"414 GRAND AVE, OAKLAND",Alameda cash buyer list,Alameda County Clerk-Recorder deeds + Assessor parcel roll
AH 553 SYCAMORE STREET LLC,,,2744 E 11TH ST,OAKLAND,CA,94601,Verified,Investor,1,0,0,2025-11-25,OAKLAND,"542 25TH ST, OAKLAND",Alameda cash buyer list,Alameda County Clerk-Recorder deeds + Assessor parcel roll
AH 646 16TH STREET LLC,,,2744 E 11TH ST,OAKLAND,CA,94601,Verified,Investor,1,0,0,2025-11-25,OAKLAND,"646 16TH ST, OAKLAND",Alameda cash buyer list,Alameda County Clerk-Recorder deeds + Assessor parcel roll
AH 1428 JACKSON STREET LLC,,,2744 E 11TH ST,OAKLAND,CA,94601,Verified,Investor,1,0,0,2025-11-25,OAKLAND,"1428 JACKSON ST, OAKLAND",Alameda cash buyer list,Alameda County Clerk-Recorder deeds + Assessor parcel roll
AH 1146 MCKINLEY AVENUE LLC,,,2744 E 11TH ST,OAKLAND,CA,94601,Verified,Investor,1,0,0,2025-11-25,OAKLAND,"1146 MCKINLEY AVE, OAKLAND",Alameda cash buyer list,Alameda County Clerk-Recorder deeds + Assessor parcel roll
DERING LIVING LLC,,,35691 DEE PL,FREMONT,CA,94536,Verified,Investor,1,0,0,2025-11-25,FREMONT,"35769 DERING PL, FREMONT",Alameda cash buyer list,Alameda County Clerk-Recorder deeds + Assessor parcel roll
GLOBAL WEALTH SOLUTIONS LLC,,,3104 O ST,SACRAMENTO,CA,95816,Verified,Investor,1,0,0,2025-11-25,OAKLAND,"3273 HANNAH ST, OAKLAND",Alameda cash buyer list,Alameda County Clerk-Recorder deeds + Assessor parcel roll
MERCY HOUSING CALIFORNIA 91 LP,,,1256 MARKET ST,SAN FRANCISCO,CA,94102,Verified,Investor,1,0,0,2025-11-25,OAKLAND,"2125 TELEGRAPH AVE, OAKLAND",Alameda cash buyer list,Alameda County Clerk-Recorder deeds + Assessor parcel roll
NNY INC,,,3339 KUYDENALL PL,SAN JOSE,CA,95148,Verified,Investor,1,0,1,2025-11-25,FREMONT,"34843 WARWICK CT, FREMONT",Alameda cash buyer list; Flipper (resold a property),Alameda County Clerk-Recorder deeds + Assessor parcel roll
CVAD PROPERTIES LLC,,,5319 CRESTFIELD CT,CASTRO VALLEY,CA,94552,Verified,Investor,1,0,0,2025-11-24,CASTRO VALLEY,"20995 REDWOOD RD, CASTRO VALLEY",Alameda cash buyer list,Alameda County Clerk-Recorder deeds + Assessor parcel roll
VAST COLLECTIBLES LLC,,,4817 TRAILS CT,MODESTO,CA,95357,Verified,Investor,1,0,0,2025-11-24,OAKLAND,"2108 LAKESHORE AVE, OAKLAND",Alameda cash buyer list,Alameda County Clerk-Recorder deeds + Assessor parcel roll
MUND MALAM LLC,,,907 EAGLE RIDGE DR,DANVILLE,CA,94506,Verified,Investor,1,0,0,2025-11-24,PLEASANTON,"5000 PLEASANTON AVE, PLEASANTON",Alameda cash buyer list,Alameda County Clerk-Recorder deeds + Assessor parcel roll
JEJUQ LLC,,,1966 TICE VALLEY BLVD 212,WALNUT CREEK,CA,94595,Verified,Investor,1,0,0,2025-11-24,OAKLAND,"2609 ALIDA ST, OAKLAND",Alameda cash buyer list,Alameda County Clerk-Recorder deeds + Assessor parcel roll
TAMAL PROPERTIES LLC,,,2780 ALUM ROCK AVE,SAN JOSE,CA,95127,Verified,Investor,1,0,0,2025-11-24,FREMONT,"46351 MISSION BLVD, FREMONT",Alameda cash buyer list,Alameda County Clerk-Recorder deeds + Assessor parcel roll
NRS VENTURES LLC,,,4280 FOOTHILL BLVD,OAKLAND,CA,94601,Verified,Investor,1,0,0,2025-11-24,OAKLAND,"4280 FOOTHILL BLVD, OAKLAND",Alameda cash buyer list,Alameda County Clerk-Recorder deeds + Assessor parcel roll
READY SET SELL LLC,,,342 HIGHLAND AVE,PIEDMONT,CA,94611,Verified,Investor,1,0,0,2025-11-24,OAKLAND,"7541 OUTLOOK AVE, OAKLAND",Alameda cash buyer list,Alameda County Clerk-Recorder deeds + Assessor parcel roll
TA FINANCIAL LLC TR,,,4400 KELLER AVE 140,OAKLAND,CA,94605,Verified,Investor,1,0,0,2025-11-24,SAN LEANDRO,"1207 147TH AVE, SAN LEANDRO",Alameda cash buyer list,Alameda County Clerk-Recorder deeds + Assessor parcel roll
QUICK SILVER PROPERTY MANAGEMENT LLC,,,22589 CHESTNUT ST,HAYWARD,CA,94541,Verified,Investor,1,0,0,2025-11-21,OAKLAND,"60 98TH AVE, OAKLAND",Alameda cash buyer list,Alameda County Clerk-Recorder deeds + Assessor parcel roll
3I96A LLC,,,6330 MACARTHUR BLVD,OAKLAND,CA,94605,Verified,Investor,1,0,0,2025-11-21,OAKLAND,"6332 MACARTHUR BLVD, OAKLAND",Alameda cash buyer list,Alameda County Clerk-Recorder deeds + Assessor parcel roll
RUEGG & ELLSWORTH LLC,,,2437 DURANT AVE 204,BERKELEY,CA,94704,Verified,Investor,1,0,0,2025-11-21,BERKELEY,"2480 BANCROFT WAY, BERKELEY",Alameda cash buyer list,Alameda County Clerk-Recorder deeds + Assessor parcel roll
BOTTOM LINE INVESTMENTS LLC,,,4036 W 59TH ST,LOS ANGELES,CA,90043,Verified,Investor,1,0,0,2025-11-21,OAKLAND,"1466 ADELINE ST, OAKLAND",Alameda cash buyer list,Alameda County Clerk-Recorder deeds + Assessor parcel roll
LBC REAL ESTATE HOLDINGS LLC,,,161 HAMPTON RD,HAYWARD,CA,94541,Verified,Investor,1,0,0,2025-11-20,OAKLAND,"1937 102ND AVE, OAKLAND",Alameda cash buyer list,Alameda County Clerk-Recorder deeds + Assessor parcel roll
MACARTHUR PARK APARTMENTS LP,,,248 3RD ST 836,OAKLAND,CA,94607,Verified,Investor,1,0,0,2025-11-20,OAKLAND,"7975 MACARTHUR BLVD, OAKLAND",Alameda cash buyer list,Alameda County Clerk-Recorder deeds + Assessor parcel roll
EAST BAY LEGACY VENTURES LLC,,,3654 THORTON AVE 516,FREMONT,CA,94536,Verified,Investor,1,0,0,2025-11-20,HAYWARD,"24632 DIAMOND RIDGE DR, HAYWARD",Alameda cash buyer list,Alameda County Clerk-Recorder deeds + Assessor parcel roll
HELPING HOMES CA LLC,,,PO BOX 366,LIVERMORE,CA,94551,Verified,Investor,1,0,1,2025-11-19,LIVERMORE,"4224 GUILFORD AVE, LIVERMORE",Alameda cash buyer list; Flipper (resold a property),Alameda County Clerk-Recorder deeds + Assessor parcel roll
1114 STANNAGE LLC,,,P O BOX 1866,ORINDA,CA,94563,Verified,Investor,1,0,0,2025-11-19,ALBANY,"1114 STANNAGE AVE, ALBANY",Alameda cash buyer list,Alameda County Clerk-Recorder deeds + Assessor parcel roll
AVISTA VENTURES LLC,,,21701 STEVENS CREEK BLVD 1104,CUPERTINO,CA,95015,Verified,Investor,1,0,0,2025-11-18,BERKELEY,"1327 ASHBY AVE, BERKELEY",Alameda cash buyer list,Alameda County Clerk-Recorder deeds + Assessor parcel roll
SC NEST PROPERTIES LLC,,,8627 THORS BAY RD,EL CERRITO,CA,94530,Verified,Investor,1,0,0,2025-11-17,BERKELEY,"1205 PERALTA AVE, BERKELEY",Alameda cash buyer list,Alameda County Clerk-Recorder deeds + Assessor parcel roll
PARAMJEET SINGH LLC,,,24491 PLUMMER CT,HAYWARD,CA,94545,Verified,Investor,1,0,0,2025-11-17,OAKLAND,"4219 PARK BLVD, OAKLAND",Alameda cash buyer list,Alameda County Clerk-Recorder deeds + Assessor parcel roll
KJ OPERATIONS & SERVICES LLC,,,5956 PALM SPRINGS CIR,SAN JOSE,CA,95123,Verified,Investor,1,0,0,2025-11-14,HAYWARD,"950 FOLSOM AVE, HAYWARD",Alameda cash buyer list,Alameda County Clerk-Recorder deeds + Assessor parcel roll
GST BAY LLC,,,2108 N ST N,SACRAMENTO,CA,95816,Verified,Investor,1,0,0,2025-11-14,CHERRYLAND,"350 SMALLEY AVE, CHERRYLAND",Alameda cash buyer list,Alameda County Clerk-Recorder deeds + Assessor parcel roll
DIAMOND BLUE PROPERTIES LLC,,,21001 SAN RAMON VALLEY BL,SAN RAMON,CA,94583,Verified,Investor,1,0,0,2025-11-13,HAYWARD,"1641 B ST, HAYWARD",Alameda cash buyer list,Alameda County Clerk-Recorder deeds + Assessor parcel roll
TAYLOR YOVINO YOUNG LLC,,,561 62ND ST,OAKLAND,CA,94609,Verified,Investor,1,0,0,2025-11-13,BERKELEY,"1421 BLAKE ST, BERKELEY",Alameda cash buyer list,Alameda County Clerk-Recorder deeds + Assessor parcel roll
EVERMORE CAPITAL LLC,,,2150 PORTOLA AVE D118,LIVERMORE,CA,94551,Verified,Investor,1,0,0,2025-11-13,BERKELEY,"1358 ACTON ST, BERKELEY",Alameda cash buyer list,Alameda County Clerk-Recorder deeds + Assessor parcel roll
IRIS ALAN CAPITAL INVESTMENT LLC,,,423 7TH ST 115,OAKLAND,CA,94607,Verified,Investor,1,0,0,2025-11-13,OAKLAND,"423 7TH ST 115, OAKLAND",Alameda cash buyer list,Alameda County Clerk-Recorder deeds + Assessor parcel roll
AKM LLC,,,479 AVENDALE DR,MANTECA,CA,95337,Verified,Investor,1,0,0,2025-11-13,OAKLAND,"3109 TELEGRAPH AVE, OAKLAND",Alameda cash buyer list,Alameda County Clerk-Recorder deeds + Assessor parcel roll
GOOD NEIGHBORS LLC,,,100 RAVEN CT,DANVILLE,CA,94526,Verified,Investor,1,0,0,2025-11-12,OAKLAND,"466 CRESCENT ST 110, OAKLAND",Alameda cash buyer list,Alameda County Clerk-Recorder deeds + Assessor parcel roll
RTL REO LLC,,,600 ANTON BLVD 1400,COSTA MESA,CA,92626,Verified,Investor,1,1,0,2025-11-12,OAKLAND,"4475 REDDING ST, OAKLAND",Alameda cash buyer list; Foreclosure auction buyer,Alameda County Clerk-Recorder deeds + Assessor parcel roll
ANZA CREST LLC,,,P O BOX 1351,SAN RAMON,CA,94583,Verified,Investor,1,0,0,2025-11-12,HAYWARD,"24970 CYPRESS AVE, HAYWARD",Alameda cash buyer list,Alameda County Clerk-Recorder deeds + Assessor parcel roll
COZYLIVE LLC,,,37 8TH 125,OAKLAND,CA,94606,Verified,Investor,1,0,0,2025-11-12,OAKLAND,"6115 DONCASTER PL, OAKLAND",Alameda cash buyer list,Alameda County Clerk-Recorder deeds + Assessor parcel roll
GRAND LAKE REAL ESTATE VENTURES LLC,,,1901 HARRISON ST 1100,OAKLAND,CA,94612,Verified,Investor,1,0,0,2025-11-10,OAKLAND,"3070 MALCOLM AVE, OAKLAND",Alameda cash buyer list,Alameda County Clerk-Recorder deeds + Assessor parcel roll
2095 ROSE STREET LLC,,,21 TANGLEWOOD RD,BERKELEY,CA,94705,Verified,Investor,1,0,0,2025-11-10,BERKELEY,"2095 ROSE ST, BERKELEY",Alameda cash buyer list,Alameda County Clerk-Recorder deeds + Assessor parcel roll
MIDCAP FUNDING INVESTMENT XIII LLC,,,7255 WOODMONT AVE 300,BETHESDA,MD,20814,Verified,Investor,1,0,0,2025-11-10,OAKLAND,"3901 BROADWAY, OAKLAND",Alameda cash buyer list,Alameda County Clerk-Recorder deeds + Assessor parcel roll
MY SHREEHARI LLC,,,5204 N FORESTDALE CIR,DUBLIN,CA,94568,Verified,Investor,1,0,0,2025-11-10,SAN LEANDRO,"821 COBURN CT, SAN LEANDRO",Alameda cash buyer list,Alameda County Clerk-Recorder deeds + Assessor parcel roll
SIXTH STREET SOUND LLC,,,235 PARK AVE S 9TH,NEW YORK,NY,10003,Verified,Investor,1,0,0,2025-11-07,BERKELEY,"1270 6TH ST, BERKELEY",Alameda cash buyer list,Alameda County Clerk-Recorder deeds + Assessor parcel roll
MMMMEK LLC TR,,,3225 MCLEOD DR 777,LAS VEGAS,CA,89121,Verified,Investor,1,0,0,2025-11-07,OAKLAND,"7609 HAMILTON ST, OAKLAND",Alameda cash buyer list,Alameda County Clerk-Recorder deeds + Assessor parcel roll
HOM LLC,,,PO BOX 2175,BERKELEY,CA,94702,Verified,Investor,1,0,0,2025-11-07,OAKLAND,"FONTAINE ST, OAKLAND",Alameda cash buyer list,Alameda County Clerk-Recorder deeds + Assessor parcel roll
NEEM GROUP LLC,,,2648 INTERNATIONAL BLVD 301,OAKLAND,CA,94601,Verified,Investor,1,0,0,2025-11-07,FREMONT,"3873 WILDFLOWER CMN, FREMONT",Alameda cash buyer list,Alameda County Clerk-Recorder deeds + Assessor parcel roll
KN PLEASANTON LLC,,,4545 CROW CANYON PL,CASTRO VALLEY,CA,94552,Verified,Investor,1,0,0,2025-11-07,PLEASANTON,"4558 BERNAL AVE, PLEASANTON",Alameda cash buyer list,Alameda County Clerk-Recorder deeds + Assessor parcel roll
MARLIN COVE LLC,,,133 STRATFORD ST,REDWOOD CITY,CA,94062,Verified,Investor,1,0,0,2025-11-07,OAKLAND,"14 MARLIN CV, OAKLAND",Alameda cash buyer list,Alameda County Clerk-Recorder deeds + Assessor parcel roll
GRAND LAKE HOLDING LLC,,,3205 GRAND AVE,OAKLAND,CA,94610,Verified,Investor,1,0,0,2025-11-07,OAKLAND,"3205 GRAND AVE, OAKLAND",Alameda cash buyer list,Alameda County Clerk-Recorder deeds + Assessor parcel roll
TONYS CLEAN TEAM LLC,,,4749 BENNETT DR A,LIVERMORE,CA,94551,Verified,Investor,1,0,0,2025-11-07,LIVERMORE,"4749 BENNETT DR A, LIVERMORE",Alameda cash buyer list,Alameda County Clerk-Recorder deeds + Assessor parcel roll
S & L PATEL ASSETS LLC,,,7910 ENTERPRISE CT,NEWARK,CA,94560,Verified,Investor,1,0,0,2025-11-07,NEWARK,"37557 ENTERPRISE CT, NEWARK",Alameda cash buyer list,Alameda County Clerk-Recorder deeds + Assessor parcel roll
F & J ENTERPRISE GROUP LLC,,,727 JOHNNIE MORRISON AVE,SACRAMENTO,CA,95838,Verified,Investor,1,0,0,2025-11-07,OAKLAND,"2795 25TH AVE, OAKLAND",Alameda cash buyer list,Alameda County Clerk-Recorder deeds + Assessor parcel roll
S4 80TH AVENUE HOLDINGS LLC,,,2063 ALVISO ADOBE CT,MILPITAS,CA,95035,Verified,Investor,1,0,0,2025-11-07,OAKLAND,"2023 80TH AVE, OAKLAND",Alameda cash buyer list,Alameda County Clerk-Recorder deeds + Assessor parcel roll
BLUERIDGE HOMES LLC,,,PO BOX 2327,PLEASANT HILL,CA,94523,Verified,Investor,1,0,0,2025-11-06,OAKLAND,"810 44TH ST, OAKLAND",Alameda cash buyer list,Alameda County Clerk-Recorder deeds + Assessor parcel roll
BUMPERTY BUMP ART MACHINES LLC,,,2645 SHASTA RD,BERKELEY,CA,94708,Verified,Investor,1,0,0,2025-11-06,BERKELEY,"2741 9TH ST, BERKELEY",Alameda cash buyer list,Alameda County Clerk-Recorder deeds + Assessor parcel roll
SONOMA PL LLC,,,3124 MELCHESTER DR,SAN JOSE,CA,95132,Verified,Investor,1,0,0,2025-11-06,PLEASANTON,"5729 SONOMA DR, PLEASANTON",Alameda cash buyer list,Alameda County Clerk-Recorder deeds + Assessor parcel roll
RADLEY 2 LLC,,,4100 REDWOOD RD 20A,OAKLAND,CA,94619,Verified,Investor,1,0,0,2025-11-06,HAYWARD,"2416 RADLEY CT 2, HAYWARD",Alameda cash buyer list,Alameda County Clerk-Recorder deeds + Assessor parcel roll
WESTPORT4337 LLC,,,71 RACCOLIO WAY,LIVERMORE,CA,94550,Verified,Investor,1,0,0,2025-11-06,DUBLIN,"4337 WESTPORT WAY, DUBLIN",Alameda cash buyer list,Alameda County Clerk-Recorder deeds + Assessor parcel roll
VENUS VENTURES LLC,,,401 HARRISON ST 30C,SAN FRANCISCO,CA,94105,Verified,Investor,1,0,0,2025-11-05,NEWARK,"36630 HAFNER ST, NEWARK",Alameda cash buyer list,Alameda County Clerk-Recorder deeds + Assessor parcel roll
SEQUOYAH PROPERTIES 2 LLC,,,1909 ASILOMAR DR,OAKLAND,CA,94611,Verified,Investor,1,0,0,2025-11-05,OAKLAND,"376 STATEN AVE, OAKLAND",Alameda cash buyer list,Alameda County Clerk-Recorder deeds + Assessor parcel roll
BAY AREA RENOVATIONS LLC,,,2150 PORTOLA AVE D-11,LIVERMORE,CA,94551,Verified,Investor,1,0,1,2025-11-05,LIVERMORE,"1349 SAYBROOK RD, LIVERMORE",Alameda cash buyer list; Flipper (resold a property),Alameda County Clerk-Recorder deeds + Assessor parcel roll
GROUP XIII PROPERTIES LP,,,155 N LAKE AVE 700,PASADENA,CA,91101,Verified,Investor,1,0,2,2025-11-05,FREMONT,"46935 ALOE CT, FREMONT",Alameda cash buyer list; Flipper (resold a property),Alameda County Clerk-Recorder deeds + Assessor parcel roll
AART LLC,,,746 BARLETTA CT,LIVERMORE,CA,94550,Verified,Investor,1,0,0,2025-11-05,LIVERMORE,"142 MCLEOD ST, LIVERMORE",Alameda cash buyer list,Alameda County Clerk-Recorder deeds + Assessor parcel roll
SO & LO LLC,,,1129 DANA CIR,LIVERMORE,CA,94550,Verified,Investor,1,0,0,2025-11-04,LIVERMORE,"1129 DANA CIR, LIVERMORE",Alameda cash buyer list,Alameda County Clerk-Recorder deeds + Assessor parcel roll
ROCKY STREET CITY LLC,,,1226 30TH AVE,SAN FRANCISCO,CA,94122,Verified,Investor,1,0,0,2025-11-04,HAYWARD,"21670 CLOUD WAY, HAYWARD",Alameda cash buyer list,Alameda County Clerk-Recorder deeds + Assessor parcel roll
1244 2ND INTERNATIONAL LLC,,,PO BOX 29361,OAKLAND,CA,94604,Verified,Investor,1,0,0,2025-11-04,OAKLAND,"1244 2ND AVE, OAKLAND",Alameda cash buyer list,Alameda County Clerk-Recorder deeds + Assessor parcel roll
INSPIRA FINANCIAL TRUST LLC,,,2001 SPRING RD 700,OAK BROOK,IL,60523,Verified,Investor,1,1,2,2025-11-03,OAKLAND,"10933 JULIUS ST D, OAKLAND",Alameda cash buyer list; Foreclosure auction buyer; Flipper (resold a property),Alameda County Clerk-Recorder deeds + Assessor parcel roll
D & B CALIFORNIA VENTURES LLC,,,115 JENNIFER CT,ALAMO,CA,94507,Verified,Investor,1,0,0,2025-11-03,ALAMEDA,"2050 SAN JOSE AVE, ALAMEDA",Alameda cash buyer list,Alameda County Clerk-Recorder deeds + Assessor parcel roll
2834 EIGHTH STREET LLC,,,825 PAGE ST,BERKELEY,CA,94710,Verified,Investor,1,0,0,2025-11-03,BERKELEY,"2834 8TH ST, BERKELEY",Alameda cash buyer list,Alameda County Clerk-Recorder deeds + Assessor parcel roll
CURRY PARKWAY LP,,,2304 W SHAW AVE 102,FRESNO,CA,93711,Verified,Investor,1,0,0,2025-11-03,OAKLAND,"4848 MACARTHUR BLVD, OAKLAND",Alameda cash buyer list,Alameda County Clerk-Recorder deeds + Assessor parcel roll
OAK HAVEN 7 LLC,,,202 W SUPERIOR ST 721,DULUTH,MN,55802,Verified,Investor,1,0,0,2025-11-03,OAKLAND,"2752 14TH AVE, OAKLAND",Alameda cash buyer list,Alameda County Clerk-Recorder deeds + Assessor parcel roll
JHD INVESTMENT GROUP LLC,,,44520 VISTA GRANDE CT,FREMONT,CA,94539,Verified,Investor,1,0,0,2025-10-31,HAYWARD,"316 LEXINGTON AVE, HAYWARD",Alameda cash buyer list,Alameda County Clerk-Recorder deeds + Assessor parcel roll
R SQUARED PARTNERS LLC,,,102 SANDERS RANCH RD,MORAGA,CA,94556,Verified,Investor,1,0,0,2025-10-31,ALAMEDA,"2205 HARBOR BAY PKWY, ALAMEDA",Alameda cash buyer list,Alameda County Clerk-Recorder deeds + Assessor parcel roll
1224 80TH AVE LLC,,,4018 CARRINGTON ST,OAKLAND,CA,94601,Verified,Investor,1,0,0,2025-10-31,OAKLAND,"80TH AV, OAKLAND",Alameda cash buyer list,Alameda County Clerk-Recorder deeds + Assessor parcel roll
PEACE PLANET GREEN LLC,,,1406 HAWTHORNE TER,BERKELEY,CA,94708,Verified,Investor,1,0,0,2025-10-31,BERKELEY,"1406 HAWTHORNE TER, BERKELEY",Alameda cash buyer list,Alameda County Clerk-Recorder deeds + Assessor parcel roll
1700 ADDISON LLC,,,2108 MCGEE AVE,BERKELEY,CA,94703,Verified,Investor,1,0,0,2025-10-31,BERKELEY,"1700 ADDISON ST, BERKELEY",Alameda cash buyer list,Alameda County Clerk-Recorder deeds + Assessor parcel roll
AAA BROTHERS LLC,,,3661 STAR RIDGE RD,HAYWARD,CA,94542,Verified,Investor,1,0,0,2025-10-31,CASTRO VALLEY,"10250 CROW CANYON RD, CASTRO VALLEY",Alameda cash buyer list,Alameda County Clerk-Recorder deeds + Assessor parcel roll
ZELAVIE LLC,,,P O BOX 110036,CAMPBELL,CA,95011,Verified,Investor,1,0,0,2025-10-31,OAKLAND,"2523 MASON ST, OAKLAND",Alameda cash buyer list,Alameda County Clerk-Recorder deeds + Assessor parcel roll
EGIDIO M CONSULTING LLC,,,347 EL CAMINO CAMPO,CORRALES,NM,87048,Verified,Investor,1,0,0,2025-10-30,FREMONT,"469 POSADA WAY, FREMONT",Alameda cash buyer list,Alameda County Clerk-Recorder deeds + Assessor parcel roll
Y & A LLC,,,3111 COWPER ST,PALO ALTO,CA,94306,Verified,Investor,1,0,0,2025-10-30,FREMONT,"46164 WARM SPRINGS BLVD 226, FREMONT",Alameda cash buyer list,Alameda County Clerk-Recorder deeds + Assessor parcel roll
MMSUB LLC,,,5658 SUNSET CREEK CT,PLEASANTON,CA,94566,Verified,Investor,1,0,0,2025-10-30,OAKLAND,"296 HEGENBERGER RD, OAKLAND",Alameda cash buyer list,Alameda County Clerk-Recorder deeds + Assessor parcel roll
380 60TH STREET LLC,,,380 60TH ST,OAKLAND,CA,94618,Verified,Investor,1,0,0,2025-10-30,OAKLAND,"380 60TH ST, OAKLAND",Alameda cash buyer list,Alameda County Clerk-Recorder deeds + Assessor parcel roll
NEW AVENUE LLC,,,560 W MAIN ST C218,ALHAMBRA,CA,91801,Verified,Investor,1,0,0,2025-10-30,BERKELEY,"2601 COLLEGE AVE 205, BERKELEY",Alameda cash buyer list,Alameda County Clerk-Recorder deeds + Assessor parcel roll
MANZANITA HOLDINGS LLLP,,,7518 KILRUSH AVE,DUBLIN,CA,94568,Verified,Investor,1,0,0,2025-10-30,BERKELEY,"1431 NORTHSIDE AVE, BERKELEY",Alameda cash buyer list,Alameda County Clerk-Recorder deeds + Assessor parcel roll
FAT HOMES LLC,,,5301 BRANN ST,OAKLAND,CA,94619,Verified,Investor,1,0,0,2025-10-29,HAYWARD,"3466 BAUMBERG AVE, HAYWARD",Alameda cash buyer list,Alameda County Clerk-Recorder deeds + Assessor parcel roll
NEXTWAVE RADIO LLC,,,5506 FIRESTONE RD,LIVERMORE,CA,94551,Verified,Investor,1,0,0,2025-10-29,LIVERMORE,"5179 CROCUS WAY, LIVERMORE",Alameda cash buyer list,Alameda County Clerk-Recorder deeds + Assessor parcel roll
12 PILLARS LLC,,,1547 28TH AVE,OAKLAND,CA,94601,Verified,Investor,1,0,0,2025-10-29,OAKLAND,"3238 ADELINE ST, OAKLAND",Alameda cash buyer list,Alameda County Clerk-Recorder deeds + Assessor parcel roll
LA MORSA LLC,,,1401 21ST ST R,SACRAMENTO,CA,95811,Verified,Investor,1,0,0,2025-10-28,OAKLAND,"966 85TH AVE, OAKLAND",Alameda cash buyer list,Alameda County Clerk-Recorder deeds + Assessor parcel roll
360 PRESTON CT LLC,,,366 S GRAND OAKS AVE,PASADENA,CA,91107,Verified,Investor,1,0,0,2025-10-28,LIVERMORE,"360 PRESTON CT, LIVERMORE",Alameda cash buyer list,Alameda County Clerk-Recorder deeds + Assessor parcel roll
NEXTGEN CAPITAL GROUP LLC,,,30 N GOULD ST R,SHERIDAN,WY,82801,Verified,Investor,1,0,0,2025-10-28,HAYWARD,"27890 HAVANA AVE, HAYWARD",Alameda cash buyer list,Alameda County Clerk-Recorder deeds + Assessor parcel roll
SOLSTICE MANAGEMENT GROUP LLC,,,30 N GOULD ST R,SHERIDAN,WY,82801,Verified,Investor,1,0,0,2025-10-28,HAYWARD,"27764 MANDARIN AVE, HAYWARD",Alameda cash buyer list,Alameda County Clerk-Recorder deeds + Assessor parcel roll
2201 BW OWNER LLC,,,456 EIGHTH ST 2ND,OAKLAND,CA,94607,Verified,Investor,1,0,0,2025-10-28,OAKLAND,"2201 BROADWAY, OAKLAND",Alameda cash buyer list,Alameda County Clerk-Recorder deeds + Assessor parcel roll
AHUJA INVESTMENTS LLC,,,2843 EUGENE TER,CASTRO VALLEY,CA,94546,Verified,Investor,1,0,2,2025-10-27,SAN LEANDRO,"583 MAJESTIC WAY, SAN LEANDRO",Alameda cash buyer list; Flipper (resold a property),Alameda County Clerk-Recorder deeds + Assessor parcel roll
31909 HAYMAN LLC,,,2470 JUANITA WAY,LAGUNA BEACH,CA,92651,Verified,Investor,1,0,0,2025-10-24,HAYWARD,"31909 HAYMAN ST, HAYWARD",Alameda cash buyer list,Alameda County Clerk-Recorder deeds + Assessor parcel roll
2811 TEAGARDEN LLC,,,2811 TEAGARDEN ST,SAN LEANDRO,CA,94577,Verified,Investor,1,0,0,2025-10-24,SAN LEANDRO,"2811 TEAGARDEN ST, SAN LEANDRO",Alameda cash buyer list,Alameda County Clerk-Recorder deeds + Assessor parcel roll
JKAI INVESTMENTS LLC,,,5650 DRESSLAR CIR,LIVERMORE,CA,94550,Verified,Investor,1,0,0,2025-10-24,LIVERMORE,"1244 LOCUST ST, LIVERMORE",Alameda cash buyer list,Alameda County Clerk-Recorder deeds + Assessor parcel roll
ORANGE SAGE LLC,,,4772 PORTER ST,FREMONT,CA,94538,Verified,Investor,1,0,0,2025-10-23,BERKELEY,"1619 FAIRVIEW ST, BERKELEY",Alameda cash buyer list,Alameda County Clerk-Recorder deeds + Assessor parcel roll
RADHA HOLDINGS LLC,,,3027 BRIGGS CT,PLEASANTON,CA,94588,Verified,Investor,1,0,0,2025-10-23,FREMONT,"33259 JAMIE CIR, FREMONT",Alameda cash buyer list,Alameda County Clerk-Recorder deeds + Assessor parcel roll
MACARTHUR BLVD PROPERTY LLC,,,379 GRENADINE WAY,HERCULES,CA,94547,Verified,Investor,1,0,0,2025-10-23,OAKLAND,"10807 MACARTHUR BLVD, OAKLAND",Alameda cash buyer list,Alameda County Clerk-Recorder deeds + Assessor parcel roll
ROHINI HOME DESIGNS LLC,,,858 KENSINGTON DR,FREMONT,CA,94539,Verified,Investor,1,0,1,2025-10-22,FREMONT,"41392 BEATRICE ST, FREMONT",Alameda cash buyer list; Flipper (resold a property),Alameda County Clerk-Recorder deeds + Assessor parcel roll
1300 SAN PABLO A BERKELEY LLC,,,1777 ABRAM CT 1678,SAN LEANDRO,CA,94577,Verified,Investor,1,0,0,2025-10-22,BERKELEY,"1300 SAN PABLO AVE, BERKELEY",Alameda cash buyer list,Alameda County Clerk-Recorder deeds + Assessor parcel roll
38491 FREMONT BLVD LLC,,,2015 MANHATTAN BEACH BLVD 104,REDONDO BEACH,CA,90278,Verified,Investor,1,0,0,2025-10-22,FREMONT,"38491 FREMONT BLVD, FREMONT",Alameda cash buyer list,Alameda County Clerk-Recorder deeds + Assessor parcel roll
436 PANORAMIC WAY LLC,,,2331 4TH ST,BERKELEY,CA,94710,Verified,Investor,1,0,0,2025-10-22,OAKLAND,"436 PANORAMIC WAY, OAKLAND",Alameda cash buyer list,Alameda County Clerk-Recorder deeds + Assessor parcel roll
GH PACVEST LLC,,,2800 POST OAK BLVD 5115,HOUSTON,TX,77056,Verified,Investor,1,0,0,2025-10-21,DUBLIN,"CROAK RD, DUBLIN",Alameda cash buyer list,Alameda County Clerk-Recorder deeds + Assessor parcel roll
BONOBO VENTURES LLC,,,43575 MISSION BLVD 327,FREMONT,CA,94539,Verified,Investor,1,0,0,2025-10-21,ASHLAND,"1615 167TH AVE, ASHLAND",Alameda cash buyer list,Alameda County Clerk-Recorder deeds + Assessor parcel roll
XILA HOLDING,,,1575 TANAKA PL #40,SUNNYVALE,CA,94087,Verified,Investor,1,0,0,2025-10-20,HAYWARD,"25377 HUNTWOOD AVE, HAYWARD",Alameda cash buyer list,Alameda County Clerk-Recorder deeds + Assessor parcel roll
TAT OHANA LLC,,,215 CALLE DE ANZA,SAN CLEMENTE,CA,92672,Verified,Investor,1,0,0,2025-10-20,LIVERMORE,"5857 RAINFLOWER DR, LIVERMORE",Alameda cash buyer list,Alameda County Clerk-Recorder deeds + Assessor parcel roll
BAYPOINT TERRACE LLC,,,2027 BELLE MONTI AVE,BELMONT,CA,94002,Verified,Investor,1,0,0,2025-10-20,FREMONT,"34562 FALLS TER, FREMONT",Alameda cash buyer list,Alameda County Clerk-Recorder deeds + Assessor parcel roll
45128 NUMBER 401 FREMONT LLC,,,3249 JACKSON ST,SAN FRANCISCO,CA,94118,Verified,Investor,1,0,0,2025-10-17,FREMONT,"45128 WARM SPRINGS BLVD 401, FREMONT",Alameda cash buyer list,Alameda County Clerk-Recorder deeds + Assessor parcel roll
202501WY 02 LLC,,,181 SAND CREEK RD H,BRENTWOOD,CA,94513,Verified,Investor,1,0,1,2025-10-17,SAN LEANDRO,"3672 DEL MONTE WAY, SAN LEANDRO",Alameda cash buyer list; Flipper (resold a property),Alameda County Clerk-Recorder deeds + Assessor parcel roll
LAND & LEGACY LLC,,,577 BANCROFT AVE,SAN LEANDRO,CA,94577,Verified,Investor,1,0,0,2025-10-17,SAN LEANDRO,"577 BANCROFT AVE, SAN LEANDRO",Alameda cash buyer list,Alameda County Clerk-Recorder deeds + Assessor parcel roll
LAKEWOOD RV MOTORS LLC,,,10533 BEECH AVE,FONTANA,CA,92337,Verified,Investor,1,0,0,2025-10-17,OAKLAND,"4336 RILEA WAY, OAKLAND",Alameda cash buyer list,Alameda County Clerk-Recorder deeds + Assessor parcel roll
TRYBE DEVELOPMENT CORPORATION,,,3542 FRUTVALE AVE 135,OAKLAND,CA,94602,Verified,Investor,1,0,0,2025-10-17,OAKLAND,"2551 MACARTHUR BLVD, OAKLAND",Alameda cash buyer list,Alameda County Clerk-Recorder deeds + Assessor parcel roll
CCS ENTERPRISES INC,,,2223 MARIN AVE,BERKELEY,CA,94707,Verified,Investor,1,0,0,2025-10-17,BERKELEY,"1514 LA LOMA AVE, BERKELEY",Alameda cash buyer list,Alameda County Clerk-Recorder deeds + Assessor parcel roll
100TH AVE LLC,,,1825 GALINDO ST 104,CONCORD,CA,94520,Verified,Investor,1,0,0,2025-10-16,OAKLAND,"1167 100TH AVE, OAKLAND",Alameda cash buyer list,Alameda County Clerk-Recorder deeds + Assessor parcel roll
46TH AVE LLC,,,1825 GALINDO ST 104,CONCORD,CA,94520,Verified,Investor,1,0,0,2025-10-16,OAKLAND,"1444 46TH AVE, OAKLAND",Alameda cash buyer list,Alameda County Clerk-Recorder deeds + Assessor parcel roll
LUCKY 4 LEAF CLOVER INVESTMENT LLC,,,1709 S NOGALES ST 203,ROWLAND HEIGHTS,CA,91748,Verified,Investor,1,1,0,2025-10-16,OAKLAND,"6535 CASTLE DR, OAKLAND",Alameda cash buyer list; Foreclosure auction buyer,Alameda County Clerk-Recorder deeds + Assessor parcel roll
1078 TRESTLE GLEN LLC,,,1078 TRESTLE GLEN RD,OAKLAND,CA,94610,Verified,Investor,1,0,0,2025-10-16,OAKLAND,"1078 TRESTLE GLEN RD, OAKLAND",Alameda cash buyer list,Alameda County Clerk-Recorder deeds + Assessor parcel roll
NEW PATH PROPERTIES LLC,,,1603 N HIGHLAND AVE,RIPON,CA,95366,Verified,Investor,1,0,0,2025-10-15,HAYWARD,"29303 PACIFIC ST, HAYWARD",Alameda cash buyer list,Alameda County Clerk-Recorder deeds + Assessor parcel roll
5445 BROADWAY LLC,,,22544 MAIN ST,HAYWARD,CA,94541,Verified,Investor,1,0,0,2025-10-15,OAKLAND,"5445 BROADWAY, OAKLAND",Alameda cash buyer list,Alameda County Clerk-Recorder deeds + Assessor parcel roll
MG HARDER ROAD LLC,,,10660 WILSHIRE BLVD 1601,LOS ANGELES,CA,90024,Verified,Investor,1,0,0,2025-10-15,HAYWARD,"691 HARDER RD, HAYWARD",Alameda cash buyer list,Alameda County Clerk-Recorder deeds + Assessor parcel roll
TNG 400 30TH LLC,,,6114 LASALLE AVE 599,OAKLAND,CA,94611,Verified,Investor,1,0,0,2025-10-15,OAKLAND,"400 30TH ST, OAKLAND",Alameda cash buyer list,Alameda County Clerk-Recorder deeds + Assessor parcel roll
422 LAGUNITAS II LLC,,,137 N LARCHMONT BLVD 127,LOS ANGELES,CA,90004,Verified,Investor,1,0,0,2025-10-14,OAKLAND,"422 LAGUNITAS AVE, OAKLAND",Alameda cash buyer list,Alameda County Clerk-Recorder deeds + Assessor parcel roll
BAY TIDE LLC,,,PO BOX 83,BERKELEY,CA,94701,Verified,Investor,1,0,0,2025-10-13,OAKLAND,"419 48TH ST, OAKLAND",Alameda cash buyer list,Alameda County Clerk-Recorder deeds + Assessor parcel roll
PARK PROPERTY INVESTORS LLC,,,31 MAGDALENA CT,MILL VALLEY,CA,94941,Verified,Investor,1,0,0,2025-10-13,OAKLAND,"2820 PARK BLVD, OAKLAND",Alameda cash buyer list,Alameda County Clerk-Recorder deeds + Assessor parcel roll
GOLDEN BLUE STAR PROPERTIES LLC,,,1445 34TH AVE 7957,OAKLAND,CA,94601,Verified,Investor,1,0,0,2025-10-13,OAKLAND,"1100 75TH AVE, OAKLAND",Alameda cash buyer list,Alameda County Clerk-Recorder deeds + Assessor parcel roll
SHOFADO LLC,,,3125 CUTHBERT AVE,OAKLAND,CA,94602,Verified,Investor,1,0,0,2025-10-10,OAKLAND,"2306 WAVERLY ST, OAKLAND",Alameda cash buyer list,Alameda County Clerk-Recorder deeds + Assessor parcel roll
CHARDIKALAA LLC,,,39400 ALBANY CMN #1,FREMONT,CA,94538,Verified,Investor,1,0,0,2025-10-10,FREMONT,"39490 ALBANY CMN U, FREMONT",Alameda cash buyer list,Alameda County Clerk-Recorder deeds + Assessor parcel roll
SINGEL PROPERTY ALAMEDA LLC,,,1528 E TEAGUE AVE,CLOVIS,CA,93619,Verified,Investor,1,0,0,2025-10-10,ALAMEDA,"2308 ENCINAL AVE, ALAMEDA",Alameda cash buyer list,Alameda County Clerk-Recorder deeds + Assessor parcel roll
FHI SHATTUCK PLAZA LLC,,,1901 AVENUE OF THE STARS 630,LOS ANGELES,CA,90067,Verified,Investor,1,0,0,2025-10-10,BERKELEY,"2060 ALLSTON WAY A, BERKELEY",Alameda cash buyer list,Alameda County Clerk-Recorder deeds + Assessor parcel roll
1345 EIGHTH STREET LLC,,,962 CORNELL AVE,ALBANY,CA,94706,Verified,Investor,1,0,0,2025-10-09,BERKELEY,"1345 8TH ST, BERKELEY",Alameda cash buyer list,Alameda County Clerk-Recorder deeds + Assessor parcel roll
TAYCON PROPERTIES FOUR LLC,,,40 HAWTHORNE AVE,LOS ALTOS,CA,94022,Verified,Investor,1,0,0,2025-10-08,BERKELEY,"1201 DWIGHT WAY, BERKELEY",Alameda cash buyer list,Alameda County Clerk-Recorder deeds + Assessor parcel roll
REGENCY BERKELEY LLC,,,1111 FRANKLIN ST 6TH,OAKLAND,CA,94607,Verified,Investor,1,0,0,2025-10-08,BERKELEY,"2121 CENTER ST, BERKELEY",Alameda cash buyer list,Alameda County Clerk-Recorder deeds + Assessor parcel roll
5800 STONERIDGE MALL ROAD LLC,,,3750 BOULDER ST,PLEASANTON,CA,94566,Verified,Investor,1,0,0,2025-10-07,PLEASANTON,"5800 STONERIDGE MALL RD, PLEASANTON",Alameda cash buyer list,Alameda County Clerk-Recorder deeds + Assessor parcel roll
VTEAM LLC,,,42719 EVERGLADES PARK DR,FREMONT,CA,94538,Verified,Investor,1,0,0,2025-10-07,LIVERMORE,"850 TANAGER RD, LIVERMORE",Alameda cash buyer list,Alameda County Clerk-Recorder deeds + Assessor parcel roll
ORP 40TH LLC,,,1831 SOLANO AVE 7366,BERKELEY,CA,94707,Verified,Investor,1,0,0,2025-10-07,OAKLAND,"715 40TH ST, OAKLAND",Alameda cash buyer list,Alameda County Clerk-Recorder deeds + Assessor parcel roll
ALLEN HOUSE LLC,,,455 N CITYFRONT PLAZA DR 1730,CHICAGO,IL,60611,Verified,Investor,1,0,0,2025-10-07,OAKLAND,"MANCHESTER DR, OAKLAND",Alameda cash buyer list,Alameda County Clerk-Recorder deeds + Assessor parcel roll
AMERICAN AVENUE HOLDINGS LLC,,,800 HIGHLAND AVE,PIEDMONT,CA,94611,Verified,Investor,1,0,0,2025-10-06,HAYWARD,"2242 AMERICAN AVE, HAYWARD",Alameda cash buyer list,Alameda County Clerk-Recorder deeds + Assessor parcel roll
I MAGNIN LLC,,,2435 TELEGRAPH AVE,OAKLAND,CA,94612,Verified,Investor,1,0,0,2025-10-06,OAKLAND,"2015 BROADWAY, OAKLAND",Alameda cash buyer list,Alameda County Clerk-Recorder deeds + Assessor parcel roll
RIPPLE PEAK PROPERTIES LLC,,,2108 N ST N,SACRAMENTO,CA,95816,Verified,Investor,1,0,0,2025-10-06,HAYWARD,"29061 DIXON ST, HAYWARD",Alameda cash buyer list,Alameda County Clerk-Recorder deeds + Assessor parcel roll
2400 FRUITVALE AVE LLC,,,1001 CUTTING BLVD,RICHMOND,CA,94804,Verified,Investor,1,0,0,2025-10-06,OAKLAND,"8429 INTERNATIONAL BLVD, OAKLAND",Alameda cash buyer list,Alameda County Clerk-Recorder deeds + Assessor parcel roll
200 PACKET LANDING LLC,,,2026 SANTA CLARA AVE,ALAMEDA,CA,94501,Verified,Investor,1,0,0,2025-10-03,ALAMEDA,"200 PACKET LANDING RD, ALAMEDA",Alameda cash buyer list,Alameda County Clerk-Recorder deeds + Assessor parcel roll
SMS UNLIMITED LLC,,,6024 LAURELSPUR LOOP,SAN RAMON,CA,94582,Verified,Investor,1,0,0,2025-10-03,PLEASANTON,"5890 STONERIDGE DR, PLEASANTON",Alameda cash buyer list,Alameda County Clerk-Recorder deeds + Assessor parcel roll
DBIA LLC,,,1755 BROADWAY 54,OAKLAND,CA,94612,Verified,Investor,1,0,0,2025-10-03,OAKLAND,"2901 SEMINARY AVE, OAKLAND",Alameda cash buyer list,Alameda County Clerk-Recorder deeds + Assessor parcel roll
INBAR PROPERTIES BERKLEY LLC,,,1130 FAIR OAKS PKWY,ANN ARBOR,MI,48103,Verified,Investor,1,0,0,2025-10-02,BERKELEY,"1156 WALNUT ST, BERKELEY",Alameda cash buyer list,Alameda County Clerk-Recorder deeds + Assessor parcel roll
ASRAM PROPERTIES LLC,,,30042 MISSION BLVD 121-,HAYWARD,CA,94544,Verified,Investor,1,0,0,2025-10-02,CASTRO VALLEY,"22424 CHARLENE WAY, CASTRO VALLEY",Alameda cash buyer list,Alameda County Clerk-Recorder deeds + Assessor parcel roll
CHAMBERS VENTURES LLC,,,PO BOX 482,FOREST KNOLLS,CA,94933,Verified,Investor,1,0,0,2025-10-02,OAKLAND,"2707 WOOD ST, OAKLAND",Alameda cash buyer list,Alameda County Clerk-Recorder deeds + Assessor parcel roll
3507 GLEN PARK ROAD LLC,,,2750 ADELINE ST B,BERKELEY,CA,94703,Verified,Investor,1,0,0,2025-10-02,OAKLAND,"3507 GLEN PARK RD, OAKLAND",Alameda cash buyer list,Alameda County Clerk-Recorder deeds + Assessor parcel roll
2105 MARTIN LUTHER KING JR WAY LLC,,,2750 ADELINE ST B,BERKELEY,CA,94703,Verified,Investor,1,0,0,2025-10-02,BERKELEY,"2105 M L KING JR WAY, BERKELEY",Alameda cash buyer list,Alameda County Clerk-Recorder deeds + Assessor parcel roll
DVVA INC,,,4216 RIDGEMONT CT,OAKLAND,CA,94619,Verified,Investor,1,0,0,2025-10-02,OAKLAND,"2215 CHAMPION ST, OAKLAND",Alameda cash buyer list,Alameda County Clerk-Recorder deeds + Assessor parcel roll
GSI REALTY LLC,,,7031 KOLL CENTER PKWY 290,PLEASANTON,CA,94566,Verified,Investor,1,0,0,2025-10-02,PLEASANTON,"7031 KOLL CENTER PKWY 280, PLEASANTON",Alameda cash buyer list,Alameda County Clerk-Recorder deeds + Assessor parcel roll
RESERVE VENUE LLC,,,32732 FAIRFIELD ST,UNION CITY,CA,94587,Verified,Investor,1,0,0,2025-10-02,UNION CITY,"31014 UNION CITY BLVD, UNION CITY",Alameda cash buyer list,Alameda County Clerk-Recorder deeds + Assessor parcel roll
LEIBOWITZ BERKELEY STORAGE LLC,,,173 ARDMORE RD,KENSINGTON,CA,94707,Verified,Investor,1,0,0,2025-10-02,BERKELEY,"1260 6TH ST, BERKELEY",Alameda cash buyer list,Alameda County Clerk-Recorder deeds + Assessor parcel roll
HOMEWIDE INC,,,6031 BRIDGEVIEW DR,VENTURA,CA,93003,Verified,Investor,1,1,0,2025-10-01,OAKLAND,"401 105TH AVE, OAKLAND",Alameda cash buyer list; Foreclosure auction buyer,Alameda County Clerk-Recorder deeds + Assessor parcel roll
3 BROS LEGACY LLC,,,4096 PIEDMONT AVE,OAKLAND,CA,94611,Verified,Investor,1,0,0,2025-10-01,OAKLAND,"2564 SAN PABLO AVE, OAKLAND",Alameda cash buyer list,Alameda County Clerk-Recorder deeds + Assessor parcel roll
KAKOLO LLC,,,3225 STEVENS CREEK BLVD,SAN JOSE,CA,95117,Verified,Investor,1,0,0,2025-10-01,FREMONT,"5700 CUSHING PKWY, FREMONT",Alameda cash buyer list,Alameda County Clerk-Recorder deeds + Assessor parcel roll
AVB UPTOWN PROPERTIES LLC,,,9208 LA RIVIARA DR,SACRAMENTO,CA,95826,Verified,Investor,1,0,0,2025-10-01,OAKLAND,"629 18TH ST, OAKLAND",Alameda cash buyer list,Alameda County Clerk-Recorder deeds + Assessor parcel roll
SKYLINE OAKS LLC,,,,,,,Pending county update,Investor,1,0,0,2026-09-29,,Doc 2026122879,Alameda cash buyer list,Alameda County Clerk-Recorder deeds + Assessor parcel roll
MH PROPERTY INVESTORS 2 LLC,,,,,,,Pending county update,Investor,1,0,0,2026-09-29,,Doc 2026123016,Alameda cash buyer list,Alameda County Clerk-Recorder deeds + Assessor parcel roll
RCD RE LLC,,,,,,,Pending county update,Investor,1,0,0,2026-09-29,,Doc 2026123264,Alameda cash buyer list,Alameda County Clerk-Recorder deeds + Assessor parcel roll
HSTDL ENTERPRISES LLC,,,,,,,Pending county update,Investor,1,0,0,2026-09-29,,Doc 2026123273,Alameda cash buyer list,Alameda County Clerk-Recorder deeds + Assessor parcel roll
DELIA VENTURES CA LLC,,,,,,,Pending county update,Investor,1,0,0,2026-09-29,,Doc 2026123399,Alameda cash buyer list,Alameda County Clerk-Recorder deeds + Assessor parcel roll
JMC EUCLID PROPERTY LLC,,,,,,,Pending county update,Investor,1,0,0,2026-09-29,,Doc 2026123431,Alameda cash buyer list,Alameda County Clerk-Recorder deeds + Assessor parcel roll
PIEDMONT VENTURES LLC,,,,,,,Pending county update,Investor,1,0,0,2026-09-28,,Doc 2026122308,Alameda cash buyer list,Alameda County Clerk-Recorder deeds + Assessor parcel roll
LB BUILDS INC,,,,,,,Pending county update,Investor,1,0,0,2026-09-28,CASTRO VALLEY,"3125 ALEXIS PL, CASTRO VALLEY",Alameda cash buyer list,Alameda County Clerk-Recorder deeds + Assessor parcel roll
GUYTI 2624 LLC,,,,,,,Pending county update,Investor,1,0,0,2026-09-28,,Doc 2026122546,Alameda cash buyer list,Alameda County Clerk-Recorder deeds + Assessor parcel roll
BAY ONE VENTURES LLC,,,,,,,Pending county update,Investor,1,0,0,2026-09-28,,Doc 2026122602,Alameda cash buyer list,Alameda County Clerk-Recorder deeds + Assessor parcel roll
BAYAREA HOME VENTURES LLC,,,,,,,Pending county update,Investor,1,0,0,2026-09-28,,Doc 2026122605,Alameda cash buyer list,Alameda County Clerk-Recorder deeds + Assessor parcel roll
NEGOCIO PRO LLC,,,,,,,Pending county update,Investor,1,0,2,2026-09-28,,Doc 2026122685,Alameda cash buyer list; Flipper (resold a property),Alameda County Clerk-Recorder deeds + Assessor parcel roll
CLOUDZ LLC,,,,,,,Pending county update,Investor,1,0,0,2026-09-28,,Doc 2026122729,Alameda cash buyer list,Alameda County Clerk-Recorder deeds + Assessor parcel roll
WANAMASSA PROPERTIES CA LLC,,,,,,,Pending county update,Investor,1,0,0,2026-09-28,,Doc 2026122751,Alameda cash buyer list,Alameda County Clerk-Recorder deeds + Assessor parcel roll
BRIGHT ANCHOR LLC,,,,,,,Pending county update,Investor,1,0,0,2026-09-28,,Doc 2026122813,Alameda cash buyer list,Alameda County Clerk-Recorder deeds + Assessor parcel roll
PAIR OF DICE LLC,,,,,,,Pending county update,Investor,1,0,0,2026-09-25,LIVERMORE,"288 BOEING CT, LIVERMORE",Alameda cash buyer list,Alameda County Clerk-Recorder deeds + Assessor parcel roll
19961 REDWOOD LLC,,,,,,,Pending county update,Investor,1,0,0,2026-09-25,CASTRO VALLEY,"19961 REDWOOD RD, CASTRO VALLEY",Alameda cash buyer list,Alameda County Clerk-Recorder deeds + Assessor parcel roll
PARK COLLECTIVE LLC,,,,,,,Pending county update,Investor,1,0,0,2026-09-25,,Doc 2026121647,Alameda cash buyer list,Alameda County Clerk-Recorder deeds + Assessor parcel roll
CRAGMONT AVE LLC,,,,,,,Pending county update,Investor,1,0,0,2026-09-25,,Doc 2026121689,Alameda cash buyer list,Alameda County Clerk-Recorder deeds + Assessor parcel roll
2910 FABER STREET LLC,,,,,,,Pending county update,Investor,1,0,0,2026-09-25,UNION CITY,"FABER ST, UNION CITY",Alameda cash buyer list,Alameda County Clerk-Recorder deeds + Assessor parcel roll
ALJ INVESTMENTS LLC,,,,,,,Pending county update,Investor,1,0,0,2026-09-25,,Doc 2026122061,Alameda cash buyer list,Alameda County Clerk-Recorder deeds + Assessor parcel roll
PEACE & QUIET LLC,,,,,,,Pending county update,Investor,1,0,0,2026-09-24,OAKLAND,"6887 EXETER DR, OAKLAND",Alameda cash buyer list,Alameda County Clerk-Recorder deeds + Assessor parcel roll
EAST BAY MAPLE 1 LLC,,,,,,,Pending county update,Investor,1,0,0,2026-09-24,,Doc 2026121196,Alameda cash buyer list,Alameda County Clerk-Recorder deeds + Assessor parcel roll
BRIDGER 221 WASHINGTON ST LLC,,,,,,,Pending county update,Investor,1,0,0,2026-09-24,,Doc 2026121218,Alameda cash buyer list,Alameda County Clerk-Recorder deeds + Assessor parcel roll
CRP ARBOR VIEW APARTMENTS LP,,,,,,,Pending county update,Investor,1,0,0,2026-09-23,FREMONT,"41868 OSGOOD RD, FREMONT",Alameda cash buyer list,Alameda County Clerk-Recorder deeds + Assessor parcel roll
MMCM PROPERTIES INC,,,,,,,Pending county update,Investor,1,0,0,2026-09-23,,Doc 2026120478,Alameda cash buyer list,Alameda County Clerk-Recorder deeds + Assessor parcel roll
GIR INVESTMENTS,,,,,,,Pending county update,Investor,1,0,0,2026-09-23,,Doc 2026120485,Alameda cash buyer list,Alameda County Clerk-Recorder deeds + Assessor parcel roll
PRUNE XC LLC,,,,,,,Pending county update,Investor,1,0,0,2026-09-23,FREMONT,"2154 PRUNE AVE, FREMONT",Alameda cash buyer list,Alameda County Clerk-Recorder deeds + Assessor parcel roll
WALTERS BUILDERS INC,,,,,,,Pending county update,Investor,1,0,0,2026-09-22,,Doc 2026119840,Alameda cash buyer list,Alameda County Clerk-Recorder deeds + Assessor parcel roll
NATIONWIDE EQUITIES CORPORATION,,,,,,,Pending county update,Investor,1,0,0,2026-09-22,DUBLIN,"8280 ELGIN LN, DUBLIN",Alameda cash buyer list,Alameda County Clerk-Recorder deeds + Assessor parcel roll
ETG ENTERPRISES LLC,,,,,,,Pending county update,Investor,1,0,0,2026-09-22,,Doc 2026120013,Alameda cash buyer list,Alameda County Clerk-Recorder deeds + Assessor parcel roll
LU INVESTMENTS LLC,,,,,,,Pending county update,Investor,1,0,0,2026-09-22,,Doc 2026120096,Alameda cash buyer list,Alameda County Clerk-Recorder deeds + Assessor parcel roll
FMT CRESTWELL LLC,,,,,,,Pending county update,Investor,1,0,0,2026-09-22,,Doc 2026120126,Alameda cash buyer list,Alameda County Clerk-Recorder deeds + Assessor parcel roll
EAGLE PACIFIC PROPERTIES INC,,,,,,,Pending county update,Investor,1,0,0,2026-09-21,PLEASANTON,"4288 TULIPWOOD CT, PLEASANTON",Alameda cash buyer list,Alameda County Clerk-Recorder deeds + Assessor parcel roll
AMANDEEP BRAR VIRK D D S INC,,,,,,,Pending county update,Investor,1,0,0,2026-09-21,,Doc 2026119428,Alameda cash buyer list,Alameda County Clerk-Recorder deeds + Assessor parcel roll
CHARLIESANGELS INVESTMENT TRUST,,,,,,,Pending county update,Investor,1,0,0,2026-09-21,,Doc 2026119521,Alameda cash buyer list,Alameda County Clerk-Recorder deeds + Assessor parcel roll
1583 VIA DI SALERNO LLC,,,,,,,Pending county update,Investor,1,0,0,2026-09-21,PLEASANTON,"1583 VIA DI SALERNO, PLEASANTON",Alameda cash buyer list,Alameda County Clerk-Recorder deeds + Assessor parcel roll
PEASE COURT LLC,,,,,,,Pending county update,Investor,1,0,0,2026-09-21,,Doc 2026119624,Alameda cash buyer list,Alameda County Clerk-Recorder deeds + Assessor parcel roll
BANCROFT BAY AREA INVESTMENTS LLC,,,,,,,Pending county update,Investor,1,0,0,2026-09-21,SAN LEANDRO,"423 BANCROFT AVE, SAN LEANDRO",Alameda cash buyer list,Alameda County Clerk-Recorder deeds + Assessor parcel roll
MAIN & FERRY STREET PARTNERS,,,,,,,Pending county update,Investor,1,0,0,2026-09-21,PLEASANTON,"4067 VINEYARD AVE, PLEASANTON",Alameda cash buyer list,Alameda County Clerk-Recorder deeds + Assessor parcel roll
499 LESSER LLC,,,,,,,Pending county update,Investor,1,0,0,2026-09-21,,Doc 2026119728,Alameda cash buyer list,Alameda County Clerk-Recorder deeds + Assessor parcel roll
LEGACY SKB LLC,,,,,,,Pending county update,Investor,1,0,0,2026-09-21,,Doc 2026119749,Alameda cash buyer list,Alameda County Clerk-Recorder deeds + Assessor parcel roll
TERRA VITA PROPERTIES LLC,,,,,,,Pending county update,Investor,1,0,0,2026-09-18,,Doc 2026118729,Alameda cash buyer list,Alameda County Clerk-Recorder deeds + Assessor parcel roll
MCLP ASSET CO,,,,,,,Pending county update,Investor,1,1,1,2026-09-18,HAYWARD,"29982 BELLO VIEW PL, HAYWARD",Alameda cash buyer list; Foreclosure auction buyer; Flipper (resold a property),Alameda County Clerk-Recorder deeds + Assessor parcel roll
TRAVEL LLC,,,,,,,Pending county update,Investor,1,0,0,2026-09-18,,Doc 2026118790,Alameda cash buyer list,Alameda County Clerk-Recorder deeds + Assessor parcel roll
ZAYO GROUP LLC,,,,,,,Pending county update,Investor,1,0,0,2026-09-18,HAYWARD,"24801 HUNTWOOD AVE, HAYWARD",Alameda cash buyer list,Alameda County Clerk-Recorder deeds + Assessor parcel roll
HUGO HOLDINGS LLC,,,,,,,Pending county update,Investor,1,0,0,2026-09-18,,Doc 2026119090,Alameda cash buyer list,Alameda County Clerk-Recorder deeds + Assessor parcel roll
FALCON OAKS LLC,,,,,,,Pending county update,Investor,1,0,0,2026-09-18,,Doc 2026119189,Alameda cash buyer list,Alameda County Clerk-Recorder deeds + Assessor parcel roll
K S TERMINALS USA LLC,,,,,,,Pending county update,Investor,1,0,0,2026-09-18,,Doc 2026119197,Alameda cash buyer list,Alameda County Clerk-Recorder deeds + Assessor parcel roll
JOHN 26 LLC,,,,,,,Pending county update,Investor,1,0,0,2026-09-17,,Doc 2026118327,Alameda cash buyer list,Alameda County Clerk-Recorder deeds + Assessor parcel roll
P H A PROPERTIES INC,,,,,,,Pending county update,Investor,1,0,0,2026-09-17,,Doc 2026118375,Alameda cash buyer list,Alameda County Clerk-Recorder deeds + Assessor parcel roll
TUMBLEWEED COMMON LLC,,,,,,,Pending county update,Investor,1,0,0,2026-09-17,,Doc 2026118488,Alameda cash buyer list,Alameda County Clerk-Recorder deeds + Assessor parcel roll
NEILSON STREET LLC,,,,,,,Pending county update,Investor,1,0,0,2026-09-17,,Doc 2026118492,Alameda cash buyer list,Alameda County Clerk-Recorder deeds + Assessor parcel roll
DOUBLE K HERITAGE PROPERTIES LLC,,,,,,,Pending county update,Investor,1,0,0,2026-09-17,,Doc 2026118676,Alameda cash buyer list,Alameda County Clerk-Recorder deeds + Assessor parcel roll
ONE THIN DIME LLC,,,,,,,Pending county update,Investor,1,0,3,2026-09-16,,Doc 2026117749,Alameda cash buyer list; Flipper (resold a property),Alameda County Clerk-Recorder deeds + Assessor parcel roll
2424 WEBSTER STREET LLC,,,,,,,Pending county update,Investor,1,0,0,2026-09-16,OAKLAND,"2428 WEBSTER ST, OAKLAND",Alameda cash buyer list,Alameda County Clerk-Recorder deeds + Assessor parcel roll
BAY AREA FIX N FLIP LLC,,,,,,,Pending county update,Investor,1,0,0,2026-09-16,,Doc 2026117792,Alameda cash buyer list,Alameda County Clerk-Recorder deeds + Assessor parcel roll
SEVEN SIX HOLDINGS LLC,,,,,,,Pending county update,Investor,1,0,2,2026-09-16,,Doc 2026117969,Alameda cash buyer list; Flipper (resold a property),Alameda County Clerk-Recorder deeds + Assessor parcel roll
19430 CENTER LLC,,,,,,,Pending county update,Investor,1,0,0,2026-09-16,CASTRO VALLEY,"19430 CENTER ST, CASTRO VALLEY",Alameda cash buyer list,Alameda County Clerk-Recorder deeds + Assessor parcel roll
KIA RE INVESTMENT LLC,,,,,,,Pending county update,Investor,1,0,0,2026-09-16,,Doc 2026118012,Alameda cash buyer list,Alameda County Clerk-Recorder deeds + Assessor parcel roll
SKYWALK PROPERTIES LLC,,,,,,,Pending county update,Investor,1,0,0,2026-09-16,,Doc 2026118073,Alameda cash buyer list,Alameda County Clerk-Recorder deeds + Assessor parcel roll
ODEN PROPERTIES LLC,,,,,,,Pending county update,Investor,1,0,0,2026-09-16,,Doc 2026118140,Alameda cash buyer list,Alameda County Clerk-Recorder deeds + Assessor parcel roll
CROWNSTONE PROPERTIES LLC,,,,,,,Pending county update,Investor,1,0,0,2026-09-15,,Doc 2026117319,Alameda cash buyer list,Alameda County Clerk-Recorder deeds + Assessor parcel roll
OZUNO INVESTMENT INC,,,,,,,Pending county update,Investor,1,0,0,2026-09-15,,Doc 2026117520,Alameda cash buyer list,Alameda County Clerk-Recorder deeds + Assessor parcel roll
1333 OAK FUND LLC,,,,,,,Pending county update,Investor,1,0,0,2026-09-14,,Doc 2026116523,Alameda cash buyer list,Alameda County Clerk-Recorder deeds + Assessor parcel roll
BRESS PROPERTIES LLC,,,,,,,Pending county update,Investor,1,0,0,2026-09-14,,Doc 2026116628,Alameda cash buyer list,Alameda County Clerk-Recorder deeds + Assessor parcel roll
GAWFCO ENTERPRISES LLC,,,,,,,Pending county update,Investor,1,0,0,2026-09-14,OAKLAND,"KENNEDY ST, OAKLAND",Alameda cash buyer list,Alameda County Clerk-Recorder deeds + Assessor parcel roll
EVERWIN CAPITAL LLC,,,,,,,Pending county update,Investor,1,0,0,2026-09-14,,Doc 2026116665,Alameda cash buyer list,Alameda County Clerk-Recorder deeds + Assessor parcel roll
VERMONT HOUSING LLC,,,,,,,Pending county update,Investor,1,0,1,2026-09-14,,Doc 2026116810,Alameda cash buyer list; Flipper (resold a property),Alameda County Clerk-Recorder deeds + Assessor parcel roll
PHAMILY INVESTMENT GROUP LLC,,,,,,,Pending county update,Investor,1,0,0,2026-09-14,,Doc 2026116888,Alameda cash buyer list,Alameda County Clerk-Recorder deeds + Assessor parcel roll
PTI PROPERTY MANAGEMENT LLC,,,,,,,Pending county update,Investor,1,0,0,2026-09-14,LIVERMORE,"5716 PRESTON AVE, LIVERMORE",Alameda cash buyer list,Alameda County Clerk-Recorder deeds + Assessor parcel roll
BN PARTNERS LLC,,,,,,,Pending county update,Investor,1,0,0,2026-09-11,,Doc 2026115925,Alameda cash buyer list,Alameda County Clerk-Recorder deeds + Assessor parcel roll
LIFT IV CABOT LLC,,,,,,,Pending county update,Investor,1,0,0,2026-09-11,,Doc 2026115944,Alameda cash buyer list,Alameda County Clerk-Recorder deeds + Assessor parcel roll
RENOVATE REAL ESTATE LLC,,,,,,,Pending county update,Investor,1,0,0,2026-09-11,,Doc 2026116001,Alameda cash buyer list,Alameda County Clerk-Recorder deeds + Assessor parcel roll
FANCIA INVESTMENT LLC,,,,,,,Pending county update,Investor,1,0,0,2026-09-11,,Doc 2026116027,Alameda cash buyer list,Alameda County Clerk-Recorder deeds + Assessor parcel roll
EJM PROPERTIES LLC,,,,,,,Pending county update,Investor,1,0,0,2026-09-11,,Doc 2026116043,Alameda cash buyer list,Alameda County Clerk-Recorder deeds + Assessor parcel roll
ROUND TOP HOLDINGS LLC,,,,,,,Pending county update,Investor,1,0,0,2026-09-11,,Doc 2026116166,Alameda cash buyer list,Alameda County Clerk-Recorder deeds + Assessor parcel roll
BAY EAGLE LLC,,,,,,,Pending county update,Investor,1,0,0,2026-09-11,,Doc 2026116179,Alameda cash buyer list,Alameda County Clerk-Recorder deeds + Assessor parcel roll
KUPAA ENTERPRISES LLC,,,,,,,Pending county update,Investor,1,0,0,2026-09-10,,Doc 2026115291,Alameda cash buyer list,Alameda County Clerk-Recorder deeds + Assessor parcel roll
CLEAR HOMES LLC,,,,,,,Pending county update,Investor,1,0,0,2026-09-10,,Doc 2026115293,Alameda cash buyer list,Alameda County Clerk-Recorder deeds + Assessor parcel roll
2715 BENVENUE LLC,,,,,,,Pending county update,Investor,1,0,0,2026-09-10,,Doc 2026115299,Alameda cash buyer list,Alameda County Clerk-Recorder deeds + Assessor parcel roll
JRE ENTERPRISE LLC,,,,,,,Pending county update,Investor,1,0,0,2026-09-10,,Doc 2026115302,Alameda cash buyer list,Alameda County Clerk-Recorder deeds + Assessor parcel roll
ALCATRAZ MANOR LLC,,,,,,,Pending county update,Investor,1,0,0,2026-09-10,OAKLAND,"387 ALCATRAZ AVE, OAKLAND",Alameda cash buyer list,Alameda County Clerk-Recorder deeds + Assessor parcel roll
1448 29TH AVE LLC,,,,,,,Pending county update,Investor,1,0,0,2026-09-10,,Doc 2026115564,Alameda cash buyer list,Alameda County Clerk-Recorder deeds + Assessor parcel roll
FREMONT WARM SPRINGS PACIFIC ASSOCIATES LP,,,,,,,Pending county update,Investor,1,0,0,2026-09-10,FREMONT,"45129 WARM SPRINGS BLVD, FREMONT",Alameda cash buyer list,Alameda County Clerk-Recorder deeds + Assessor parcel roll
BELLA ADAMS LLC,,,,,,,Pending county update,Investor,1,0,0,2026-09-09,,Doc 2026114778,Alameda cash buyer list,Alameda County Clerk-Recorder deeds + Assessor parcel roll
DAUTTIS LLC,,,,,,,Pending county update,Investor,1,0,0,2026-09-09,,Doc 2026114821,Alameda cash buyer list,Alameda County Clerk-Recorder deeds + Assessor parcel roll
BRIGHT HORIZON LLC,,,,,,,Pending county update,Investor,1,0,0,2026-09-09,DUBLIN,"4905 WINTERBROOK AVE, DUBLIN",Alameda cash buyer list,Alameda County Clerk-Recorder deeds + Assessor parcel roll
SGVC PROPERTIES LLC,,,,,,,Pending county update,Investor,1,0,0,2026-09-09,,Doc 2026115074,Alameda cash buyer list,Alameda County Clerk-Recorder deeds + Assessor parcel roll
BAY AREA BUYER LLC,,,,,,,Pending county update,Investor,1,0,0,2026-09-08,,Doc 2026114308,Alameda cash buyer list,Alameda County Clerk-Recorder deeds + Assessor parcel roll
PARK WAY 20697 LLC,,,,,,,Pending county update,Investor,1,0,0,2026-09-08,CASTRO VALLEY,"20697 PARK WAY, CASTRO VALLEY",Alameda cash buyer list,Alameda County Clerk-Recorder deeds + Assessor parcel roll
CASTRO VALLEY PROPERTY MANAGEMENT LLC,,,,,,,Pending county update,Investor,1,0,0,2026-09-08,CASTRO VALLEY,"19824 FOREST AVE, CASTRO VALLEY",Alameda cash buyer list,Alameda County Clerk-Recorder deeds + Assessor parcel roll
RENEGADE PROPCO LP,,,,,,,Pending county update,Investor,1,0,0,2026-09-08,FREMONT,"46100 LANDING PKWY, FREMONT",Alameda cash buyer list,Alameda County Clerk-Recorder deeds + Assessor parcel roll
S & P RESIDENTIAL INVESTMENT LLC,,,,,,,Pending county update,Investor,1,0,0,2026-09-08,LIVERMORE,"265 JENSEN ST, LIVERMORE",Alameda cash buyer list,Alameda County Clerk-Recorder deeds + Assessor parcel roll
AWP LLC,,,,,,,Pending county update,Investor,1,0,0,2026-09-08,,Doc 2026114688,Alameda cash buyer list,Alameda County Clerk-Recorder deeds + Assessor parcel roll
AUTO CARE MALL LLC,,,,,,,Pending county update,Investor,1,0,0,2026-09-08,,Doc 2026114689,Alameda cash buyer list,Alameda County Clerk-Recorder deeds + Assessor parcel roll
SOUTHFRONT INVESTMENTS LLC,,,,,,,Pending county update,Investor,1,0,0,2026-09-04,LIVERMORE,"7855 SOUTHFRONT RD, LIVERMORE",Alameda cash buyer list,Alameda County Clerk-Recorder deeds + Assessor parcel roll
BLV II CA 45101 45169 INDUSTRIAL DRIVE LLC,,,,,,,Pending county update,Investor,1,0,0,2026-09-04,FREMONT,"45201 FREMONT BLVD, FREMONT",Alameda cash buyer list,Alameda County Clerk-Recorder deeds + Assessor parcel roll
ALBERTSONS LLC,,,,,,,Pending county update,Investor,1,0,0,2026-09-04,,Doc 2026114113,Alameda cash buyer list,Alameda County Clerk-Recorder deeds + Assessor parcel roll
MB WHITE CORPORATION,,,,,,,Pending county update,Investor,1,0,0,2026-09-04,,Doc 2026114183,Alameda cash buyer list,Alameda County Clerk-Recorder deeds + Assessor parcel roll
IMS GROUP LLC,,,,,,,Pending county update,Investor,1,0,0,2026-09-03,,Doc 2026113399,Alameda cash buyer list,Alameda County Clerk-Recorder deeds + Assessor parcel roll
PARADISE REAL ESTATE LLC,,,,,,,Pending county update,Investor,1,0,0,2026-09-03,,Doc 2026113446,Alameda cash buyer list,Alameda County Clerk-Recorder deeds + Assessor parcel roll
SK PIONEER CONSULTING LLC,,,,,,,Pending county update,Investor,1,1,0,2026-09-03,,Doc 2026113521,Alameda cash buyer list; Foreclosure auction buyer,Alameda County Clerk-Recorder deeds + Assessor parcel roll
IMS GROUP II LLC,,,,,,,Pending county update,Investor,1,0,0,2026-09-02,,Doc 2026112611,Alameda cash buyer list,Alameda County Clerk-Recorder deeds + Assessor parcel roll
BARNHILL MARINA LLC,,,,,,,Pending county update,Investor,1,0,0,2026-09-02,,Doc 2026112756,Alameda cash buyer list,Alameda County Clerk-Recorder deeds + Assessor parcel roll
SGT TWO LLC,,,,,,,Pending county update,Investor,1,1,1,2026-09-02,,Doc 2026112776,Alameda cash buyer list; Foreclosure auction buyer; Flipper (resold a property),Alameda County Clerk-Recorder deeds + Assessor parcel roll
ELYON PROPERTY GROUP LLC,,,,,,,Pending county update,Investor,1,0,0,2026-09-02,,Doc 2026113101,Alameda cash buyer list,Alameda County Clerk-Recorder deeds + Assessor parcel roll
1628 WREN COURT LLC,,,,,,,Pending county update,Investor,1,0,0,2026-09-02,,Doc 2026113106,Alameda cash buyer list,Alameda County Clerk-Recorder deeds + Assessor parcel roll
BOSS PACHECO COURT LLC,,,,,,,Pending county update,Investor,1,0,0,2026-09-02,,Doc 2026113133,Alameda cash buyer list,Alameda County Clerk-Recorder deeds + Assessor parcel roll
EAST BAY STUDIO LLC,,,,,,,Pending county update,Investor,1,0,0,2026-09-01,,Doc 2026112102,Alameda cash buyer list,Alameda County Clerk-Recorder deeds + Assessor parcel roll
APIF CALIFORNIA LLC,,,,,,,Pending county update,Investor,1,0,0,2026-09-01,,Doc 2026112134,Alameda cash buyer list,Alameda County Clerk-Recorder deeds + Assessor parcel roll
SAGRADA IGLESIA DE DIOS INC,,,,,,,Pending county update,Investor,1,0,0,2026-09-01,,Doc 2026112355,Alameda cash buyer list,Alameda County Clerk-Recorder deeds + Assessor parcel roll
LCI PROPERTIES LLC,,,,,,,Pending county update,Investor,1,0,0,2026-09-01,,Doc 2026112424,Alameda cash buyer list,Alameda County Clerk-Recorder deeds + Assessor parcel roll
1321 FIFTH STREET LLC,,,,,,,Pending county update,Investor,1,0,0,2026-08-31,BERKELEY,"801 CAMELIA ST, BERKELEY",Alameda cash buyer list,Alameda County Clerk-Recorder deeds + Assessor parcel roll
329 E 14TH ST LLC,,,,,,,Pending county update,Investor,1,0,0,2026-08-31,,Doc 2026111360,Alameda cash buyer list,Alameda County Clerk-Recorder deeds + Assessor parcel roll
SAMI & MILI LLC,,,,,,,Pending county update,Investor,1,0,0,2026-08-31,BERKELEY,"2842 SACRAMENTO ST, BERKELEY",Alameda cash buyer list,Alameda County Clerk-Recorder deeds + Assessor parcel roll
RISING TIDE PROPERTIES LLC,,,,,,,Pending county update,Investor,1,0,1,2026-08-31,OAKLAND,"514 28TH ST, OAKLAND",Alameda cash buyer list; Flipper (resold a property),Alameda County Clerk-Recorder deeds + Assessor parcel roll
NEW ERA VENTURE LLC,,,,,,,Pending county update,Investor,1,0,1,2026-08-31,,Doc 2026111504,Alameda cash buyer list; Flipper (resold a property),Alameda County Clerk-Recorder deeds + Assessor parcel roll
LAURA NELSON HOMES LLC,,,,,,,Pending county update,Investor,1,0,0,2026-08-31,LIVERMORE,"4763 NICOL CMN 103, LIVERMORE",Alameda cash buyer list,Alameda County Clerk-Recorder deeds + Assessor parcel roll
KP RENOVATIONS LLC,,,,,,,Pending county update,Investor,1,0,1,2026-08-31,,Doc 2026111793,Alameda cash buyer list; Flipper (resold a property),Alameda County Clerk-Recorder deeds + Assessor parcel roll
BKSP PROPERTIES LLC,,,,,,,Pending county update,Investor,1,0,1,2026-08-31,,Doc 2026111809,Alameda cash buyer list; Flipper (resold a property),Alameda County Clerk-Recorder deeds + Assessor parcel roll
PRIMA INFRASTRUCTURE LLC,,,,,,,Pending county update,Investor,1,0,1,2026-08-31,,Doc 2026111848,Alameda cash buyer list; Flipper (resold a property),Alameda County Clerk-Recorder deeds + Assessor parcel roll
JCAV LLC,,,,,,,Pending county update,Investor,1,0,0,2026-08-28,,Doc 2026110834,Alameda cash buyer list,Alameda County Clerk-Recorder deeds + Assessor parcel roll
IDEAL RESIDENCE LLC,,,,,,,Pending county update,Investor,1,0,0,2026-08-28,,Doc 2026110848,Alameda cash buyer list,Alameda County Clerk-Recorder deeds + Assessor parcel roll
BLUE NILE VENTURES LLC,,,,,,,Pending county update,Investor,1,0,0,2026-08-28,,Doc 2026110907,Alameda cash buyer list,Alameda County Clerk-Recorder deeds + Assessor parcel roll
1634 PALOU LLC,,,,,,,Pending county update,Investor,1,0,0,2026-08-28,,Doc 2026111019,Alameda cash buyer list,Alameda County Clerk-Recorder deeds + Assessor parcel roll
26929 PALOMARES LLC,,,,,,,Pending county update,Investor,1,0,1,2026-08-28,,Doc 2026111113,Alameda cash buyer list; Flipper (resold a property),Alameda County Clerk-Recorder deeds + Assessor parcel roll
KAIZ DESIGN LLC,,,,,,,Pending county update,Investor,1,0,0,2026-08-28,,Doc 2026111121,Alameda cash buyer list,Alameda County Clerk-Recorder deeds + Assessor parcel roll
MI GRULLENSE LLC,,,,,,,Pending county update,Investor,1,0,0,2026-08-28,,Doc 2026111152,Alameda cash buyer list,Alameda County Clerk-Recorder deeds + Assessor parcel roll
HINTON STREET HOLDINGS LLC,,,,,,,Pending county update,Investor,1,0,0,2026-08-27,,Doc 2026110034,Alameda cash buyer list,Alameda County Clerk-Recorder deeds + Assessor parcel roll
FREMONT LAND PARTNERS LP,,,,,,,Pending county update,Investor,1,0,0,2026-08-27,,Doc 2026110199,Alameda cash buyer list,Alameda County Clerk-Recorder deeds + Assessor parcel roll
PLEMB ENTERPRISE LLC,,,,,,,Pending county update,Investor,1,0,0,2026-08-27,,Doc 2026110278,Alameda cash buyer list,Alameda County Clerk-Recorder deeds + Assessor parcel roll
HAWTHORNE TERRACE LLC,,,,,,,Pending county update,Investor,1,0,0,2026-08-27,,Doc 2026110418,Alameda cash buyer list,Alameda County Clerk-Recorder deeds + Assessor parcel roll
SUMMIT HOLDINGS LLC,,,,,,,Pending county update,Investor,1,0,0,2026-08-27,,Doc 2026110506,Alameda cash buyer list,Alameda County Clerk-Recorder deeds + Assessor parcel roll
PRANA ESTATES LLC,,,,,,,Pending county update,Investor,1,0,0,2026-08-27,,Doc 2026110507,Alameda cash buyer list,Alameda County Clerk-Recorder deeds + Assessor parcel roll
CRE HOLDINGS SUB 2 LLC,,,,,,,Pending county update,Investor,1,0,2,2026-08-26,,Doc 2026109459,Alameda cash buyer list; Flipper (resold a property),Alameda County Clerk-Recorder deeds + Assessor parcel roll
SUNFLOWER 539 MANDANA LLC,,,,,,,Pending county update,Investor,1,0,0,2026-08-26,,Doc 2026109478,Alameda cash buyer list,Alameda County Clerk-Recorder deeds + Assessor parcel roll
DOMASTRO LLC,,,,,,,Pending county update,Investor,1,0,0,2026-08-26,,Doc 2026109686,Alameda cash buyer list,Alameda County Clerk-Recorder deeds + Assessor parcel roll
385 FAIRMOUNT AVE LLC,,,,,,,Pending county update,Investor,1,0,0,2026-08-26,,Doc 2026109804,Alameda cash buyer list,Alameda County Clerk-Recorder deeds + Assessor parcel roll
168 CAPITAL FUND LLC,,,,,,,Pending county update,Investor,1,0,0,2026-08-25,,Doc 2026108841,Alameda cash buyer list,Alameda County Clerk-Recorder deeds + Assessor parcel roll
ENABLING STRATEGIES LIMITED,,,,,,,Pending county update,Investor,1,0,1,2026-08-25,,Doc 2026108921,Alameda cash buyer list; Flipper (resold a property),Alameda County Clerk-Recorder deeds + Assessor parcel roll
VIVMARK FREMONT LP,,,,,,,Pending county update,Investor,1,0,0,2026-08-24,,Doc 2026108407,Alameda cash buyer list,Alameda County Clerk-Recorder deeds + Assessor parcel roll
S HOLDING LLC,,,,,,,Pending county update,Investor,1,0,0,2026-08-21,,Doc 2026107576,Alameda cash buyer list,Alameda County Clerk-Recorder deeds + Assessor parcel roll
STAR GROUP INDUSTRIES INC,,,,,,,Pending county update,Investor,1,0,0,2026-08-21,,Doc 2026107644,Alameda cash buyer list,Alameda County Clerk-Recorder deeds + Assessor parcel roll
VIVMARK EAVES FREMONT LP,,,,,,,Pending county update,Investor,1,0,0,2026-08-21,,Doc 2026107807,Alameda cash buyer list,Alameda County Clerk-Recorder deeds + Assessor parcel roll
REDGWICK CONSTRUCTION CO,,,,,,,Pending county update,Investor,1,0,0,2026-08-21,,Doc 2026107830,Alameda cash buyer list,Alameda County Clerk-Recorder deeds + Assessor parcel roll
VIVMARK EAVES DUBLIN LP,,,,,,,Pending county update,Investor,1,0,0,2026-08-21,,Doc 2026107870,Alameda cash buyer list,Alameda County Clerk-Recorder deeds + Assessor parcel roll
JOHNSON HOUSING INVESTORS LP,,,,,,,Pending county update,Investor,1,0,0,2026-08-21,,Doc 2026107880,Alameda cash buyer list,Alameda County Clerk-Recorder deeds + Assessor parcel roll
VIVMARK EAVES UNION CITY LP,,,,,,,Pending county update,Investor,1,0,0,2026-08-21,,Doc 2026107891,Alameda cash buyer list,Alameda County Clerk-Recorder deeds + Assessor parcel roll
SECURE POT PROPERTIES LLC,,,,,,,Pending county update,Investor,1,0,0,2026-08-21,,Doc 2026108007,Alameda cash buyer list,Alameda County Clerk-Recorder deeds + Assessor parcel roll
5160 REDWILLOW LLC,,,,,,,Pending county update,Investor,1,0,0,2026-08-21,,Doc 2026108066,Alameda cash buyer list,Alameda County Clerk-Recorder deeds + Assessor parcel roll
HOME OF HEROES LLC,,,,,,,Pending county update,Investor,1,0,0,2026-08-20,,Doc 2026107170,Alameda cash buyer list,Alameda County Clerk-Recorder deeds + Assessor parcel roll
CHERRYWAY LLC,,,,,,,Pending county update,Investor,1,0,0,2026-08-20,,Doc 2026107178,Alameda cash buyer list,Alameda County Clerk-Recorder deeds + Assessor parcel roll
13 REQUA LLC,,,,,,,Pending county update,Investor,1,0,0,2026-08-20,,Doc 2026107337,Alameda cash buyer list,Alameda County Clerk-Recorder deeds + Assessor parcel roll
EZPAY REGISTRATION SERVICE INC,,,,,,,Pending county update,Investor,1,0,1,2026-08-19,,Doc 2026106864,Alameda cash buyer list; Flipper (resold a property),Alameda County Clerk-Recorder deeds + Assessor parcel roll
TACOCAT OAK LLC,,,,,,,Pending county update,Investor,1,0,0,2026-08-19,,Doc 2026106987,Alameda cash buyer list,Alameda County Clerk-Recorder deeds + Assessor parcel roll
GITSIT SOLUTIONS LLC TR,,,,,,,Pending county update,Investor,1,1,0,2026-08-19,,Doc 2026107075,Alameda cash buyer list; Foreclosure auction buyer,Alameda County Clerk-Recorder deeds + Assessor parcel roll
WEBCOR VENTURES LLC,,,,,,,Pending county update,Investor,1,0,0,2026-08-18,,Doc 2026106033,Alameda cash buyer list,Alameda County Clerk-Recorder deeds + Assessor parcel roll
SGT INVESTMENTS LLC,,,,,,,Pending county update,Investor,1,1,1,2026-08-18,,Doc 2026106190,Alameda cash buyer list; Foreclosure auction buyer; Flipper (resold a property),Alameda County Clerk-Recorder deeds + Assessor parcel roll
MBB FINANCIAL SERVICES INC,,,,,,,Pending county update,Investor,1,0,1,2026-08-18,,Doc 2026106193,Alameda cash buyer list; Flipper (resold a property),Alameda County Clerk-Recorder deeds + Assessor parcel roll
FRANCO INVESTMENTS LLC,,,,,,,Pending county update,Investor,1,0,0,2026-08-17,,Doc 2026105485,Alameda cash buyer list,Alameda County Clerk-Recorder deeds + Assessor parcel roll
MEDFORD HOMES LLC,,,,,,,Pending county update,Investor,1,0,0,2026-08-17,,Doc 2026105742,Alameda cash buyer list,Alameda County Clerk-Recorder deeds + Assessor parcel roll
BPVIF VI HOLDINGS 41 LLC,,,,,,,Pending county update,Investor,1,0,0,2026-08-14,,Doc 2026104987,Alameda cash buyer list,Alameda County Clerk-Recorder deeds + Assessor parcel roll
NATIONS HAYWARD PROPERTY LLC,,,,,,,Pending county update,Investor,1,0,0,2026-08-14,,Doc 2026105212,Alameda cash buyer list,Alameda County Clerk-Recorder deeds + Assessor parcel roll
BIANCHI TILLETT DEVELOPERS LLC,,,,,,,Pending county update,Investor,1,0,0,2026-08-14,,Doc 2026105224,Alameda cash buyer list,Alameda County Clerk-Recorder deeds + Assessor parcel roll
EDGEWOOD APARTMENTS LLC,,,,,,,Pending county update,Investor,1,0,0,2026-08-14,,Doc 2026105284,Alameda cash buyer list,Alameda County Clerk-Recorder deeds + Assessor parcel roll
CONVENTUS WHOLE LOANS FUND LLC,,,,,,,Pending county update,Investor,1,1,0,2026-08-13,,Doc 2026104349,Alameda cash buyer list; Foreclosure auction buyer,Alameda County Clerk-Recorder deeds + Assessor parcel roll
PR II BWG FOUNDRY OWNER LLC,,,,,,,Pending county update,Investor,1,0,0,2026-08-13,,Doc 2026104538,Alameda cash buyer list,Alameda County Clerk-Recorder deeds + Assessor parcel roll
DAPC LLC,,,,,,,Pending county update,Investor,1,0,0,2026-08-13,,Doc 2026104611,Alameda cash buyer list,Alameda County Clerk-Recorder deeds + Assessor parcel roll
PMN PROPERTY HOLDINGS LLC,,,,,,,Pending county update,Investor,1,0,0,2026-08-13,,Doc 2026104720,Alameda cash buyer list,Alameda County Clerk-Recorder deeds + Assessor parcel roll
ENEA SHOPPING CENTER LLC,,,,,,,Pending county update,Investor,1,0,0,2026-08-13,,Doc 2026104762,Alameda cash buyer list,Alameda County Clerk-Recorder deeds + Assessor parcel roll
VHO RESIDENITAL LLC,,,,,,,Pending county update,Investor,1,0,1,2026-08-12,,Doc 2026103890,Alameda cash buyer list; Flipper (resold a property),Alameda County Clerk-Recorder deeds + Assessor parcel roll
EMERY PARK LP,,,,,,,Pending county update,Investor,1,0,0,2026-08-12,,Doc 2026104245,Alameda cash buyer list,Alameda County Clerk-Recorder deeds + Assessor parcel roll
EASTWEST INVESTMENT GROUP LLC,,,,,,,Pending county update,Investor,1,0,0,2026-08-12,,Doc 2026104279,Alameda cash buyer list,Alameda County Clerk-Recorder deeds + Assessor parcel roll
TWIN PILLARS LLC,,,,,,,Pending county update,Investor,1,0,1,2026-08-11,,Doc 2026103321,Alameda cash buyer list; Flipper (resold a property),Alameda County Clerk-Recorder deeds + Assessor parcel roll
BAY AREA RE HOLDINGS & MORTGAGES LLC,,,,,,,Pending county update,Investor,1,0,0,2026-08-11,,Doc 2026103365,Alameda cash buyer list,Alameda County Clerk-Recorder deeds + Assessor parcel roll
ARVITICA LLC,,,,,,,Pending county update,Investor,1,0,0,2026-08-10,,Doc 2026102967,Alameda cash buyer list,Alameda County Clerk-Recorder deeds + Assessor parcel roll
FERNSIDE INVESTMENTS LLC,,,,,,,Pending county update,Investor,1,0,0,2026-08-10,,Doc 2026102995,Alameda cash buyer list,Alameda County Clerk-Recorder deeds + Assessor parcel roll
952 INTERNATIONAL LLC,,,,,,,Pending county update,Investor,1,0,0,2026-08-10,,Doc 2026103110,Alameda cash buyer list,Alameda County Clerk-Recorder deeds + Assessor parcel roll
EVOLIS VENTURES LLC,,,,,,,Pending county update,Investor,1,0,0,2026-08-10,,Doc 2026103179,Alameda cash buyer list,Alameda County Clerk-Recorder deeds + Assessor parcel roll
JVR HOMES LLC,,,,,,,Pending county update,Investor,1,0,0,2026-08-10,,Doc 2026103212,Alameda cash buyer list,Alameda County Clerk-Recorder deeds + Assessor parcel roll
KIWI FUND LLC,,,,,,,Pending county update,Investor,1,1,0,2026-08-07,,Doc 2026102061,Alameda cash buyer list; Foreclosure auction buyer,Alameda County Clerk-Recorder deeds + Assessor parcel roll
26027 CLOVER ROAD LLC,,,,,,,Pending county update,Investor,1,0,0,2026-08-07,,Doc 2026102308,Alameda cash buyer list,Alameda County Clerk-Recorder deeds + Assessor parcel roll
TIG OAKPORT LLC,,,,,,,Pending county update,Investor,1,0,0,2026-08-07,,Doc 2026102361,Alameda cash buyer list,Alameda County Clerk-Recorder deeds + Assessor parcel roll
CJR BAY AREA INVESTMENTS LLC,,,,,,,Pending county update,Investor,1,0,0,2026-08-07,,Doc 2026102365,Alameda cash buyer list,Alameda County Clerk-Recorder deeds + Assessor parcel roll
BAYSTONE RESIDENTIAL LLC,,,,,,,Pending county update,Investor,1,0,0,2026-08-06,,Doc 2026101575,Alameda cash buyer list,Alameda County Clerk-Recorder deeds + Assessor parcel roll
HANK ANDREOTTI LLC,,,,,,,Pending county update,Investor,1,0,0,2026-08-06,,Doc 2026101618,Alameda cash buyer list,Alameda County Clerk-Recorder deeds + Assessor parcel roll
SEA LIGHT CEC LLC,,,,,,,Pending county update,Investor,1,0,0,2026-08-06,,Doc 2026101745,Alameda cash buyer list,Alameda County Clerk-Recorder deeds + Assessor parcel roll
PAC RIM LLC,,,,,,,Pending county update,Investor,1,0,0,2026-08-05,,Doc 2026100996,Alameda cash buyer list,Alameda County Clerk-Recorder deeds + Assessor parcel roll
ADROIT GLOBAL LLC,,,,,,,Pending county update,Investor,1,0,0,2026-08-05,,Doc 2026101128,Alameda cash buyer list,Alameda County Clerk-Recorder deeds + Assessor parcel roll
32681 MISSION BLVD LLC,,,,,,,Pending county update,Investor,1,0,0,2026-08-05,,Doc 2026101192,Alameda cash buyer list,Alameda County Clerk-Recorder deeds + Assessor parcel roll
STARGATE REAL PROPERTY LLC,,,,,,,Pending county update,Investor,1,0,1,2026-08-05,,Doc 2026101270,Alameda cash buyer list; Flipper (resold a property),Alameda County Clerk-Recorder deeds + Assessor parcel roll
CYPRESS OAK & BIRCH LLC,,,,,,,Pending county update,Investor,1,0,0,2026-08-04,,Doc 2026100540,Alameda cash buyer list,Alameda County Clerk-Recorder deeds + Assessor parcel roll
ROSEBUD RESIDENTIAL LLC,,,,,,,Pending county update,Investor,1,0,0,2026-08-04,,Doc 2026100561,Alameda cash buyer list,Alameda County Clerk-Recorder deeds + Assessor parcel roll
CT HOUSING PRESERVATION LP,,,,,,,Pending county update,Investor,1,0,0,2026-08-04,,Doc 2026100643,Alameda cash buyer list,Alameda County Clerk-Recorder deeds + Assessor parcel roll
2038 FRANCISCO LLC,,,,,,,Pending county update,Investor,1,0,0,2026-08-04,,Doc 2026100702,Alameda cash buyer list,Alameda County Clerk-Recorder deeds + Assessor parcel roll
GOUHARY COMMERCIAL HOLDINGS LLC,,,,,,,Pending county update,Investor,1,0,0,2026-08-03,,Doc 2026099950,Alameda cash buyer list,Alameda County Clerk-Recorder deeds + Assessor parcel roll
SERRA PACIFIC LP,,,,,,,Pending county update,Investor,1,0,0,2026-08-03,,Doc 2026099970,Alameda cash buyer list,Alameda County Clerk-Recorder deeds + Assessor parcel roll
FIRE BREATHING INVESTMENTS LLC,,,,,,,Pending county update,Investor,1,0,0,2026-08-03,,Doc 2026099999,Alameda cash buyer list,Alameda County Clerk-Recorder deeds + Assessor parcel roll
RASHED ELHAM INC,,,,,,,Pending county update,Investor,1,0,0,2026-08-03,,Doc 2026100142,Alameda cash buyer list,Alameda County Clerk-Recorder deeds + Assessor parcel roll
CHEWY PROPERTIES LLC,,,,,,,Pending county update,Investor,1,0,0,2026-07-31,,Doc 2026098794,Alameda cash buyer list,Alameda County Clerk-Recorder deeds + Assessor parcel roll
SHIROTO LLC,,,,,,,Pending county update,Investor,1,0,0,2026-07-31,,Doc 2026098879,Alameda cash buyer list,Alameda County Clerk-Recorder deeds + Assessor parcel roll
1605 BANCROFT WAY LLC,,,,,,,Pending county update,Investor,1,0,0,2026-07-31,,Doc 2026099028,Alameda cash buyer list,Alameda County Clerk-Recorder deeds + Assessor parcel roll
PFZ LLC,,,,,,,Pending county update,Investor,1,0,0,2026-07-31,,Doc 2026099059,Alameda cash buyer list,Alameda County Clerk-Recorder deeds + Assessor parcel roll
LA CLINICA DE LA RAZA INC,,,,,,,Pending county update,Investor,1,0,0,2026-07-31,,Doc 2026099142,Alameda cash buyer list,Alameda County Clerk-Recorder deeds + Assessor parcel roll
GOLDEN EAGLE INVESTMENTS INC,,,,,,,Pending county update,Investor,1,0,1,2026-07-31,,Doc 2026099233,Alameda cash buyer list; Flipper (resold a property),Alameda County Clerk-Recorder deeds + Assessor parcel roll
AGAPE SARMADI LLC,,,,,,,Pending county update,Investor,1,0,0,2026-07-31,,Doc 2026099276,Alameda cash buyer list,Alameda County Clerk-Recorder deeds + Assessor parcel roll
2741 TENTH STREET LLC,,,,,,,Pending county update,Investor,1,0,0,2026-07-31,,Doc 2026099431,Alameda cash buyer list,Alameda County Clerk-Recorder deeds + Assessor parcel roll
6571 LAS POSITAS LLC,,,,,,,Pending county update,Investor,1,0,0,2026-07-31,,Doc 2026099589,Alameda cash buyer list,Alameda County Clerk-Recorder deeds + Assessor parcel roll
34201 7TH STREET LLC,,,,,,,Pending county update,Investor,1,0,0,2026-07-30,,Doc 2026098184,Alameda cash buyer list,Alameda County Clerk-Recorder deeds + Assessor parcel roll
TH MSR HOLDINGS LLC,,,,,,,Pending county update,Investor,1,1,1,2026-07-30,,Doc 2026098235,Alameda cash buyer list; Foreclosure auction buyer; Flipper (resold a property),Alameda County Clerk-Recorder deeds + Assessor parcel roll
KILRUSH DR LLC,,,,,,,Pending county update,Investor,1,0,0,2026-07-30,,Doc 2026098349,Alameda cash buyer list,Alameda County Clerk-Recorder deeds + Assessor parcel roll
MEDALLION GOLD INC,,,,,,,Pending county update,Investor,1,0,0,2026-07-30,,Doc 2026098356,Alameda cash buyer list,Alameda County Clerk-Recorder deeds + Assessor parcel roll
SAINT JOAN OF ARC LLC TR,,,,,,,Pending county update,Investor,1,0,0,2026-07-30,,Doc 2026098508,Alameda cash buyer list,Alameda County Clerk-Recorder deeds + Assessor parcel roll
KK EDEN PROPERTIES LLC,,,,,,,Pending county update,Investor,1,0,0,2026-07-29,,Doc 2026097662,Alameda cash buyer list,Alameda County Clerk-Recorder deeds + Assessor parcel roll
1608 4TH STREET OWNER LLC,,,,,,,Pending county update,Investor,1,0,0,2026-07-29,,Doc 2026097748,Alameda cash buyer list,Alameda County Clerk-Recorder deeds + Assessor parcel roll
BROWNSTONE INVESTMENT GROUP LLC,,,,,,,Pending county update,Investor,1,0,0,2026-07-29,,Doc 2026097771,Alameda cash buyer list,Alameda County Clerk-Recorder deeds + Assessor parcel roll
B & C VENTURES LLC,,,,,,,Pending county update,Investor,1,0,0,2026-07-29,,Doc 2026097909,Alameda cash buyer list,Alameda County Clerk-Recorder deeds + Assessor parcel roll
LAKSHMIPRIYA LLC,,,,,,,Pending county update,Investor,1,0,0,2026-07-28,,Doc 2026097361,Alameda cash buyer list,Alameda County Clerk-Recorder deeds + Assessor parcel roll
SUCCESS GROUP USA LLC,,,,,,,Pending county update,Investor,1,0,0,2026-07-28,,Doc 2026097391,Alameda cash buyer list,Alameda County Clerk-Recorder deeds + Assessor parcel roll
LIGHTCONE ROSE GARDEN LLC,,,,,,,Pending county update,Investor,1,0,0,2026-07-28,,Doc 2026097400,Alameda cash buyer list,Alameda County Clerk-Recorder deeds + Assessor parcel roll
CLY CAPITAL PARTNERS LLC,,,,,,,Pending county update,Investor,1,0,0,2026-07-28,,Doc 2026097464,Alameda cash buyer list,Alameda County Clerk-Recorder deeds + Assessor parcel roll
GMCR ENTERPRISES LLC,,,,,,,Pending county update,Investor,1,0,0,2026-07-27,,Doc 2026096368,Alameda cash buyer list,Alameda County Clerk-Recorder deeds + Assessor parcel roll
BALA SF LLC,,,,,,,Pending county update,Investor,1,0,1,2026-07-27,,Doc 2026096446,Alameda cash buyer list; Flipper (resold a property),Alameda County Clerk-Recorder deeds + Assessor parcel roll
NAVARASA LLC,,,,,,,Pending county update,Investor,1,0,0,2026-07-27,LIVERMORE,"355 E VINEYARD AVE, LIVERMORE",Alameda cash buyer list,Alameda County Clerk-Recorder deeds + Assessor parcel roll
MEDIDIOMA LLC,,,,,,,Pending county update,Investor,1,0,0,2026-07-24,,Doc 2026095591,Alameda cash buyer list,Alameda County Clerk-Recorder deeds + Assessor parcel roll
MIRAMAR REALTY VENTURES LLC,,,,,,,Pending county update,Investor,1,0,0,2026-07-24,,Doc 2026095761,Alameda cash buyer list,Alameda County Clerk-Recorder deeds + Assessor parcel roll
714 RAND AVE LLC,,,,,,,Pending county update,Investor,1,0,0,2026-07-24,,Doc 2026095774,Alameda cash buyer list,Alameda County Clerk-Recorder deeds + Assessor parcel roll
9838 GOULD STREET LLC,,,,,,,Pending county update,Investor,1,0,0,2026-07-24,,Doc 2026095884,Alameda cash buyer list,Alameda County Clerk-Recorder deeds + Assessor parcel roll
FREMONT 731 LP,,,,,,,Pending county update,Investor,1,0,0,2026-07-24,,Doc 2026095885,Alameda cash buyer list,Alameda County Clerk-Recorder deeds + Assessor parcel roll
E & E FINANCE INC,,,,,,,Pending county update,Investor,1,0,1,2026-07-24,,Doc 2026095949,Alameda cash buyer list; Flipper (resold a property),Alameda County Clerk-Recorder deeds + Assessor parcel roll
ANEYA VENTURES LLC,,,,,,,Pending county update,Investor,1,0,0,2026-07-23,,Doc 2026095101,Alameda cash buyer list,Alameda County Clerk-Recorder deeds + Assessor parcel roll
FANTASY STUDIOS LLC,,,,,,,Pending county update,Investor,1,0,0,2026-07-23,,Doc 2026095256,Alameda cash buyer list,Alameda County Clerk-Recorder deeds + Assessor parcel roll
25466 DELMAR AVENUE LLC,,,,,,,Pending county update,Investor,1,0,0,2026-07-23,,Doc 2026095425,Alameda cash buyer list,Alameda County Clerk-Recorder deeds + Assessor parcel roll
2575 SAN PABLO AVE LLC,,,,,,,Pending county update,Investor,1,0,0,2026-07-22,,Doc 2026094544,Alameda cash buyer list,Alameda County Clerk-Recorder deeds + Assessor parcel roll
MOHSEN INVESTMENTS LLC,,,,,,,Pending county update,Investor,1,0,0,2026-07-22,,Doc 2026094589,Alameda cash buyer list,Alameda County Clerk-Recorder deeds + Assessor parcel roll
COLLECTIVE CONSULTANTS HOLDINGS LLC,,,,,,,Pending county update,Investor,1,0,0,2026-07-22,,Doc 2026094793,Alameda cash buyer list,Alameda County Clerk-Recorder deeds + Assessor parcel roll
42808 CHRISTY STREET OWNER LLC,,,,,,,Pending county update,Investor,1,0,0,2026-07-22,,Doc 2026094880,Alameda cash buyer list,Alameda County Clerk-Recorder deeds + Assessor parcel roll
LOUIES GROUP LLC,,,,,,,Pending county update,Investor,1,0,0,2026-07-22,,Doc 2026095003,Alameda cash buyer list,Alameda County Clerk-Recorder deeds + Assessor parcel roll
REGAL ROAD LLC,,,,,,,Pending county update,Investor,1,0,0,2026-07-21,,Doc 2026093904,Alameda cash buyer list,Alameda County Clerk-Recorder deeds + Assessor parcel roll
INTELLI LLC,,,,,,,Pending county update,Investor,1,0,0,2026-07-21,,Doc 2026093959,Alameda cash buyer list,Alameda County Clerk-Recorder deeds + Assessor parcel roll
SILVA FAMILY REAL ESTATE LLC,,,,,,,Pending county update,Investor,1,0,0,2026-07-21,,Doc 2026093989,Alameda cash buyer list,Alameda County Clerk-Recorder deeds + Assessor parcel roll
APEX INVESTING LLC,,,,,,,Pending county update,Investor,1,0,0,2026-07-21,,Doc 2026094142,Alameda cash buyer list,Alameda County Clerk-Recorder deeds + Assessor parcel roll
4021 FAIRWAY LLC,,,,,,,Pending county update,Investor,1,0,0,2026-07-21,,Doc 2026094146,Alameda cash buyer list,Alameda County Clerk-Recorder deeds + Assessor parcel roll
225 29TH LLC,,,,,,,Pending county update,Investor,1,0,0,2026-07-21,,Doc 2026094233,Alameda cash buyer list,Alameda County Clerk-Recorder deeds + Assessor parcel roll
STOCKLEIGH HALL LLC,,,,,,,Pending county update,Investor,1,0,0,2026-07-21,,Doc 2026094343,Alameda cash buyer list,Alameda County Clerk-Recorder deeds + Assessor parcel roll
YOSEMITE CAPITAL LLC,,,,,,,Pending county update,Investor,1,1,1,2026-07-21,,Doc 2026094354,Alameda cash buyer list; Foreclosure auction buyer; Flipper (resold a property),Alameda County Clerk-Recorder deeds + Assessor parcel roll
D & D HOLDINGS & INVESTMENTS LLC,,,,,,,Pending county update,Investor,1,0,1,2026-07-21,,Doc 2026094386,Alameda cash buyer list; Flipper (resold a property),Alameda County Clerk-Recorder deeds + Assessor parcel roll
DISCO BALL HOLDINGS LLC,,,,,,,Pending county update,Investor,1,0,0,2026-07-21,,Doc 2026094469,Alameda cash buyer list,Alameda County Clerk-Recorder deeds + Assessor parcel roll
ISLAND CAPITAL INVESTMENTS LLC,,,,,,,Pending county update,Investor,1,0,0,2026-07-20,,Doc 2026093400,Alameda cash buyer list,Alameda County Clerk-Recorder deeds + Assessor parcel roll
3142 COOLIDGE AVENUE HOLDINGS LLC TR,,,,,,,Pending county update,Investor,1,1,0,2026-07-20,,Doc 2026093450,Alameda cash buyer list; Foreclosure auction buyer,Alameda County Clerk-Recorder deeds + Assessor parcel roll
NEWARK 27 HOLDINGS LLC,,,,,,,Pending county update,Investor,1,0,0,2026-07-20,,Doc 2026093487,Alameda cash buyer list,Alameda County Clerk-Recorder deeds + Assessor parcel roll
Y3 6020 HOLDING LLC,,,,,,,Pending county update,Investor,1,0,0,2026-07-20,NEWARK,"6020 ROBERTSON AVE, NEWARK",Alameda cash buyer list,Alameda County Clerk-Recorder deeds + Assessor parcel roll
YYF E1 LLC,,,,,,,Pending county update,Investor,1,0,0,2026-07-20,,Doc 2026093571,Alameda cash buyer list,Alameda County Clerk-Recorder deeds + Assessor parcel roll
NEWT DONT STOP LLC,,,,,,,Pending county update,Investor,1,0,0,2026-07-20,,Doc 2026093659,Alameda cash buyer list,Alameda County Clerk-Recorder deeds + Assessor parcel roll
27 ALTA AVE LLC,,,,,,,Pending county update,Investor,1,0,0,2026-07-17,,Doc 2026092873,Alameda cash buyer list,Alameda County Clerk-Recorder deeds + Assessor parcel roll
DIMOND INVESTORS LLC,,,,,,,Pending county update,Investor,1,0,0,2026-07-17,,Doc 2026092991,Alameda cash buyer list,Alameda County Clerk-Recorder deeds + Assessor parcel roll
GEP XII LA VINA LLC,,,,,,,Pending county update,Investor,1,0,0,2026-07-17,,Doc 2026093108,Alameda cash buyer list,Alameda County Clerk-Recorder deeds + Assessor parcel roll
CAFE MARLENA LLC,,,,,,,Pending county update,Investor,1,0,0,2026-07-17,,Doc 2026093205,Alameda cash buyer list,Alameda County Clerk-Recorder deeds + Assessor parcel roll
AK INVESTMENT SOLUTIONS LLC,,,,,,,Pending county update,Investor,1,0,0,2026-07-17,,Doc 2026093332,Alameda cash buyer list,Alameda County Clerk-Recorder deeds + Assessor parcel roll
EDEN POD LLC,,,,,,,Pending county update,Investor,1,0,0,2026-07-17,,Doc 2026093345,Alameda cash buyer list,Alameda County Clerk-Recorder deeds + Assessor parcel roll
NEWARK CM HOLDINGS LLC,,,,,,,Pending county update,Investor,1,0,0,2026-07-17,,Doc 2026093357,Alameda cash buyer list,Alameda County Clerk-Recorder deeds + Assessor parcel roll
NEW BRIDGE EQUITY LLC,,,,,,,Pending county update,Investor,1,0,0,2026-07-16,,Doc 2026092062,Alameda cash buyer list,Alameda County Clerk-Recorder deeds + Assessor parcel roll
MARK ONE DEVELOPMENT LLC,,,,,,,Pending county update,Investor,1,0,2,2026-07-16,,Doc 2026092067,Alameda cash buyer list; Flipper (resold a property),Alameda County Clerk-Recorder deeds + Assessor parcel roll
FIRST STREET GROUP LLC,,,,,,,Pending county update,Investor,1,0,0,2026-07-16,,Doc 2026092071,Alameda cash buyer list,Alameda County Clerk-Recorder deeds + Assessor parcel roll
OAK STREET PETROLEUM INC,,,,,,,Pending county update,Investor,1,0,0,2026-07-16,,Doc 2026092094,Alameda cash buyer list,Alameda County Clerk-Recorder deeds + Assessor parcel roll
2800 BROADWAY LLC,,,,,,,Pending county update,Investor,1,0,0,2026-07-16,,Doc 2026092521,Alameda cash buyer list,Alameda County Clerk-Recorder deeds + Assessor parcel roll
MOCHI REALTY LLC,,,,,,,Pending county update,Investor,1,0,0,2026-07-15,,Doc 2026091473,Alameda cash buyer list,Alameda County Clerk-Recorder deeds + Assessor parcel roll
SAMARLAND LLC,,,,,,,Pending county update,Investor,1,0,0,2026-07-15,,Doc 2026091527,Alameda cash buyer list,Alameda County Clerk-Recorder deeds + Assessor parcel roll
OAKLAND HOME LLC,,,,,,,Pending county update,Investor,1,0,0,2026-07-15,,Doc 2026091920,Alameda cash buyer list,Alameda County Clerk-Recorder deeds + Assessor parcel roll
ANCHOR EDUCATION INC,,,,,,,Pending county update,Investor,1,0,0,2026-07-15,,Doc 2026091939,Alameda cash buyer list,Alameda County Clerk-Recorder deeds + Assessor parcel roll
ALL FAMILY LEGAL CLINIC INC,,,,,,,Pending county update,Investor,1,0,0,2026-07-14,,Doc 2026090978,Alameda cash buyer list,Alameda County Clerk-Recorder deeds + Assessor parcel roll
HOPE CAPITAL GROUP LLC,,,,,,,Pending county update,Investor,1,0,0,2026-07-14,,Doc 2026091119,Alameda cash buyer list,Alameda County Clerk-Recorder deeds + Assessor parcel roll
3601 WEST ST LLC,,,,,,,Pending county update,Investor,1,0,0,2026-07-14,,Doc 2026091347,Alameda cash buyer list,Alameda County Clerk-Recorder deeds + Assessor parcel roll
RWA CREDIT REIT I LLC,,,,,,,Pending county update,Investor,1,1,0,2026-07-14,,Doc 2026091350,Alameda cash buyer list; Foreclosure auction buyer,Alameda County Clerk-Recorder deeds + Assessor parcel roll
ONE SCAFFOLDING INC,,,,,,,Pending county update,Investor,1,0,0,2026-07-13,,Doc 2026090295,Alameda cash buyer list,Alameda County Clerk-Recorder deeds + Assessor parcel roll
BAGGIN MANAGEMENT CO INC,,,,,,,Pending county update,Investor,1,1,1,2026-07-13,,Doc 2026090580,Alameda cash buyer list; Foreclosure auction buyer; Flipper (resold a property),Alameda County Clerk-Recorder deeds + Assessor parcel roll
ANDA TECHNOLOGIES USA INC,,,,,,,Pending county update,Investor,1,0,0,2026-07-13,,Doc 2026090760,Alameda cash buyer list,Alameda County Clerk-Recorder deeds + Assessor parcel roll
ALRAZAAQ ALLAH 01 LLC,,,,,,,Pending county update,Investor,1,0,0,2026-07-10,,Doc 2026089556,Alameda cash buyer list,Alameda County Clerk-Recorder deeds + Assessor parcel roll
ROMAN SIONIS LLC,,,,,,,Pending county update,Investor,1,0,0,2026-07-10,,Doc 2026089572,Alameda cash buyer list,Alameda County Clerk-Recorder deeds + Assessor parcel roll
EAST BAY REAL ESTATE SOLUTIONS LLC,,,,,,,Pending county update,Investor,1,0,0,2026-07-10,,Doc 2026089678,Alameda cash buyer list,Alameda County Clerk-Recorder deeds + Assessor parcel roll
REVELRN LLC,,,,,,,Pending county update,Investor,1,0,0,2026-07-10,,Doc 2026089695,Alameda cash buyer list,Alameda County Clerk-Recorder deeds + Assessor parcel roll
HAYWARD 2283 2289 PROPERTIES BK7 LLC,,,,,,,Pending county update,Investor,1,0,0,2026-07-10,,Doc 2026089735,Alameda cash buyer list,Alameda County Clerk-Recorder deeds + Assessor parcel roll
OUTLIER STRATEGIC INVESTMENT LLC,,,,,,,Pending county update,Investor,1,0,0,2026-07-10,,Doc 2026090085,Alameda cash buyer list,Alameda County Clerk-Recorder deeds + Assessor parcel roll
KORS LLC,,,,,,,Pending county update,Investor,1,0,0,2026-07-09,,Doc 2026089049,Alameda cash buyer list,Alameda County Clerk-Recorder deeds + Assessor parcel roll
VRJT PROPERTIES LLC,,,,,,,Pending county update,Investor,1,0,0,2026-07-09,,Doc 2026089051,Alameda cash buyer list,Alameda County Clerk-Recorder deeds + Assessor parcel roll
TH VINEYARD LLC,,,,,,,Pending county update,Investor,1,0,0,2026-07-09,,Doc 2026089099,Alameda cash buyer list,Alameda County Clerk-Recorder deeds + Assessor parcel roll
2415 BALANCED TREE LLC,,,,,,,Pending county update,Investor,1,0,0,2026-07-09,,Doc 2026089275,Alameda cash buyer list,Alameda County Clerk-Recorder deeds + Assessor parcel roll
PROSPER HOLDING LLC,,,,,,,Pending county update,Investor,1,0,0,2026-07-08,,Doc 2026088456,Alameda cash buyer list,Alameda County Clerk-Recorder deeds + Assessor parcel roll
DREAMWELL GROUP LLC,,,,,,,Pending county update,Investor,1,0,0,2026-07-08,,Doc 2026088573,Alameda cash buyer list,Alameda County Clerk-Recorder deeds + Assessor parcel roll
SNS HOTELS LLC,,,,,,,Pending county update,Investor,1,0,0,2026-07-08,,Doc 2026088756,Alameda cash buyer list,Alameda County Clerk-Recorder deeds + Assessor parcel roll
MOMENTUM INVESTMENTS I LTD LLC,,,,,,,Pending county update,Investor,1,0,2,2026-07-08,,Doc 2026088925,Alameda cash buyer list; Flipper (resold a property),Alameda County Clerk-Recorder deeds + Assessor parcel roll
HERMOSA HAUS LLC,,,,,,,Pending county update,Investor,1,0,0,2026-07-07,,Doc 2026087837,Alameda cash buyer list,Alameda County Clerk-Recorder deeds + Assessor parcel roll
ROOFERS INC,,,,,,,Pending county update,Investor,1,0,1,2026-07-07,,Doc 2026087864,Alameda cash buyer list; Flipper (resold a property),Alameda County Clerk-Recorder deeds + Assessor parcel roll
POLISH NAIL SALON & DAY SPA LLC,,,,,,,Pending county update,Investor,1,0,0,2026-07-07,,Doc 2026087979,Alameda cash buyer list,Alameda County Clerk-Recorder deeds + Assessor parcel roll
JDCAP INC,,,,,,,Pending county update,Investor,1,0,0,2026-07-07,,Doc 2026088074,Alameda cash buyer list,Alameda County Clerk-Recorder deeds + Assessor parcel roll
REVOLUTION HOLDINGS LLC,,,,,,,Pending county update,Investor,1,0,0,2026-07-07,,Doc 2026088099,Alameda cash buyer list,Alameda County Clerk-Recorder deeds + Assessor parcel roll
DOOLITTLE LLC,,,,,,,Pending county update,Investor,1,0,0,2026-07-07,,Doc 2026088169,Alameda cash buyer list,Alameda County Clerk-Recorder deeds + Assessor parcel roll
3NE MANAGEMENT LLC,,,,,,,Pending county update,Investor,1,0,0,2026-07-06,,Doc 2026086940,Alameda cash buyer list,Alameda County Clerk-Recorder deeds + Assessor parcel roll
AJAX 2023 C REO CORP,,,,,,,Pending county update,Investor,1,1,1,2026-07-06,,Doc 2026087243,Alameda cash buyer list; Foreclosure auction buyer; Flipper (resold a property),Alameda County Clerk-Recorder deeds + Assessor parcel roll
DN REALTY LLC,,,,,,,Pending county update,Investor,1,0,0,2026-07-06,,Doc 2026087358,Alameda cash buyer list,Alameda County Clerk-Recorder deeds + Assessor parcel roll
SANKATA MOCHANA HANUMAN TEMPLE INC,,,,,,,Pending county update,Investor,1,0,0,2026-07-06,,Doc 2026087394,Alameda cash buyer list,Alameda County Clerk-Recorder deeds + Assessor parcel roll
GOLDENOAKCITY LLC,,,,,,,Pending county update,Investor,1,0,0,2026-07-06,,Doc 2026087425,Alameda cash buyer list,Alameda County Clerk-Recorder deeds + Assessor parcel roll
MT REAL ESTATE VENTURES LLC,,,,,,,Pending county update,Investor,1,0,0,2026-07-06,,Doc 2026087479,Alameda cash buyer list,Alameda County Clerk-Recorder deeds + Assessor parcel roll
ARDWOOD LP,,,,,,,Pending county update,Investor,1,0,0,2026-07-06,,Doc 2026087541,Alameda cash buyer list,Alameda County Clerk-Recorder deeds + Assessor parcel roll
CLARIDY ENTERPRISES LLC,,,,,,,Pending county update,Investor,1,0,0,2026-07-06,,Doc 2026087646,Alameda cash buyer list,Alameda County Clerk-Recorder deeds + Assessor parcel roll
6A HOLDINGS LLC,,,,,,,Pending county update,Investor,1,0,0,2026-07-02,,Doc 2026086396,Alameda cash buyer list,Alameda County Clerk-Recorder deeds + Assessor parcel roll
WSB GARDEN VILLAS LP,,,,,,,Pending county update,Investor,1,0,0,2026-07-02,,Doc 2026086446,Alameda cash buyer list,Alameda County Clerk-Recorder deeds + Assessor parcel roll
VERDANT CREATIVE VENTURES LLC,,,,,,,Pending county update,Investor,1,0,0,2026-07-02,,Doc 2026086523,Alameda cash buyer list,Alameda County Clerk-Recorder deeds + Assessor parcel roll
ROTHSCHILDS DESERT HOLDINGS LLC,,,,,,,Pending county update,Investor,1,0,0,2026-07-02,,Doc 2026086600,Alameda cash buyer list,Alameda County Clerk-Recorder deeds + Assessor parcel roll
RED TOWER FUNDING INC,,,,,,,Pending county update,Investor,1,1,0,2026-07-02,,Doc 2026086628,Alameda cash buyer list; Foreclosure auction buyer,Alameda County Clerk-Recorder deeds + Assessor parcel roll
FRP & SMCV DARTMOUTH LLC,,,,,,,Pending county update,Investor,1,0,0,2026-07-02,,Doc 2026086787,Alameda cash buyer list,Alameda County Clerk-Recorder deeds + Assessor parcel roll
EAST BAY EYE CENTERS REAL ESTATE HOLDINGS LLC,,,,,,,Pending county update,Investor,1,0,0,2026-07-02,,Doc 2026086839,Alameda cash buyer list,Alameda County Clerk-Recorder deeds + Assessor parcel roll
5023 SHAPLEIGH COURT LLC,,,,,,,Pending county update,Investor,1,0,0,2026-07-01,,Doc 2026085635,Alameda cash buyer list,Alameda County Clerk-Recorder deeds + Assessor parcel roll
2258 SANTA CLARA AVE LLC,,,,,,,Pending county update,Investor,1,0,0,2026-07-01,,Doc 2026085636,Alameda cash buyer list,Alameda County Clerk-Recorder deeds + Assessor parcel roll
XIN FORTUNE GROUP LLC,,,,,,,Pending county update,Investor,1,0,0,2026-07-01,,Doc 2026085651,Alameda cash buyer list,Alameda County Clerk-Recorder deeds + Assessor parcel roll
2332 SAN PABLO LLC,,,,,,,Pending county update,Investor,1,0,0,2026-07-01,,Doc 2026085666,Alameda cash buyer list,Alameda County Clerk-Recorder deeds + Assessor parcel roll
C HOLDING CO,,,,,,,Pending county update,Investor,1,0,0,2026-07-01,,Doc 2026085741,Alameda cash buyer list,Alameda County Clerk-Recorder deeds + Assessor parcel roll
RPL FAMILY PROPERTIES LLC,,,,,,,Pending county update,Investor,1,0,0,2026-07-01,,Doc 2026085757,Alameda cash buyer list,Alameda County Clerk-Recorder deeds + Assessor parcel roll
NACHTIGAL HOLDINGS LLC,,,,,,,Pending county update,Investor,1,0,0,2026-07-01,,Doc 2026085862,Alameda cash buyer list,Alameda County Clerk-Recorder deeds + Assessor parcel roll
SIMPLY ROOTED HOMES LLC,,,,,,,Pending county update,Investor,1,0,1,2026-07-01,,Doc 2026085950,Alameda cash buyer list; Flipper (resold a property),Alameda County Clerk-Recorder deeds + Assessor parcel roll
NCD26 7525 & 7533 MACARTHUR BOULEVARD LLC,,,,,,,Pending county update,Investor,1,0,0,2026-07-01,,Doc 2026085975,Alameda cash buyer list,Alameda County Clerk-Recorder deeds + Assessor parcel roll
NCD12 8217 INTERNATIONAL LLC,,,,,,,Pending county update,Investor,1,0,0,2026-07-01,,Doc 2026085993,Alameda cash buyer list,Alameda County Clerk-Recorder deeds + Assessor parcel roll
NCD16 9240 9244 MACARTHUR BOULEVARD LLC,,,,,,,Pending county update,Investor,1,0,0,2026-07-01,,Doc 2026086010,Alameda cash buyer list,Alameda County Clerk-Recorder deeds + Assessor parcel roll
NCD17 2750 73RD AVENUE LLC,,,,,,,Pending county update,Investor,1,0,0,2026-07-01,,Doc 2026086044,Alameda cash buyer list,Alameda County Clerk-Recorder deeds + Assessor parcel roll
NCD28 A B C 7994 MACARTHUR BOULEVARD LLC,,,,,,,Pending county update,Investor,1,0,0,2026-07-01,,Doc 2026086051,Alameda cash buyer list,Alameda County Clerk-Recorder deeds + Assessor parcel roll
NCD20A 7415 & 7421 MACARTHUR BOULEVARD LLC,,,,,,,Pending county update,Investor,1,0,0,2026-07-01,,Doc 2026086067,Alameda cash buyer list,Alameda County Clerk-Recorder deeds + Assessor parcel roll
NCD20C 7425 MACARTHUR BOULEVARD LLC,,,,,,,Pending county update,Investor,1,0,0,2026-07-01,,Doc 2026086082,Alameda cash buyer list,Alameda County Clerk-Recorder deeds + Assessor parcel roll
PENNEY PROJECT LLC,,,,,,,Pending county update,Investor,1,0,0,2026-06-30,,Doc 2026085241,Alameda cash buyer list,Alameda County Clerk-Recorder deeds + Assessor parcel roll
1241 6TH STREET LLC,,,,,,,Pending county update,Investor,1,0,0,2026-06-30,,Doc 2026085475,Alameda cash buyer list,Alameda County Clerk-Recorder deeds + Assessor parcel roll
UPSIDE ADVENTURES LLC,,,,,,,Pending county update,Investor,1,0,0,2026-06-30,,Doc 2026085499,Alameda cash buyer list,Alameda County Clerk-Recorder deeds + Assessor parcel roll
743 HILLGIRT CIRCLE LLC,,,,,,,Pending county update,Investor,1,0,0,2026-06-29,,Doc 2026084461,Alameda cash buyer list,Alameda County Clerk-Recorder deeds + Assessor parcel roll
WITORT B HOME REAL ESTATE LLC,,,,,,,Pending county update,Investor,1,0,0,2026-06-29,,Doc 2026084542,Alameda cash buyer list,Alameda County Clerk-Recorder deeds + Assessor parcel roll
SEAFLOW LLC,,,,,,,Pending county update,Investor,1,0,0,2026-06-29,,Doc 2026084549,Alameda cash buyer list,Alameda County Clerk-Recorder deeds + Assessor parcel roll
BOSCELL INVESTMENTS LLC,,,,,,,Pending county update,Investor,1,0,0,2026-06-29,,Doc 2026084551,Alameda cash buyer list,Alameda County Clerk-Recorder deeds + Assessor parcel roll
FREMONT PARKSIDE F LLC,,,,,,,Pending county update,Investor,1,0,0,2026-06-29,,Doc 2026084659,Alameda cash buyer list,Alameda County Clerk-Recorder deeds + Assessor parcel roll
SUNNYVIEW PROPERTIES LLC,,,,,,,Pending county update,Investor,1,0,0,2026-06-29,,Doc 2026084824,Alameda cash buyer list,Alameda County Clerk-Recorder deeds + Assessor parcel roll
WEST COAST HOME BUYERS LLC,,,,,,,Pending county update,Investor,1,0,0,2026-06-26,,Doc 2026083452,Alameda cash buyer list,Alameda County Clerk-Recorder deeds + Assessor parcel roll
CLOUD GARAGES LLC,,,,,,,Pending county update,Investor,1,0,0,2026-06-26,,Doc 2026083524,Alameda cash buyer list,Alameda County Clerk-Recorder deeds + Assessor parcel roll
2015 HEARST LLC,,,,,,,Pending county update,Investor,1,0,0,2026-06-26,,Doc 2026083726,Alameda cash buyer list,Alameda County Clerk-Recorder deeds + Assessor parcel roll
BANCROFT CENTER LLC,,,,,,,Pending county update,Investor,1,0,0,2026-06-26,,Doc 2026083974,Alameda cash buyer list,Alameda County Clerk-Recorder deeds + Assessor parcel roll
DELTA AMERICA LTD,,,,,,,Pending county update,Investor,1,0,0,2026-06-26,,Doc 2026083990,Alameda cash buyer list,Alameda County Clerk-Recorder deeds + Assessor parcel roll
MIDDLE EAST CHILDRENS ALLIANCE INC,,,,,,,Pending county update,Investor,1,0,0,2026-06-26,,Doc 2026084046,Alameda cash buyer list,Alameda County Clerk-Recorder deeds + Assessor parcel roll
STG OAK LLC,,,,,,,Pending county update,Investor,1,0,0,2026-06-26,,Doc 2026084189,Alameda cash buyer list,Alameda County Clerk-Recorder deeds + Assessor parcel roll
CHA CHA ENTERPRISES LLC,,,,,,,Pending county update,Investor,1,0,0,2026-06-25,,Doc 2026082783,Alameda cash buyer list,Alameda County Clerk-Recorder deeds + Assessor parcel roll
806 JONES LLC,,,,,,,Pending county update,Investor,1,0,0,2026-06-25,,Doc 2026082999,Alameda cash buyer list,Alameda County Clerk-Recorder deeds + Assessor parcel roll
810 JONES LLC,,,,,,,Pending county update,Investor,1,0,0,2026-06-25,,Doc 2026083006,Alameda cash buyer list,Alameda County Clerk-Recorder deeds + Assessor parcel roll
HAYWARD CAMINO LLC,,,,,,,Pending county update,Investor,1,0,0,2026-06-25,,Doc 2026083020,Alameda cash buyer list,Alameda County Clerk-Recorder deeds + Assessor parcel roll
440 BOULDER COURT LLC,,,,,,,Pending county update,Investor,1,0,0,2026-06-25,,Doc 2026083087,Alameda cash buyer list,Alameda County Clerk-Recorder deeds + Assessor parcel roll
FRONT STREET PROPERTIES LLC,,,,,,,Pending county update,Investor,1,0,0,2026-06-25,,Doc 2026083123,Alameda cash buyer list,Alameda County Clerk-Recorder deeds + Assessor parcel roll
SELECT 7 INVESTMENTS LLC,,,,,,,Pending county update,Investor,1,0,0,2026-06-25,,Doc 2026083209,Alameda cash buyer list,Alameda County Clerk-Recorder deeds + Assessor parcel roll
FLAMINGO PARK LLC,,,,,,,Pending county update,Investor,1,0,0,2026-06-25,,Doc 2026083228,Alameda cash buyer list,Alameda County Clerk-Recorder deeds + Assessor parcel roll
WESTBEAM LLC,,,,,,,Pending county update,Investor,1,0,0,2026-06-24,,Doc 2026082108,Alameda cash buyer list,Alameda County Clerk-Recorder deeds + Assessor parcel roll
FA LUXURY IMPORTS INC,,,,,,,Pending county update,Investor,1,0,0,2026-06-24,,Doc 2026082150,Alameda cash buyer list,Alameda County Clerk-Recorder deeds + Assessor parcel roll
FM LUXURY IMPORTS INC,,,,,,,Pending county update,Investor,1,0,0,2026-06-24,,Doc 2026082152,Alameda cash buyer list,Alameda County Clerk-Recorder deeds + Assessor parcel roll
FP LUXURY IMPORTS INC,,,,,,,Pending county update,Investor,1,0,0,2026-06-24,,Doc 2026082154,Alameda cash buyer list,Alameda County Clerk-Recorder deeds + Assessor parcel roll
DEUS HOLDINGS LLC,,,,,,,Pending county update,Investor,1,0,0,2026-06-24,,Doc 2026082190,Alameda cash buyer list,Alameda County Clerk-Recorder deeds + Assessor parcel roll
SAARONY CA PROPERTY LLC,,,,,,,Pending county update,Investor,1,0,0,2026-06-24,,Doc 2026082256,Alameda cash buyer list,Alameda County Clerk-Recorder deeds + Assessor parcel roll
GC EMERYVILLE LLC,,,,,,,Pending county update,Investor,1,0,0,2026-06-24,,Doc 2026082257,Alameda cash buyer list,Alameda County Clerk-Recorder deeds + Assessor parcel roll
WILMINGTON SAVING FUND SOCIETY TR,,,,,,,Pending county update,Investor,1,1,0,2026-06-24,,Doc 2026082372,Alameda cash buyer list; Foreclosure auction buyer,Alameda County Clerk-Recorder deeds + Assessor parcel roll
ROMA & LEVENE LLC,,,,,,,Pending county update,Investor,1,0,0,2026-06-23,,Doc 2026081519,Alameda cash buyer list,Alameda County Clerk-Recorder deeds + Assessor parcel roll
AG CAPITAL LLC,,,,,,,Pending county update,Investor,1,0,1,2026-06-23,,Doc 2026081614,Alameda cash buyer list; Flipper (resold a property),Alameda County Clerk-Recorder deeds + Assessor parcel roll
HARRISON INSPIRED HOMES LLC,,,,,,,Pending county update,Investor,1,0,1,2026-06-23,,Doc 2026081694,Alameda cash buyer list; Flipper (resold a property),Alameda County Clerk-Recorder deeds + Assessor parcel roll
BHG EQUITY LLC,,,,,,,Pending county update,Investor,1,0,0,2026-06-23,,Doc 2026081754,Alameda cash buyer list,Alameda County Clerk-Recorder deeds + Assessor parcel roll
SVW HOME LLC,,,,,,,Pending county update,Investor,1,0,1,2026-06-23,,Doc 2026082036,Alameda cash buyer list; Flipper (resold a property),Alameda County Clerk-Recorder deeds + Assessor parcel roll
ADS HOLDING LLC,,,,,,,Pending county update,Investor,1,0,0,2026-06-22,,Doc 2026080511,Alameda cash buyer list,Alameda County Clerk-Recorder deeds + Assessor parcel roll
RENOVATE 451 VINCENTE LLC,,,,,,,Pending county update,Investor,1,0,0,2026-06-22,,Doc 2026080615,Alameda cash buyer list,Alameda County Clerk-Recorder deeds + Assessor parcel roll
SHELTER SHINE LLC,,,,,,,Pending county update,Investor,1,0,4,2026-06-22,,Doc 2026080634,Alameda cash buyer list; Flipper (resold a property),Alameda County Clerk-Recorder deeds + Assessor parcel roll
WALDMAN FAMILY PARTNERSHIP,,,,,,,Pending county update,Investor,1,0,0,2026-06-22,,Doc 2026080853,Alameda cash buyer list,Alameda County Clerk-Recorder deeds + Assessor parcel roll
OAKSHIRE PROPERTIES LLC,,,,,,,Pending county update,Investor,1,0,0,2026-06-22,,Doc 2026080973,Alameda cash buyer list,Alameda County Clerk-Recorder deeds + Assessor parcel roll
31306 MACKINAW PARKING LLC,,,,,,,Pending county update,Investor,1,0,1,2026-06-22,,Doc 2026081100,Alameda cash buyer list; Flipper (resold a property),Alameda County Clerk-Recorder deeds + Assessor parcel roll
PCG HAYWARD LLC,,,,,,,Pending county update,Investor,1,0,1,2026-06-22,,Doc 2026081327,Alameda cash buyer list; Flipper (resold a property),Alameda County Clerk-Recorder deeds + Assessor parcel roll
GIRVIN LLC,,,,,,,Pending county update,Investor,1,0,0,2026-06-18,,Doc 2026079909,Alameda cash buyer list,Alameda County Clerk-Recorder deeds + Assessor parcel roll
SKYLINE RAI HOLDINGS LLC,,,,,,,Pending county update,Investor,1,0,1,2026-06-18,,Doc 2026079967,Alameda cash buyer list; Flipper (resold a property),Alameda County Clerk-Recorder deeds + Assessor parcel roll
EPC INVESTMENTS LLC,,,,,,,Pending county update,Investor,1,0,0,2026-06-18,,Doc 2026080000,Alameda cash buyer list,Alameda County Clerk-Recorder deeds + Assessor parcel roll
LEGEND PEAK VENTURES LLC,,,,,,,Pending county update,Investor,1,0,0,2026-06-18,,Doc 2026080136,Alameda cash buyer list,Alameda County Clerk-Recorder deeds + Assessor parcel roll
D TOP INVESTMENT LLC,,,,,,,Pending county update,Investor,1,0,0,2026-06-18,,Doc 2026080173,Alameda cash buyer list,Alameda County Clerk-Recorder deeds + Assessor parcel roll
SHWE GROUP INC,,,,,,,Pending county update,Investor,1,0,0,2026-06-18,,Doc 2026080322,Alameda cash buyer list,Alameda County Clerk-Recorder deeds + Assessor parcel roll
RJA1215 LLC,,,,,,,Pending county update,Investor,1,0,0,2026-06-17,,Doc 2026079367,Alameda cash buyer list,Alameda County Clerk-Recorder deeds + Assessor parcel roll
TCT ENTERPRISES LLC,,,,,,,Pending county update,Investor,1,0,0,2026-06-17,,Doc 2026079649,Alameda cash buyer list,Alameda County Clerk-Recorder deeds + Assessor parcel roll
VMC REO LLC,,,,,,,Pending county update,Investor,1,1,0,2026-06-17,,Doc 2026079721,Alameda cash buyer list; Foreclosure auction buyer,Alameda County Clerk-Recorder deeds + Assessor parcel roll
ROCHETTE PROPERTIES LLC,,,,,,,Pending county update,Investor,1,0,0,2026-06-17,,Doc 2026079728,Alameda cash buyer list,Alameda County Clerk-Recorder deeds + Assessor parcel roll
FOCUS REAL ESTATE HOLDINGS 2 LLC,,,,,,,Pending county update,Investor,1,0,1,2026-06-16,,Doc 2026078765,Alameda cash buyer list; Flipper (resold a property),Alameda County Clerk-Recorder deeds + Assessor parcel roll
A HAMMER & ASSOCIATES LLC,,,,,,,Pending county update,Investor,1,0,0,2026-06-16,,Doc 2026078823,Alameda cash buyer list,Alameda County Clerk-Recorder deeds + Assessor parcel roll
HEITMAN CREDIT ACQUISITION XLII LLC,,,,,,,Pending county update,Investor,1,0,0,2026-06-16,,Doc 2026078896,Alameda cash buyer list,Alameda County Clerk-Recorder deeds + Assessor parcel roll
INN LENDING LLC,,,,,,,Pending county update,Investor,1,0,0,2026-06-16,,Doc 2026079133,Alameda cash buyer list,Alameda County Clerk-Recorder deeds + Assessor parcel roll
NASH PROPERTY LLC,,,,,,,Pending county update,Investor,1,0,0,2026-06-15,,Doc 2026078132,Alameda cash buyer list,Alameda County Clerk-Recorder deeds + Assessor parcel roll
IVY STAR LLC,,,,,,,Pending county update,Investor,1,0,0,2026-06-15,,Doc 2026078414,Alameda cash buyer list,Alameda County Clerk-Recorder deeds + Assessor parcel roll
655 KENDALL WAY LLC,,,,,,,Pending county update,Investor,1,0,0,2026-06-15,,Doc 2026078547,Alameda cash buyer list,Alameda County Clerk-Recorder deeds + Assessor parcel roll
25011 MUIR ST LLC,,,,,,,Pending county update,Investor,1,0,0,2026-06-15,,Doc 2026078548,Alameda cash buyer list,Alameda County Clerk-Recorder deeds + Assessor parcel roll
2014 ROYAL AVENUE LLC,,,,,,,Pending county update,Investor,1,0,0,2026-06-15,,Doc 2026078550,Alameda cash buyer list,Alameda County Clerk-Recorder deeds + Assessor parcel roll
1631 FIFTH STREET LLC,,,,,,,Pending county update,Investor,1,0,0,2026-06-12,,Doc 2026077200,Alameda cash buyer list,Alameda County Clerk-Recorder deeds + Assessor parcel roll
BAY AUTOMOTIVE DISTRIBUTION GROUP INC,,,,,,,Pending county update,Investor,1,0,0,2026-06-12,,Doc 2026077622,Alameda cash buyer list,Alameda County Clerk-Recorder deeds + Assessor parcel roll
HAYWARD 26250-26260 PROPERTIES BK7 LLC,,,,,,,Pending county update,Investor,1,0,0,2026-06-12,,Doc 2026077651,Alameda cash buyer list,Alameda County Clerk-Recorder deeds + Assessor parcel roll
BELLAS PROPERTY MANAGEMENT LLC,,,,,,,Pending county update,Investor,1,0,0,2026-06-12,,Doc 2026077658,Alameda cash buyer list,Alameda County Clerk-Recorder deeds + Assessor parcel roll
QX OAKLAND PROPERTY LLC,,,,,,,Pending county update,Investor,1,0,0,2026-06-12,,Doc 2026077739,Alameda cash buyer list,Alameda County Clerk-Recorder deeds + Assessor parcel roll
REVELM LLC,,,,,,,Pending county update,Investor,1,0,0,2026-06-12,,Doc 2026077744,Alameda cash buyer list,Alameda County Clerk-Recorder deeds + Assessor parcel roll
710 3 CITY WALK PLACE HAYWARD LLC,,,,,,,Pending county update,Investor,1,0,0,2026-06-12,,Doc 2026077895,Alameda cash buyer list,Alameda County Clerk-Recorder deeds + Assessor parcel roll
DAIRY 6831 LLC,,,,,,,Pending county update,Investor,1,0,0,2026-06-12,,Doc 2026078024,Alameda cash buyer list,Alameda County Clerk-Recorder deeds + Assessor parcel roll
ISAAC IV PROPERTY GROUP LLC,,,,,,,Pending county update,Investor,1,0,0,2026-06-11,,Doc 2026076614,Alameda cash buyer list,Alameda County Clerk-Recorder deeds + Assessor parcel roll
HAYWARD 25005 25013 PROPERTIES BK7 LLC,,,,,,,Pending county update,Investor,1,0,0,2026-06-11,,Doc 2026076645,Alameda cash buyer list,Alameda County Clerk-Recorder deeds + Assessor parcel roll
ALDEN PARISH LLC,,,,,,,Pending county update,Investor,1,0,0,2026-06-11,,Doc 2026076732,Alameda cash buyer list,Alameda County Clerk-Recorder deeds + Assessor parcel roll
HARI OM SHRI RAADHA KRISHNA MANDIR INC,,,,,,,Pending county update,Investor,1,0,0,2026-06-11,,Doc 2026076833,Alameda cash buyer list,Alameda County Clerk-Recorder deeds + Assessor parcel roll
TRI VALLEY PR LLC,,,,,,,Pending county update,Investor,1,0,0,2026-06-11,,Doc 2026076869,Alameda cash buyer list,Alameda County Clerk-Recorder deeds + Assessor parcel roll
EAST BAY RENTALS LLC,,,,,,,Pending county update,Investor,1,0,1,2026-06-11,,Doc 2026076991,Alameda cash buyer list; Flipper (resold a property),Alameda County Clerk-Recorder deeds + Assessor parcel roll
725 FOLGER AVE LLC,,,,,,,Pending county update,Investor,1,0,0,2026-06-10,,Doc 2026076160,Alameda cash buyer list,Alameda County Clerk-Recorder deeds + Assessor parcel roll
JHJ INVESTMENTS VII LLC,,,,,,,Pending county update,Investor,1,0,0,2026-06-10,,Doc 2026076165,Alameda cash buyer list,Alameda County Clerk-Recorder deeds + Assessor parcel roll
JHJ INVESTMENTS III LLC,,,,,,,Pending county update,Investor,1,0,0,2026-06-10,,Doc 2026076171,Alameda cash buyer list,Alameda County Clerk-Recorder deeds + Assessor parcel roll
MGC I LLC,,,,,,,Pending county update,Investor,1,0,0,2026-06-10,,Doc 2026076203,Alameda cash buyer list,Alameda County Clerk-Recorder deeds + Assessor parcel roll
LAS POSITAS LLC,,,,,,,Pending county update,Investor,1,0,0,2026-06-10,,Doc 2026076229,Alameda cash buyer list,Alameda County Clerk-Recorder deeds + Assessor parcel roll
OMNI LOGISTICS LLC,,,,,,,Pending county update,Investor,1,0,0,2026-06-10,,Doc 2026076256,Alameda cash buyer list,Alameda County Clerk-Recorder deeds + Assessor parcel roll
BESHOPHARM ENTERPRISE,,,,,,,Pending county update,Investor,1,0,0,2026-06-10,,Doc 2026076293,Alameda cash buyer list,Alameda County Clerk-Recorder deeds + Assessor parcel roll
BAYLINE CONSTRUCTION LLC,,,,,,,Pending county update,Investor,1,0,0,2026-06-09,,Doc 2026075300,Alameda cash buyer list,Alameda County Clerk-Recorder deeds + Assessor parcel roll
MONEY HOUSE INC,,,,,,,Pending county update,Investor,1,0,1,2026-06-09,,Doc 2026075308,Alameda cash buyer list; Flipper (resold a property),Alameda County Clerk-Recorder deeds + Assessor parcel roll
KEEPER III ALAMEDA WEBSTER LLC,,,,,,,Pending county update,Investor,1,0,0,2026-06-09,,Doc 2026075353,Alameda cash buyer list,Alameda County Clerk-Recorder deeds + Assessor parcel roll
KEEPER III ALAMEDA PACIFIC LLC,,,,,,,Pending county update,Investor,1,0,0,2026-06-09,,Doc 2026075372,Alameda cash buyer list,Alameda County Clerk-Recorder deeds + Assessor parcel roll
SAWA PROPERTIES LLC,,,,,,,Pending county update,Investor,1,0,0,2026-06-09,,Doc 2026075390,Alameda cash buyer list,Alameda County Clerk-Recorder deeds + Assessor parcel roll
GEARBIRD LLC,,,,,,,Pending county update,Investor,1,0,0,2026-06-09,,Doc 2026075473,Alameda cash buyer list,Alameda County Clerk-Recorder deeds + Assessor parcel roll
1829 EUCLID HOUSE LLC,,,,,,,Pending county update,Investor,1,0,0,2026-06-09,,Doc 2026075516,Alameda cash buyer list,Alameda County Clerk-Recorder deeds + Assessor parcel roll
BLUE DIAMOND HOSPITALITY LLC,,,,,,,Pending county update,Investor,1,0,0,2026-06-09,,Doc 2026075546,Alameda cash buyer list,Alameda County Clerk-Recorder deeds + Assessor parcel roll
HARBOR POINTE LIVING LLC,,,,,,,Pending county update,Investor,1,0,0,2026-06-08,,Doc 2026074907,Alameda cash buyer list,Alameda County Clerk-Recorder deeds + Assessor parcel roll
WALKER AVENUE LLC,,,,,,,Pending county update,Investor,1,0,0,2026-06-08,,Doc 2026074961,Alameda cash buyer list,Alameda County Clerk-Recorder deeds + Assessor parcel roll
STJM CHALLAH LLC,,,,,,,Pending county update,Investor,1,0,0,2026-06-08,,Doc 2026075015,Alameda cash buyer list,Alameda County Clerk-Recorder deeds + Assessor parcel roll
FREMONT 2901 2949 PROPERTIES BK7 LLC,,,,,,,Pending county update,Investor,1,0,0,2026-06-08,,Doc 2026075058,Alameda cash buyer list,Alameda County Clerk-Recorder deeds + Assessor parcel roll
HAYWARD 26235 26269 PROPERTIES BK7 LLC,,,,,,,Pending county update,Investor,1,0,0,2026-06-08,,Doc 2026075137,Alameda cash buyer list,Alameda County Clerk-Recorder deeds + Assessor parcel roll
ARK IRVINGTON LLC,,,,,,,Pending county update,Investor,1,0,0,2026-06-08,FREMONT,"3709 WASHINGTON BLVD, FREMONT",Alameda cash buyer list,Alameda County Clerk-Recorder deeds + Assessor parcel roll
RAAG PROPERTIES LLC,,,,,,,Pending county update,Investor,1,0,0,2026-06-05,,Doc 2026074026,Alameda cash buyer list,Alameda County Clerk-Recorder deeds + Assessor parcel roll
STELLAR VENTURES LLC,,,,,,,Pending county update,Investor,1,0,1,2026-06-05,,Doc 2026074164,Alameda cash buyer list; Flipper (resold a property),Alameda County Clerk-Recorder deeds + Assessor parcel roll
SCHNITZER PROPERTIES LLC,,,,,,,Pending county update,Investor,1,0,0,2026-06-05,,Doc 2026074167,Alameda cash buyer list,Alameda County Clerk-Recorder deeds + Assessor parcel roll
FRED LEWIS LP,,,,,,,Pending county update,Investor,1,0,0,2026-06-05,,Doc 2026074230,Alameda cash buyer list,Alameda County Clerk-Recorder deeds + Assessor parcel roll
ABUNDANCE HOUSING LLC,,,,,,,Pending county update,Investor,1,0,0,2026-06-05,,Doc 2026074231,Alameda cash buyer list,Alameda County Clerk-Recorder deeds + Assessor parcel roll
YESU NEMT LLC,,,,,,,Pending county update,Investor,1,0,0,2026-06-05,,Doc 2026074235,Alameda cash buyer list,Alameda County Clerk-Recorder deeds + Assessor parcel roll
EAST BAY GROUP LLC,,,,,,,Pending county update,Investor,1,0,0,2026-06-05,,Doc 2026074239,Alameda cash buyer list,Alameda County Clerk-Recorder deeds + Assessor parcel roll
WP INVESTMENTS LLC,,,,,,,Pending county update,Investor,1,0,0,2026-06-05,,Doc 2026074240,Alameda cash buyer list,Alameda County Clerk-Recorder deeds + Assessor parcel roll
MARTIN959 INVESTORS LLC,,,,,,,Pending county update,Investor,1,0,0,2026-06-05,,Doc 2026074479,Alameda cash buyer list,Alameda County Clerk-Recorder deeds + Assessor parcel roll
IRONGATE REAL PROPERTY LLC,,,,,,,Pending county update,Investor,1,0,0,2026-06-05,,Doc 2026074631,Alameda cash buyer list,Alameda County Clerk-Recorder deeds + Assessor parcel roll
WGC SF 1 LLC,,,,,,,Pending county update,Investor,1,0,0,2026-06-05,,Doc 2026074653,Alameda cash buyer list,Alameda County Clerk-Recorder deeds + Assessor parcel roll
SILVERLOCK INVESTMENTS LLC,,,,,,,Pending county update,Investor,1,0,0,2026-06-04,,Doc 2026073367,Alameda cash buyer list,Alameda County Clerk-Recorder deeds + Assessor parcel roll
ADONAI HILL PROPERTIES LLC,,,,,,,Pending county update,Investor,1,0,0,2026-06-04,,Doc 2026073782,Alameda cash buyer list,Alameda County Clerk-Recorder deeds + Assessor parcel roll
570 578 B STREET LLC,,,,,,,Pending county update,Investor,1,0,0,2026-06-04,,Doc 2026073835,Alameda cash buyer list,Alameda County Clerk-Recorder deeds + Assessor parcel roll
NEXTKEY CAPITAL LLC,,,,,,,Pending county update,Investor,1,0,1,2026-06-04,,Doc 2026073935,Alameda cash buyer list; Flipper (resold a property),Alameda County Clerk-Recorder deeds + Assessor parcel roll
25396 DEL MAR AVENUE LLC,,,,,,,Pending county update,Investor,1,0,0,2026-06-03,,Doc 2026072797,Alameda cash buyer list,Alameda County Clerk-Recorder deeds + Assessor parcel roll
SAS FLIPS LLC,,,,,,,Pending county update,Investor,1,0,2,2026-06-03,,Doc 2026073015,Alameda cash buyer list; Flipper (resold a property),Alameda County Clerk-Recorder deeds + Assessor parcel roll
GUR PARSAAD HOLDINGS LLC,,,,,,,Pending county update,Investor,1,0,0,2026-06-03,,Doc 2026073198,Alameda cash buyer list,Alameda County Clerk-Recorder deeds + Assessor parcel roll
JMBS PROPERTIES LLC,,,,,,,Pending county update,Investor,1,0,1,2026-06-03,,Doc 2026073219,Alameda cash buyer list; Flipper (resold a property),Alameda County Clerk-Recorder deeds + Assessor parcel roll
PARIPAR INVESTMENTS LLC,,,,,,,Pending county update,Investor,1,0,0,2026-06-03,,Doc 2026073221,Alameda cash buyer list,Alameda County Clerk-Recorder deeds + Assessor parcel roll
RESCUE RESPONSE HOLDING LLC,,,,,,,Pending county update,Investor,1,0,0,2026-06-03,,Doc 2026073316,Alameda cash buyer list,Alameda County Clerk-Recorder deeds + Assessor parcel roll
SG INVESTMENTS III LLC,,,,,,,Pending county update,Investor,1,0,0,2026-06-02,,Doc 2026072179,Alameda cash buyer list,Alameda County Clerk-Recorder deeds + Assessor parcel roll
AGA LIMITED LLC,,,,,,,Pending county update,Investor,1,0,0,2026-06-02,,Doc 2026072191,Alameda cash buyer list,Alameda County Clerk-Recorder deeds + Assessor parcel roll
DAOUDI INVESTMENTS LLC,,,,,,,Pending county update,Investor,1,0,1,2026-06-02,,Doc 2026072255,Alameda cash buyer list; Flipper (resold a property),Alameda County Clerk-Recorder deeds + Assessor parcel roll
TALIOR CONSTRUCTION INC,,,,,,,Pending county update,Investor,1,0,0,2026-06-02,,Doc 2026072377,Alameda cash buyer list,Alameda County Clerk-Recorder deeds + Assessor parcel roll
OWLS LANDING LP,,,,,,,Pending county update,Investor,1,0,0,2026-06-02,,Doc 2026072632,Alameda cash buyer list,Alameda County Clerk-Recorder deeds + Assessor parcel roll
EB VH PROPERTY LLC,,,,,,,Pending county update,Investor,1,0,0,2026-06-01,,Doc 2026071514,Alameda cash buyer list,Alameda County Clerk-Recorder deeds + Assessor parcel roll
IONIC DEVELOPMENT GROUP LLC,,,,,,,Pending county update,Investor,1,0,0,2026-06-01,,Doc 2026071550,Alameda cash buyer list,Alameda County Clerk-Recorder deeds + Assessor parcel roll
POOKS PROPERTIES LLC,,,,,,,Pending county update,Investor,1,0,0,2026-06-01,,Doc 2026071833,Alameda cash buyer list,Alameda County Clerk-Recorder deeds + Assessor parcel roll
S F PARTNERS,,,,,,,Pending county update,Investor,1,0,0,2026-06-01,,Doc 2026071894,Alameda cash buyer list,Alameda County Clerk-Recorder deeds + Assessor parcel roll
LIVERMORE PACIFIC APARTMENTS LLC,,,,,,,Pending county update,Investor,1,0,0,2026-06-01,,Doc 2026071931,Alameda cash buyer list,Alameda County Clerk-Recorder deeds + Assessor parcel roll
EVERGROVE PF GROUP LLC,,,,,,,Pending county update,Investor,1,0,0,2026-06-01,,Doc 2026071952,Alameda cash buyer list,Alameda County Clerk-Recorder deeds + Assessor parcel roll
SAN PABLO KOAK REH LLC,,,,,,,Pending county update,Investor,1,0,0,2026-06-01,,Doc 2026071956,Alameda cash buyer list,Alameda County Clerk-Recorder deeds + Assessor parcel roll
RICHMOND HILL REAL ESTATE CORP INC,,,,,,,Pending county update,Investor,1,0,0,2026-06-01,,Doc 2026071991,Alameda cash buyer list,Alameda County Clerk-Recorder deeds + Assessor parcel roll
PACIFIC PRIVATE MONEY INC,,,,,,,Pending county update,Investor,1,0,0,2026-06-01,,Doc 2026072031,Alameda cash buyer list,Alameda County Clerk-Recorder deeds + Assessor parcel roll
KIDD INVESTMENTS LLC,,,,,,,Pending county update,Investor,1,0,1,2026-05-29,,Doc 2026071127,Alameda cash buyer list; Flipper (resold a property),Alameda County Clerk-Recorder deeds + Assessor parcel roll
THREE SISTERS PROPERTY HOLDINGS LLC,,,,,,,Pending county update,Investor,1,0,1,2026-05-27,,Doc 2026069493,Alameda cash buyer list; Flipper (resold a property),Alameda County Clerk-Recorder deeds + Assessor parcel roll
IRON BAY HOLDINGS LLC,,,,,,,Pending county update,Investor,1,0,0,2026-05-22,,Doc 2026067455,Alameda cash buyer list,Alameda County Clerk-Recorder deeds + Assessor parcel roll
BAY MODERN MANAGEMENT & DEVELOPMENT LLC,,,,,,,Pending county update,Investor,1,0,0,2026-05-20,,Doc 2026066570,Alameda cash buyer list,Alameda County Clerk-Recorder deeds + Assessor parcel roll
KEY HOMES A LLC,,,,,,,Pending county update,Investor,1,0,0,2026-05-19,,Doc 2026065863,Alameda cash buyer list,Alameda County Clerk-Recorder deeds + Assessor parcel roll
FREMONT PLAZA 741 LP,,,,,,,Pending county update,Investor,1,0,0,2026-05-15,,Doc 2026064664,Alameda cash buyer list,Alameda County Clerk-Recorder deeds + Assessor parcel roll
LP EQUITIES LLC,,,,,,,Pending county update,Investor,1,0,1,2026-04-29,,Doc 2026055626,Alameda cash buyer list; Flipper (resold a property),Alameda County Clerk-Recorder deeds + Assessor parcel roll
BAY VALLEY INVESTMENTS LLC,,,,,,,Pending county update,Investor,1,0,1,2026-04-23,,Doc 2026053179,Alameda cash buyer list; Flipper (resold a property),Alameda County Clerk-Recorder deeds + Assessor parcel roll
DP VENTURES LLC,,,,,,,Pending county update,Investor,1,0,0,2026-04-22,,Doc 2026052544,Alameda cash buyer list,Alameda County Clerk-Recorder deeds + Assessor parcel roll
3350 ARIZONA STREET LLC,,,,,,,Pending county update,Investor,1,0,0,2026-04-21,,Doc 2026051704,Alameda cash buyer list,Alameda County Clerk-Recorder deeds + Assessor parcel roll
ROSE BLOOM LLC,,,,,,,Pending county update,Investor,1,0,0,2026-04-21,,Doc 2026052037,Alameda cash buyer list,Alameda County Clerk-Recorder deeds + Assessor parcel roll
JL & MA INVESTMENTS LLC,,,,,,,Pending county update,Investor,1,0,1,2026-04-20,,Doc 2026051172,Alameda cash buyer list; Flipper (resold a property),Alameda County Clerk-Recorder deeds + Assessor parcel roll
6000 STONERIDGE LLC,,,,,,,Pending county update,Investor,1,0,0,2026-04-17,,Doc 2026050644,Alameda cash buyer list,Alameda County Clerk-Recorder deeds + Assessor parcel roll
TARSLIN INVESTMENTS LLC,,,,,,,Pending county update,Investor,1,0,2,2026-04-17,,Doc 2026051035,Alameda cash buyer list; Flipper (resold a property),Alameda County Clerk-Recorder deeds + Assessor parcel roll
2390 MARINER SQUARE DRIVE OWNER LLC,,,,,,,Pending county update,Investor,1,0,0,2026-04-10,,Doc 2026047147,Alameda cash buyer list,Alameda County Clerk-Recorder deeds + Assessor parcel roll
628 COLORADO AVE LLC,,,,,,,Pending county update,Investor,1,0,1,2026-04-08,,Doc 2026046085,Alameda cash buyer list; Flipper (resold a property),Alameda County Clerk-Recorder deeds + Assessor parcel roll
1128 DELAWARE ST LLC,,,,,,,Pending county update,Investor,1,0,0,2026-04-07,,Doc 2026045487,Alameda cash buyer list,Alameda County Clerk-Recorder deeds + Assessor parcel roll
HAMAARA LIVERMORE LLC,,,,,,,Pending county update,Investor,1,0,0,2026-04-06,,Doc 2026044381,Alameda cash buyer list,Alameda County Clerk-Recorder deeds + Assessor parcel roll
P2 OAKLAND CA LLC,,,,,,,Pending county update,Investor,1,0,1,2026-04-03,,Doc 2026044155,Alameda cash buyer list; Flipper (resold a property),Alameda County Clerk-Recorder deeds + Assessor parcel roll
BLOOMING HOMES LLC,,,,,,,Pending county update,Investor,1,0,1,2026-04-01,,Doc 2026042085,Alameda cash buyer list; Flipper (resold a property),Alameda County Clerk-Recorder deeds + Assessor parcel roll
REDLOCK LLC,,,,,,,Pending county update,Investor,1,0,1,2026-04-01,,Doc 2026042533,Alameda cash buyer list; Flipper (resold a property),Alameda County Clerk-Recorder deeds + Assessor parcel roll
VHO RESDIENTIAL LLC,,,,,,,Pending county update,Investor,1,0,0,2026-03-30,,Doc 2026041138,Alameda cash buyer list,Alameda County Clerk-Recorder deeds + Assessor parcel roll
CASA SERENA BMR LP,,,,,,,Pending county update,Investor,1,0,0,2026-03-27,,Doc 2026040477,Alameda cash buyer list,Alameda County Clerk-Recorder deeds + Assessor parcel roll
ARCH STREET HOLDINGS LLC,,,,,,,Pending county update,Investor,1,0,0,2026-03-24,,Doc 2026038171,Alameda cash buyer list,Alameda County Clerk-Recorder deeds + Assessor parcel roll
MCJ SUMMERWOOD LLC,,,,,,,Pending county update,Investor,1,0,0,2026-03-23,,Doc 2026037611,Alameda cash buyer list,Alameda County Clerk-Recorder deeds + Assessor parcel roll
1431 JACKSON LLC,,,,,,,Pending county update,Investor,1,0,0,2026-03-20,,Doc 2026037020,Alameda cash buyer list,Alameda County Clerk-Recorder deeds + Assessor parcel roll
NEW AMERICAN FUNDING LLC,,,,,,,Pending county update,Investor,1,0,0,2026-03-20,,Doc 2026037160,Alameda cash buyer list,Alameda County Clerk-Recorder deeds + Assessor parcel roll
VTW ENTERPRISES LLC,,,,,,,Pending county update,Investor,1,0,0,2026-03-18,,Doc 2026035631,Alameda cash buyer list,Alameda County Clerk-Recorder deeds + Assessor parcel roll
SKYKATSDEVELOPMENT LLC,,,,,,,Pending county update,Investor,1,0,1,2026-03-16,,Doc 2026034402,Alameda cash buyer list; Flipper (resold a property),Alameda County Clerk-Recorder deeds + Assessor parcel roll
43244 LIVERMORE LLC,,,,,,,Pending county update,Investor,1,0,0,2026-03-11,,Doc 2026032593,Alameda cash buyer list,Alameda County Clerk-Recorder deeds + Assessor parcel roll
CLEARVUE CAPITAL CORPORATION,,,,,,,Pending county update,Investor,1,0,1,2026-03-09,,Doc 2026031636,Alameda cash buyer list; Flipper (resold a property),Alameda County Clerk-Recorder deeds + Assessor parcel roll
1440 FOURTH ST LLC,,,,,,,Pending county update,Investor,1,0,0,2026-03-06,,Doc 2026031148,Alameda cash buyer list,Alameda County Clerk-Recorder deeds + Assessor parcel roll
1440 BERKELEY LLC,,,,,,,Pending county update,Investor,1,0,1,2026-03-04,,Doc 2026029927,Alameda cash buyer list; Flipper (resold a property),Alameda County Clerk-Recorder deeds + Assessor parcel roll
LECONTE 456 LLC,,,,,,,Pending county update,Investor,1,0,0,2026-03-03,,Doc 2026028997,Alameda cash buyer list,Alameda County Clerk-Recorder deeds + Assessor parcel roll
CENTURY PROPERTIES LLC,,,,,,,Pending county update,Investor,1,0,0,2026-03-03,,Doc 2026029420,Alameda cash buyer list,Alameda County Clerk-Recorder deeds + Assessor parcel roll
NAILS & WOOD BUILDERS INC,,,,,,,Pending county update,Investor,1,0,1,2026-03-02,,Doc 2026028789,Alameda cash buyer list; Flipper (resold a property),Alameda County Clerk-Recorder deeds + Assessor parcel roll
PLEASANTON 5860 MP WRK7 LLC,,,,,,,Pending county update,Investor,1,0,0,2026-02-25,,Doc 2026026768,Alameda cash buyer list,Alameda County Clerk-Recorder deeds + Assessor parcel roll
RED GLADS PROPERTIES LLC,,,,,,,Pending county update,Investor,1,0,0,2026-02-20,,Doc 2026024145,Alameda cash buyer list,Alameda County Clerk-Recorder deeds + Assessor parcel roll
REACHONE LLC,,,,,,,Pending county update,Investor,1,0,0,2026-02-18,,Doc 2026022223,Alameda cash buyer list,Alameda County Clerk-Recorder deeds + Assessor parcel roll
1706 FIFTH AVENUE INC,,,,,,,Pending county update,Investor,1,0,0,2026-02-17,,Doc 2026020998,Alameda cash buyer list,Alameda County Clerk-Recorder deeds + Assessor parcel roll
REAL MOVEMENT REAL ESTATE LLC,,,,,,,Not on county roll (resold),Investor,1,0,1,2026-02-13,ASHLAND,"1512 ORIOLE AVE, ASHLAND",Alameda cash buyer list; Flipper (resold a property),Alameda County Clerk-Recorder deeds + Assessor parcel roll
FULL THROTTLE PROJECT SOLUTIONS LLC,,,,,,,Not on county roll (resold),Investor,1,0,1,2026-02-13,LIVERMORE,"852 SEMINOLE DR, LIVERMORE",Alameda cash buyer list; Flipper (resold a property),Alameda County Clerk-Recorder deeds + Assessor parcel roll
PACIFIC PRIVATE MONEY FUND I LLC,,,,,,,Pending county update,Investor,1,1,1,2026-02-11,,Doc 2026019285,Alameda cash buyer list; Foreclosure auction buyer; Flipper (resold a property),Alameda County Clerk-Recorder deeds + Assessor parcel roll
MYRIAD GROUP LLC,,,,,,,Pending county update,Investor,1,0,2,2026-02-10,,Doc 2026017913,Alameda cash buyer list; Flipper (resold a property),Alameda County Clerk-Recorder deeds + Assessor parcel roll
BAY CLUB PLEASANTON REAL ESTATE LLC,,,,,,,Pending county update,Investor,1,0,0,2026-02-04,,Doc 2026013531,Alameda cash buyer list,Alameda County Clerk-Recorder deeds + Assessor parcel roll
KL LB PROPCO IV C LLC,,,,,,,Pending county update,Investor,1,0,1,2026-02-02,,Doc 2026012253,Alameda cash buyer list; Flipper (resold a property),Alameda County Clerk-Recorder deeds + Assessor parcel roll
YAAQOV PLS LLC,,,,,,,Pending county update,Investor,1,0,0,2026-01-30,,Doc 2026011801,Alameda cash buyer list,Alameda County Clerk-Recorder deeds + Assessor parcel roll
OLIVE 1480 LLC,,,,,,,Pending county update,Investor,1,0,0,2026-01-30,,Doc 2026011855,Alameda cash buyer list,Alameda County Clerk-Recorder deeds + Assessor parcel roll
1627 GRANT STREET LLC,,,,,,,Pending county update,Investor,1,0,0,2026-01-29,,Doc 2026010995,Alameda cash buyer list,Alameda County Clerk-Recorder deeds + Assessor parcel roll
AAN HOMES LLC,,,,,,,Pending county update,Investor,1,0,0,2026-01-29,,Doc 2026011292,Alameda cash buyer list,Alameda County Clerk-Recorder deeds + Assessor parcel roll
OAK KNOLL VENTURE ACQUISITION LLC,,,,,,,Pending county update,Investor,1,0,1,2026-01-23,,Doc 2026008622,Alameda cash buyer list; Flipper (resold a property),Alameda County Clerk-Recorder deeds + Assessor parcel roll
BRAVO PROPERTIES LLC,,,,,,,Pending county update,Investor,1,0,0,2026-01-22,,Doc 2026008201,Alameda cash buyer list,Alameda County Clerk-Recorder deeds + Assessor parcel roll
301 LAKEFIELD LLC,,,,,,,Pending county update,Investor,1,0,0,2026-01-22,,Doc 2026008385,Alameda cash buyer list,Alameda County Clerk-Recorder deeds + Assessor parcel roll
SPRUCE III LLC,,,,,,,Pending county update,Investor,1,0,0,2026-01-16,,Doc 2026006564,Alameda cash buyer list,Alameda County Clerk-Recorder deeds + Assessor parcel roll
SOORV LLC,,,,,,,Pending county update,Investor,1,0,1,2026-01-15,,Doc 2026005752,Alameda cash buyer list; Flipper (resold a property),Alameda County Clerk-Recorder deeds + Assessor parcel roll
SUMMIT RIDGE VENTURES LLC,,,,,,,Pending county update,Investor,1,0,2,2026-01-14,,Doc 2026005072,Alameda cash buyer list; Flipper (resold a property),Alameda County Clerk-Recorder deeds + Assessor parcel roll
KF TOWNSEND PROPERTY LLC,,,,,,,Pending county update,Investor,1,0,1,2026-01-13,,Doc 2026004143,Alameda cash buyer list; Flipper (resold a property),Alameda County Clerk-Recorder deeds + Assessor parcel roll
NEO CREATIVE AGENCY INC,,,,,,,Pending county update,Investor,1,0,1,2026-01-13,,Doc 2026004260,Alameda cash buyer list; Flipper (resold a property),Alameda County Clerk-Recorder deeds + Assessor parcel roll
KF TEAGARDEN PROPERTY LLC,,,,,,,Pending county update,Investor,1,0,0,2026-01-13,,Doc 2026004396,Alameda cash buyer list,Alameda County Clerk-Recorder deeds + Assessor parcel roll
1592 1594 VICTORIA AVE LLC,,,,,,,Pending county update,Investor,1,0,1,2026-01-08,,Doc 2026002299,Alameda cash buyer list; Flipper (resold a property),Alameda County Clerk-Recorder deeds + Assessor parcel roll
RAP INVESTMENT GROUP II LLC,,,,,,,Pending county update,Investor,1,0,0,2026-01-06,,Doc 2026000923,Alameda cash buyer list,Alameda County Clerk-Recorder deeds + Assessor parcel roll
LIVERMORE 1001 LLC,,,,,,,Pending county update,Investor,1,0,0,2026-01-02,,Doc 2026000620,Alameda cash buyer list,Alameda County Clerk-Recorder deeds + Assessor parcel roll
43360 MISSION INVESTORS LLC,,,,,,,Pending county update,Investor,1,0,1,2025-12-31,,Doc 2025167212,Alameda cash buyer list; Flipper (resold a property),Alameda County Clerk-Recorder deeds + Assessor parcel roll
JOHN ANDERSEN LLC,,,,,,,Pending county update,Investor,1,0,1,2025-12-31,,Doc 2025167318,Alameda cash buyer list; Flipper (resold a property),Alameda County Clerk-Recorder deeds + Assessor parcel roll
BAY2BAY INC,,,,,,,Pending county update,Investor,1,0,3,2025-12-24,,Doc 2025164579,Alameda cash buyer list; Flipper (resold a property),Alameda County Clerk-Recorder deeds + Assessor parcel roll
MM FAMILY LLC,,,,,,,Pending county update,Investor,1,0,0,2025-12-24,,Doc 2025164681,Alameda cash buyer list,Alameda County Clerk-Recorder deeds + Assessor parcel roll
ROLAND OSAGE REAL ESTATE,,,,,,,Pending county update,Investor,1,0,1,2025-12-24,,Doc 2025164765,Alameda cash buyer list; Flipper (resold a property),Alameda County Clerk-Recorder deeds + Assessor parcel roll
FALCON INVESTMENTS LLC,,,,,,,Pending county update,Investor,1,0,1,2025-12-23,,Doc 2025164457,Alameda cash buyer list; Flipper (resold a property),Alameda County Clerk-Recorder deeds + Assessor parcel roll
ASHBY MANOR LLC,,,,,,,Pending county update,Investor,1,0,0,2025-12-17,,Doc 2025162002,Alameda cash buyer list,Alameda County Clerk-Recorder deeds + Assessor parcel roll
VIDA CAPITAL GROUP LLC,,,,,,,Pending county update,Investor,1,1,1,2025-12-05,,Doc 2025154316,Alameda cash buyer list; Foreclosure auction buyer; Flipper (resold a property),Alameda County Clerk-Recorder deeds + Assessor parcel roll
SMH COLVIN LLC,,,,,,,Pending county update,Investor,1,0,0,2025-12-04,,Doc 2025153134,Alameda cash buyer list,Alameda County Clerk-Recorder deeds + Assessor parcel roll
15902 WAGNER ST LLC,,,,,,,Pending county update,Investor,1,0,1,2025-12-04,,Doc 2025153174,Alameda cash buyer list; Flipper (resold a property),Alameda County Clerk-Recorder deeds + Assessor parcel roll
66TH STREET COMPLEX LLC,,,,,,,Pending county update,Investor,1,0,0,2025-12-04,,Doc 2025153263,Alameda cash buyer list,Alameda County Clerk-Recorder deeds + Assessor parcel roll
FIRST BRIDGE FUNDING INC,,,,,,,Pending county update,Investor,1,1,0,2025-12-04,,Doc 2025153397,Alameda cash buyer list; Foreclosure auction buyer,Alameda County Clerk-Recorder deeds + Assessor parcel roll
SUMMIT CREEK INVESTMENTS LLC,,,,,,,Pending county update,Investor,1,0,1,2025-12-02,,Doc 2025151733,Alameda cash buyer list; Flipper (resold a property),Alameda County Clerk-Recorder deeds + Assessor parcel roll
LOAN FUNDER LLC,,,,,,,Pending county update,Investor,1,1,1,2025-12-01,,Doc 2025150680,Alameda cash buyer list; Foreclosure auction buyer; Flipper (resold a property),Alameda County Clerk-Recorder deeds + Assessor parcel roll
INTELLECT ADOBE LLC,,,,,,,Pending county update,Investor,1,0,0,2025-11-26,,Doc 2025149327,Alameda cash buyer list,Alameda County Clerk-Recorder deeds + Assessor parcel roll
VANDEVENTER CO LLC,,,,,,,Pending county update,Investor,1,0,0,2025-11-26,,Doc 2025149739,Alameda cash buyer list,Alameda County Clerk-Recorder deeds + Assessor parcel roll
AH 414 EAST 15TH STREET LLC,,,,,,,Pending county update,Investor,1,0,0,2025-11-25,,Doc 2025148854,Alameda cash buyer list,Alameda County Clerk-Recorder deeds + Assessor parcel roll
AH 425 EAST 18TH STREET LLC,,,,,,,Pending county update,Investor,1,0,0,2025-11-25,,Doc 2025148856,Alameda cash buyer list,Alameda County Clerk-Recorder deeds + Assessor parcel roll
KL168 INVESTMENTS LLC,,,,,,,Pending county update,Investor,1,0,1,2025-11-19,,Doc 2025145734,Alameda cash buyer list; Flipper (resold a property),Alameda County Clerk-Recorder deeds + Assessor parcel roll
GUARANTEED RATE INC,,,,,,,Pending county update,Investor,1,0,0,2025-11-19,,Doc 2025145802,Alameda cash buyer list,Alameda County Clerk-Recorder deeds + Assessor parcel roll
YMCAA LLC,,,,,,,Pending county update,Investor,1,0,1,2025-11-18,,Doc 2025145230,Alameda cash buyer list; Flipper (resold a property),Alameda County Clerk-Recorder deeds + Assessor parcel roll
E & A INVESTMENTS 2025 LLC,,,,,,,Pending county update,Investor,1,0,0,2025-11-18,,Doc 2025145410,Alameda cash buyer list,Alameda County Clerk-Recorder deeds + Assessor parcel roll
WAHAB INVESTMENTS LLC,,,,,,,Pending county update,Investor,1,0,1,2025-11-18,,Doc 2025145421,Alameda cash buyer list; Flipper (resold a property),Alameda County Clerk-Recorder deeds + Assessor parcel roll
21824 THELMA LLC,,,,,,,Pending county update,Investor,1,0,1,2025-11-14,,Doc 2025143739,Alameda cash buyer list; Flipper (resold a property),Alameda County Clerk-Recorder deeds + Assessor parcel roll
RLS FREMONT LLC,,,,,,,Pending county update,Investor,1,0,0,2025-11-13,,Doc 2025143527,Alameda cash buyer list,Alameda County Clerk-Recorder deeds + Assessor parcel roll
MOMENTUM INVESTMENTS I LTD LIABILITY CO,,,,,,,Pending county update,Investor,1,0,0,2025-11-06,,Doc 2025140472,Alameda cash buyer list,Alameda County Clerk-Recorder deeds + Assessor parcel roll
X VISION LLC,,,,,,,Pending county update,Investor,1,0,2,2025-11-06,,Doc 2025140571,Alameda cash buyer list; Flipper (resold a property),Alameda County Clerk-Recorder deeds + Assessor parcel roll
AMEEN HOUSINA COOPERATIVE CALIFORNIA INC,,,,,,,Pending county update,Investor,1,0,0,2025-10-30,,Doc 2025136404,Alameda cash buyer list,Alameda County Clerk-Recorder deeds + Assessor parcel roll
120 ADELINE STREET LLC,,,,,,,Pending county update,Investor,1,0,0,2025-10-30,,Doc 2025136674,Alameda cash buyer list,Alameda County Clerk-Recorder deeds + Assessor parcel roll
FINISTER D & S LLC,,,,,,,Pending county update,Investor,1,0,1,2025-10-30,,Doc 2025136700,Alameda cash buyer list; Flipper (resold a property),Alameda County Clerk-Recorder deeds + Assessor parcel roll
B & W ASSETS LLC,,,,,,,Pending county update,Investor,1,0,1,2025-10-28,,Doc 2025134939,Alameda cash buyer list; Flipper (resold a property),Alameda County Clerk-Recorder deeds + Assessor parcel roll
BAYCO ESTATES LLC,,,,,,,Not on county roll (resold),Investor,1,0,2,2025-10-27,PLEASANTON,"389 MAVIS DR, PLEASANTON",Alameda cash buyer list; Flipper (resold a property),Alameda County Clerk-Recorder deeds + Assessor parcel roll
HPRP LLC,,,,,,,Not on county roll (resold),Investor,1,0,1,2025-10-24,OAKLAND,"2340 13TH AVE, OAKLAND",Alameda cash buyer list; Flipper (resold a property),Alameda County Clerk-Recorder deeds + Assessor parcel roll
1820 SPRUCE STREET LLC,,,,,,,Pending county update,Investor,1,0,0,2025-10-21,,Doc 2025131935,Alameda cash buyer list,Alameda County Clerk-Recorder deeds + Assessor parcel roll
JOYFUL ALAMEDA PRESCHOOL LLC,,,,,,,Pending county update,Investor,1,0,0,2025-10-21,,Doc 2025132356,Alameda cash buyer list,Alameda County Clerk-Recorder deeds + Assessor parcel roll
W & Y CONSTRUCTION INC,,,,,,,Not on county roll (resold),Investor,1,0,1,2025-10-20,PLEASANTON,"4645 HELPERT CT, PLEASANTON",Alameda cash buyer list; Flipper (resold a property),Alameda County Clerk-Recorder deeds + Assessor parcel roll
ENHANCE SHIVAM LLC,,,,,,,Not on county roll (resold),Investor,1,1,1,2025-10-17,NEWARK,"5600 JOHN MUIR DR, NEWARK",Alameda cash buyer list; Foreclosure auction buyer; Flipper (resold a property),Alameda County Clerk-Recorder deeds + Assessor parcel roll
CHULO BOYS LLC,,,,,,,Pending county update,Investor,1,0,0,2025-10-16,OAKLAND,"2423 POPLAR ST, OAKLAND",Alameda cash buyer list,Alameda County Clerk-Recorder deeds + Assessor parcel roll
ESTOPINAL INVESTMENT GROUP LLC,,,,,,,Pending county update,Investor,1,0,1,2025-10-15,,Doc 2025129080,Alameda cash buyer list; Flipper (resold a property),Alameda County Clerk-Recorder deeds + Assessor parcel roll
OPENRIDGE INVESTMENTS LLC,,,,,,,Pending county update,Investor,1,0,1,2025-10-15,LIVERMORE,"4712 SCENIC AVE, LIVERMORE",Alameda cash buyer list; Flipper (resold a property),Alameda County Clerk-Recorder deeds + Assessor parcel roll
2919 FULTON LLC,,,,,,,Pending county update,Investor,1,0,0,2025-10-08,,Doc 2025125923,Alameda cash buyer list,Alameda County Clerk-Recorder deeds + Assessor parcel roll
LEIGH CAPITAL INC,,,,,,,Pending county update,Investor,1,0,0,2025-10-08,,Doc 2025125944,Alameda cash buyer list,Alameda County Clerk-Recorder deeds + Assessor parcel roll
BEL AIRE LLC,,,,,,,Pending county update,Investor,1,0,0,2025-10-08,,Doc 2025126032,Alameda cash buyer list,Alameda County Clerk-Recorder deeds + Assessor parcel roll
LINKLUX ENTERPRISES LP,,,,,,,Pending county update,Investor,1,0,0,2025-10-07,PLEASANTON,"4848 DOLORES DR, PLEASANTON",Alameda cash buyer list,Alameda County Clerk-Recorder deeds + Assessor parcel roll
YUEN REAL ESTATE & INVESTMENTS INC,,,,,,,Pending county update,Investor,1,0,0,2025-10-07,,Doc 2025125031,Alameda cash buyer list,Alameda County Clerk-Recorder deeds + Assessor parcel roll
FAE HOLDINGS A48964 LLC,,,,,,,Pending county update,Investor,1,0,1,2025-10-07,,Doc 2025125350,Alameda cash buyer list; Flipper (resold a property),Alameda County Clerk-Recorder deeds + Assessor parcel roll
MH PROPERTY LLC,,,,,,,Pending county update,Investor,1,0,0,2025-10-06,,Doc 2025124447,Alameda cash buyer list,Alameda County Clerk-Recorder deeds + Assessor parcel roll
AAW VENTURES LLC,,,,,,,Not on county roll (resold),Investor,1,0,1,2025-10-06,NEWARK,"6416 MAYHEWS LANDING RD, NEWARK",Alameda cash buyer list; Flipper (resold a property),Alameda County Clerk-Recorder deeds + Assessor parcel roll
MADE REAL ESTATE GROUP LLC,,,,,,,Pending county update,Investor,1,0,1,2025-10-03,,Doc 2025123767,Alameda cash buyer list; Flipper (resold a property),Alameda County Clerk-Recorder deeds + Assessor parcel roll
JANPATH HOMES INC,,,,,,,Not on county roll (resold),Investor,1,0,1,2025-10-02,NEWARK,"35926 NEWARK BLVD, NEWARK",Alameda cash buyer list; Flipper (resold a property),Alameda County Clerk-Recorder deeds + Assessor parcel roll
STANTON HOUSE LLC,,,,,,,Pending county update,Investor,1,0,0,2025-10-01,,Doc 2025122738,Alameda cash buyer list,Alameda County Clerk-Recorder deeds + Assessor parcel roll
OPENDOOR PROPERTY TRUST I,,,1295 W WASHINGTON ST 115,TEMPE,AZ,85288,Verified,Institutional / builder,6,0,4,2026-09-14,FREMONT; NEWARK; PLEASANTON,"3005 CALLE DE LA MESA, PLEASANTON | Doc 2026094216 | Doc 2026091760",Alameda cash buyer list; Repeat buyer; Flipper (resold a property); Institutional / builder,Alameda County Clerk-Recorder deeds + Assessor parcel roll
TRI POINTE HOMES HOLDINGS INC,,,2700 CAMINO RAMON 130,SAN RAMON,CA,94583,Verified,Institutional / builder,5,0,0,2026-09-03,PLEASANTON,"Doc 2026113591 | Doc 2026091399 | 2025 SANTA RITA RD, PLEASANTON",Alameda cash buyer list; Repeat buyer; Institutional / builder,Alameda County Clerk-Recorder deeds + Assessor parcel roll
TAYLOR MORRISON CALIFORNIA LLC,,,2603 CAMINO RAMON 400,SAN RAMON,CA,94583,Verified,Institutional / builder,5,0,66,2026-08-07,DUBLIN,"Doc 2026102471 | 4009 DOYLE RD, DUBLIN | Doc 2026037260",Alameda cash buyer list; Repeat buyer; Flipper (resold a property); Institutional / builder,Alameda County Clerk-Recorder deeds + Assessor parcel roll
OPENDOOR PROPERTY TRUST,,,,,,,Pending county update,Institutional / builder,3,0,3,2026-07-16,,Doc 2026092612 | Doc 2026078818 | Doc 2026072180,Alameda cash buyer list; Repeat buyer; Flipper (resold a property); Institutional / builder,Alameda County Clerk-Recorder deeds + Assessor parcel roll
PULTE HOME CO LLC,,,4511 WILLOW RD 8,PLEASANTON,CA,94588,Verified,Institutional / builder,2,0,4,2026-07-14,FREMONT,"Doc 2026091337 | 38453 MISSION BLVD, FREMONT",Alameda cash buyer list; Repeat buyer; Flipper (resold a property); Institutional / builder,Alameda County Clerk-Recorder deeds + Assessor parcel roll
OPENDOOR PROPERTY J LLC,,,1295 W WASHINGTON ST 115,TEMPE,AZ,85288,Verified,Institutional / builder,2,0,2,2026-05-29,FREMONT,"4467 MAYBECK TER, FREMONT | 4244 PROVIDENCE TER, FREMONT",Alameda cash buyer list; Repeat buyer; Flipper (resold a property); Institutional / builder,Alameda County Clerk-Recorder deeds + Assessor parcel roll
ORCHARD GROUP LIVERMORE LLC,,,4807 HOPYARD RD,PLEASANTON,CA,94588,Verified,Institutional / builder,1,0,0,2026-03-03,LIVERMORE,"998 MURRIETA BLVD, LIVERMORE",Alameda cash buyer list; Institutional / builder,Alameda County Clerk-Recorder deeds + Assessor parcel roll
